raw_line,urls_found,domains_found,url_length,num_dots,num_digits,has_https,has_ip
PK,,,3,0,0,0,0
"@attribute having_IP_Address  { 1,0 }",,,3,0,0,0,0
"@attribute URL_Length   { 1,0,-1 }",,,3,0,0,0,0
"@attribute Shortining_Service { 0,1 }",,,3,0,0,0,0
"@attribute having_At_Symbol   { 0,1 }",,,3,0,0,0,0
"@attribute double_slash_redirecting { 1,0 }",,,3,0,0,0,0
"@attribute Prefix_Suffix  { -1,0,1 }",,,3,0,0,0,0
"@attribute having_Sub_Domain  { -1,0,1 }",,,3,0,0,0,0
"@attribute SSLfinal_State  { -1,1,0 }",,,3,0,0,0,0
"@attribute Domain_registeration_length { 0,1,-1 }",,,3,0,0,0,0
"@attribute Favicon { 0,1 }",,,3,0,0,0,0
"@attribute port { 0,1 }",,,3,0,0,0,0
"@attribute HTTPS_token { 1,0 }",,,3,0,0,0,0
"@attribute Request_URL  { 1,-1 }",,,3,0,0,0,0
"@attribute URL_of_Anchor { -1,0,1 }",,,3,0,0,0,0
"@attribute Links_in_tags { 1,-1,0 }",,,3,0,0,0,0
"@attribute SFH  { -1,1 }",,,3,0,0,0,0
"@attribute Submitting_to_email { 1,0 }",,,3,0,0,0,0
"@attribute Abnormal_URL { 1,0 }",,,3,0,0,0,0
"@attribute Redirect  { 0,1 }",,,3,0,0,0,0
"@attribute on_mouseover  { 0,1 }",,,3,0,0,0,0
"@attribute RightClick  { 0,1 }",,,3,0,0,0,0
"@attribute popUpWidnow  { 0,1 }",,,3,0,0,0,0
"@attribute Iframe { 0,1 }",,,3,0,0,0,0
"@attribute age_of_domain  { -1,0,1 }",,,3,0,0,0,0
"@attribute DNSRecord   { 1,0 }",,,3,0,0,0,0
"@attribute web_traffic  { -1,0,1 }",,,3,0,0,0,0
"@attribute Page_Rank { -1,0,1 }",,,3,0,0,0,0
"@attribute Google_Index { 0,1 }",,,3,0,0,0,0
"@attribute Links_pointing_to_page { 1,0,-1 }",,,3,0,0,0,0
"@attribute Statistical_report { 1,0 }",,,3,0,0,0,0
"@attribute Result  { 1,-1 }",,,3,0,0,0,0
@data,,,3,0,0,0,0
"1,1,0,0,1,-1,-1,-1,0,0,0,1,1,-1,1,-1,1,1,0,0,0,0,0,-1,1,-1,-1,0,1,1,1",,,3,0,0,0,0
"0,1,0,0,0,-1,0,1,0,0,0,1,1,0,-1,-1,0,0,0,0,0,0,0,-1,1,0,-1,0,1,0,1",,,3,0,0,0,0
"0,0,0,0,0,-1,-1,-1,0,0,0,1,1,0,-1,-1,1,1,0,0,0,0,0,0,1,1,-1,0,0,1,1",,,3,0,0,0,0
"0,0,0,0,0,-1,-1,-1,1,0,0,1,-1,0,0,-1,0,0,0,0,0,0,0,-1,1,1,-1,0,-1,0,1",,,3,0,0,0,0
"0,0,1,0,0,-1,1,1,0,0,0,0,1,0,0,-1,0,0,0,1,0,1,0,-1,1,0,-1,0,1,0,-1",,,3,0,0,0,0
"1,0,1,0,1,0,1,1,0,0,0,1,1,0,0,-1,1,1,0,0,0,0,0,0,0,1,0,0,-1,1,-1",,,3,0,0,0,0
"0,-1,0,0,0,-1,-1,1,-1,1,0,1,1,0,-1,-1,1,1,0,1,0,1,1,1,1,1,1,0,0,1,-1",,,3,0,0,0,0
"0,-1,0,0,0,1,1,1,-1,0,0,0,1,1,1,1,1,1,0,0,0,0,0,1,0,-1,-1,0,-1,1,-1",,,3,0,0,0,0
"0,0,0,0,0,0,-1,1,-1,0,0,0,1,0,1,-1,1,1,0,0,0,0,0,1,0,1,0,0,0,1,-1",,,3,0,0,0,0
"0,0,0,0,0,0,0,0,1,0,0,0,-1,-1,-1,-1,1,1,0,0,0,0,0,0,1,1,-1,0,1,1,1",,,3,0,0,0,0
"0,0,0,0,0,-1,-1,-1,-1,0,0,1,1,-1,0,-1,0,0,0,0,0,0,0,-1,1,-1,-1,0,1,0,1",,,3,0,0,0,0
"0,0,0,0,0,0,-1,1,0,1,0,1,-1,-1,0,-1,0,0,0,1,0,1,1,-1,1,0,-1,0,0,0,1",,,3,0,0,0,0
"0,0,0,0,0,0,-1,-1,1,1,0,0,-1,-1,0,-1,0,0,0,1,0,1,0,-1,1,0,0,0,0,0,1",,,3,0,0,0,0
"0,1,0,0,0,1,-1,1,-1,0,0,0,1,1,-1,1,1,1,0,0,0,0,0,1,1,1,-1,1,1,1,-1",,,3,0,0,0,0
"0,-1,0,0,0,0,0,-1,0,0,0,1,-1,1,0,-1,0,0,0,0,0,0,0,-1,1,1,0,0,0,0,-1",,,3,0,0,0,0
"0,-1,0,0,0,1,1,1,-1,0,0,1,1,1,0,-1,0,0,0,0,0,0,0,0,1,1,-1,0,0,0,-1",,,3,0,0,0,0
"1,-1,1,0,1,0,1,1,0,0,0,1,1,0,-1,-1,0,0,1,0,0,0,0,1,1,1,0,1,-1,0,-1",,,3,0,0,0,0
"0,-1,0,0,0,-1,-1,-1,1,1,1,0,-1,-1,-1,-1,1,1,0,1,0,1,0,-1,1,1,-1,0,-1,1,1",,,3,0,0,0,0
"0,-1,0,0,0,-1,0,0,1,1,0,1,-1,-1,0,-1,1,1,0,1,0,1,0,1,1,-1,-1,0,0,1,1",,,3,0,0,0,0
"0,-1,0,1,0,-1,0,-1,0,0,0,0,1,-1,1,-1,1,1,0,0,0,0,0,-1,0,1,-1,0,1,1,1",,,3,0,0,0,0
"0,1,0,0,0,0,0,1,-1,1,0,0,1,0,-1,1,0,0,0,1,0,1,0,-1,0,1,0,0,0,0,-1",,,3,0,0,0,0
"1,1,1,0,1,1,-1,1,-1,0,0,1,1,0,0,1,1,1,0,0,0,0,0,1,0,1,-1,0,1,1,-1",,,3,0,0,0,0
"0,-1,0,0,0,-1,-1,-1,0,0,0,1,-1,0,-1,-1,0,0,0,0,0,0,0,-1,1,1,-1,0,0,0,1",,,3,0,0,0,0
"0,-1,0,0,0,-1,-1,1,0,0,0,0,1,-1,-1,-1,0,0,0,0,0,0,0,-1,1,0,-1,0,0,0,1",,,3,0,0,0,0
"0,-1,0,0,0,0,1,1,-1,0,0,0,1,0,1,-1,1,1,0,0,0,0,0,1,0,1,-1,1,-1,1,-1",,,3,0,0,0,0
"0,-1,0,0,0,-1,1,1,0,0,0,1,1,0,-1,-1,0,0,0,0,0,0,0,0,0,0,-1,0,0,0,1",,,3,0,0,0,0
"0,1,0,0,0,-1,1,1,0,1,0,0,1,0,0,1,0,0,0,1,0,1,1,1,1,0,-1,1,0,0,-1",,,3,0,0,0,0
"1,-1,1,0,1,1,-1,1,-1,0,0,1,1,1,1,-1,1,1,0,0,0,0,0,1,1,1,-1,1,0,1,-1",,,3,0,0,0,0
"0,-1,0,0,0,-1,1,-1,1,0,0,0,-1,0,0,-1,0,0,0,0,0,0,0,-1,0,1,-1,0,0,0,1",,,3,0,0,0,0
"0,-1,0,0,0,-1,0,-1,1,1,1,1,-1,-1,0,-1,1,1,0,1,0,1,0,-1,1,0,-1,0,0,1,1",,,3,0,0,0,0
"0,-1,0,0,0,0,0,0,0,1,1,0,-1,-1,0,-1,1,1,0,1,0,1,0,1,1,0,0,0,0,1,1",,,3,0,0,0,0
"1,-1,1,0,1,1,1,1,1,0,0,1,1,0,0,-1,0,0,0,0,0,0,0,1,0,1,-1,0,1,0,-1",,,3,0,0,0,0
"0,-1,0,0,0,0,1,1,-1,1,1,0,1,0,1,-1,1,1,0,1,0,1,0,1,0,1,1,0,0,1,-1",,,3,0,0,0,0
"0,-1,0,0,0,-1,-1,-1,0,1,1,1,1,0,0,-1,1,1,0,1,0,1,0,-1,1,0,-1,0,0,1,1",,,3,0,0,0,0
"1,-1,1,0,1,0,0,0,0,1,1,1,-1,-1,1,-1,1,1,0,1,0,1,0,1,1,0,0,0,-1,1,1",,,3,0,0,0,0
"0,-1,0,0,0,-1,1,-1,1,0,0,0,1,0,-1,-1,0,0,0,0,0,0,0,-1,1,0,-1,0,1,0,1",,,3,0,0,0,0
"0,-1,0,0,0,-1,1,-1,0,0,0,1,-1,0,-1,-1,0,0,0,0,0,0,0,1,1,0,-1,0,0,0,1",,,3,0,0,0,0
"0,1,0,0,0,1,0,1,0,0,0,0,1,0,0,1,1,1,0,0,0,0,0,-1,0,0,-1,0,0,1,-1",,,3,0,0,0,0
"0,-1,0,0,0,-1,-1,1,0,1,0,0,-1,0,-1,-1,0,0,0,1,0,1,1,-1,1,1,-1,0,-1,0,1",,,3,0,0,0,0
"0,1,0,0,1,1,1,1,-1,1,0,0,1,1,1,1,0,0,1,1,0,1,0,1,1,1,-1,0,0,0,-1",,,3,0,0,0,0
"0,-1,0,0,0,0,0,1,1,0,0,0,-1,1,0,-1,1,1,0,0,0,0,0,-1,0,1,-1,0,0,1,-1",,,3,0,0,0,0
"0,1,0,0,1,0,-1,-1,-1,1,1,0,1,-1,-1,1,1,1,1,1,0,1,0,-1,1,1,0,0,-1,1,1",,,3,0,0,0,0
"0,-1,0,0,1,-1,0,-1,1,0,0,0,-1,0,0,-1,0,0,0,0,0,0,0,1,1,1,-1,0,0,0,1",,,3,0,0,0,0
"0,-1,0,0,0,1,-1,1,0,0,0,1,-1,1,-1,-1,1,1,0,0,0,0,0,1,0,0,-1,0,0,1,-1",,,3,0,0,0,0
"0,-1,0,0,1,0,-1,-1,1,0,0,0,-1,-1,-1,-1,0,0,0,0,0,0,0,-1,1,-1,0,0,-1,0,1",,,3,0,0,0,0
"0,-1,0,0,0,-1,1,1,0,0,0,0,1,1,0,-1,1,1,0,0,0,0,0,1,0,1,1,0,0,1,-1",,,3,0,0,0,0
"1,-1,1,0,1,0,1,1,0,0,0,1,1,0,-1,-1,1,1,0,0,0,0,0,0,0,1,1,0,-1,1,-1",,,3,0,0,0,0
"0,-1,0,0,0,0,-1,-1,0,0,0,0,1,0,-1,-1,1,1,0,0,0,0,0,-1,0,-1,0,0,0,1,1",,,3,0,0,0,0
"0,-1,0,0,1,1,-1,1,-1,0,0,0,1,1,0,-1,0,0,0,0,0,0,0,1,0,1,-1,0,0,0,-1",,,3,0,0,0,0
"0,-1,0,0,1,-1,0,0,0,0,0,1,-1,-1,1,-1,0,0,0,0,0,0,0,1,0,-1,-1,0,0,0,1",,,3,0,0,0,0
"0,-1,0,0,1,-1,1,-1,1,0,0,1,-1,0,-1,-1,0,0,1,0,0,0,0,-1,1,1,-1,0,1,0,1",,,3,0,0,0,0
"0,-1,0,0,1,1,0,1,1,1,1,1,-1,0,1,-1,1,1,1,1,0,1,0,-1,0,1,1,0,0,1,-1",,,3,0,0,0,0
"0,-1,0,0,1,1,1,1,0,1,1,0,1,1,-1,-1,1,1,1,1,0,1,0,1,1,1,1,0,1,1,-1",,,3,0,0,0,0
"0,-1,0,0,0,-1,-1,-1,0,0,0,0,1,-1,0,-1,0,0,0,0,0,0,0,-1,1,-1,-1,0,-1,0,1",,,3,0,0,0,0
"1,-1,1,0,1,0,-1,1,-1,0,0,1,1,1,0,-1,1,1,1,0,0,0,0,-1,1,1,-1,0,-1,1,-1",,,3,0,0,0,0
"0,-1,0,0,1,0,0,-1,1,0,0,0,-1,-1,0,-1,0,0,0,0,0,0,0,-1,1,-1,-1,0,0,0,1",,,3,0,0,0,0
"0,1,0,0,0,0,0,1,-1,0,0,0,1,0,1,1,0,0,0,0,0,0,0,-1,1,1,1,0,-1,0,-1",,,3,0,0,0,0
"0,-1,0,0,0,1,-1,1,-1,0,0,0,1,0,0,-1,0,0,0,0,0,0,0,-1,1,1,-1,0,-1,0,-1",,,3,0,0,0,0
"0,1,0,1,0,0,1,1,-1,0,0,1,1,0,1,1,0,0,0,0,0,0,0,1,1,1,0,0,-1,0,-1",,,3,0,0,0,0
"0,1,0,0,0,0,1,1,-1,1,0,1,1,0,0,1,0,0,0,1,0,1,0,1,0,1,-1,0,-1,0,-1",,,3,0,0,0,0
"1,-1,1,0,0,-1,0,0,0,0,0,1,-1,-1,1,-1,1,1,0,0,0,0,0,0,1,-1,-1,0,0,1,1",,,3,0,0,0,0
"0,-1,0,0,1,-1,1,-1,-1,1,1,1,1,0,-1,-1,1,1,0,1,0,1,0,1,1,0,-1,0,-1,1,1",,,3,0,0,0,0
"0,1,0,0,1,0,-1,1,0,1,0,1,1,0,1,1,0,0,0,1,0,1,0,1,0,1,-1,0,0,0,-1",,,3,0,0,0,0
"0,-1,0,0,0,1,1,1,0,0,0,0,1,1,1,-1,0,0,0,0,0,0,0,1,0,1,-1,0,0,0,-1",,,3,0,0,0,0
"1,1,1,0,1,0,0,0,-1,0,0,1,1,-1,0,1,0,0,0,0,0,0,0,1,1,1,-1,0,-1,0,1",,,3,0,0,0,0
"0,-1,0,0,0,-1,1,-1,-1,0,0,1,1,0,1,-1,0,0,0,0,0,0,0,1,0,0,-1,0,-1,0,1",,,3,0,0,0,0
"1,-1,1,0,1,1,1,1,1,0,0,1,-1,1,0,-1,1,1,0,0,0,0,0,1,0,1,1,0,1,1,-1",,,3,0,0,0,0
"0,-1,0,0,0,0,1,1,0,0,0,1,-1,1,0,-1,1,1,0,0,0,0,0,1,0,-1,-1,0,0,1,-1",,,3,0,0,0,0
"0,-1,0,0,0,0,-1,-1,0,0,0,0,1,-1,0,-1,0,0,0,0,0,0,0,-1,0,-1,-1,0,0,0,1",,,3,0,0,0,0
"0,-1,0,0,0,0,1,1,-1,0,0,0,1,0,1,-1,0,0,0,0,0,0,0,1,0,-1,1,0,-1,0,-1",,,3,0,0,0,0
"0,-1,0,0,0,-1,-1,-1,1,0,0,0,-1,-1,0,-1,0,0,0,0,0,0,0,-1,0,-1,-1,0,1,0,1",,,3,0,0,0,0
"0,-1,0,0,0,-1,1,1,-1,0,0,0,1,0,1,-1,0,0,0,0,0,0,0,0,1,0,-1,0,-1,0,1",,,3,0,0,0,0
"0,1,0,0,0,0,-1,-1,-1,0,0,1,1,-1,-1,1,0,0,0,0,0,0,0,-1,1,-1,0,0,-1,0,1",,,3,0,0,0,0
"1,-1,1,0,1,-1,-1,-1,0,1,0,1,-1,-1,1,-1,1,1,1,1,0,1,0,-1,1,0,-1,0,0,1,1",,,3,0,0,0,0
"0,-1,0,0,0,0,1,1,0,0,0,1,1,0,1,-1,0,0,0,0,0,0,0,0,0,1,-1,0,0,0,-1",,,3,0,0,0,0
"0,-1,0,0,0,-1,-1,-1,0,0,0,1,1,0,-1,-1,0,0,0,0,0,0,0,-1,1,0,-1,0,0,0,1",,,3,0,0,0,0
"0,-1,0,0,0,0,-1,-1,1,0,0,1,-1,-1,-1,-1,0,0,0,0,0,0,0,1,1,-1,-1,0,1,0,1",,,3,0,0,0,0
"0,-1,0,0,0,0,0,1,1,0,0,0,-1,0,-1,-1,0,0,0,0,0,0,0,-1,1,1,1,0,1,0,-1",,,3,0,0,0,0
"0,-1,0,0,0,0,-1,-1,1,0,0,0,-1,-1,0,-1,0,0,0,0,0,0,0,-1,1,-1,0,0,1,0,1",,,3,0,0,0,0
"0,-1,0,0,0,0,-1,1,-1,0,0,0,1,0,1,-1,1,0,0,0,0,0,0,1,0,1,0,0,-1,0,-1",,,3,0,0,0,0
"0,-1,0,0,0,0,-1,-1,0,0,0,0,-1,0,0,-1,0,0,0,0,0,0,0,-1,0,0,0,1,0,0,1",,,3,0,0,0,0
"0,-1,0,0,0,0,-1,-1,-1,0,0,0,1,0,-1,-1,1,0,0,0,0,0,0,0,1,1,-1,0,-1,0,1",,,3,0,0,0,0
"0,-1,0,0,0,-1,1,-1,0,0,0,0,-1,-1,0,-1,1,0,0,0,0,0,0,-1,0,-1,-1,0,0,0,1",,,3,0,0,0,0
"0,-1,0,0,0,-1,0,1,-1,0,0,0,1,0,1,-1,1,0,0,0,0,0,0,-1,0,1,-1,0,-1,0,-1",,,3,0,0,0,0
"0,-1,0,0,0,-1,-1,-1,1,0,0,0,-1,1,-1,-1,0,0,0,0,0,0,0,-1,0,-1,-1,0,1,0,1",,,3,0,0,0,0
"0,-1,0,0,0,0,1,1,0,0,0,1,-1,1,1,-1,0,0,0,0,0,0,0,1,1,1,-1,0,0,0,-1",,,3,0,0,0,0
"0,-1,0,0,0,-1,-1,-1,1,0,0,0,-1,0,0,-1,0,0,0,0,0,0,0,0,1,1,-1,0,1,0,1",,,3,0,0,0,0
"0,-1,0,0,0,0,1,1,0,0,0,0,1,0,-1,-1,0,0,0,0,0,0,0,-1,0,0,-1,0,0,0,1",,,3,0,0,0,0
"0,-1,0,0,0,1,-1,1,-1,0,0,0,1,1,1,-1,0,0,0,0,0,0,0,1,0,1,-1,0,-1,0,-1",,,3,0,0,0,0
"0,1,0,0,0,-1,-1,1,-1,1,0,0,1,0,1,1,0,1,0,1,0,1,0,-1,1,0,-1,0,-1,1,1",,,3,0,0,0,0
"0,-1,0,0,0,-1,0,1,-1,1,0,0,1,0,0,-1,1,1,0,1,0,1,0,-1,0,0,-1,0,-1,1,-1",,,3,0,0,0,0
"1,1,1,0,1,-1,1,-1,0,0,0,1,1,-1,1,1,0,1,1,1,0,1,0,1,0,1,-1,0,0,1,1",,,3,0,0,0,0
"0,-1,0,0,0,-1,0,0,1,0,0,0,-1,-1,-1,-1,0,0,0,0,0,0,0,0,0,1,-1,0,1,0,1",,,3,0,0,0,0
"0,-1,0,0,0,1,1,1,0,0,0,0,-1,0,-1,-1,1,0,0,0,0,0,0,0,0,0,-1,0,0,0,-1",,,3,0,0,0,0
"0,-1,0,0,0,-1,1,1,0,1,1,0,1,1,-1,-1,1,0,0,1,0,1,0,1,0,1,1,0,0,0,-1",,,3,0,0,0,0
"0,-1,0,0,0,0,-1,-1,1,0,0,1,-1,0,-1,-1,0,0,0,0,0,0,0,-1,0,0,-1,0,1,0,-1",,,3,0,0,0,0
"0,-1,0,0,0,1,0,1,0,0,0,0,1,1,0,-1,0,0,0,0,0,0,0,-1,0,1,1,0,0,0,-1",,,3,0,0,0,0
"0,1,0,0,0,1,0,-1,-1,0,0,0,1,0,0,1,0,0,0,0,0,0,0,0,0,1,-1,0,-1,0,-1",,,3,0,0,0,0
"0,-1,0,0,0,0,-1,1,0,0,0,0,-1,0,-1,-1,1,0,0,0,0,0,0,1,0,-1,0,0,0,0,-1",,,3,0,0,0,0
"0,-1,0,0,0,-1,-1,-1,1,1,0,0,-1,-1,1,-1,0,0,0,1,0,1,0,-1,1,-1,-1,0,1,0,1",,,3,0,0,0,0
"0,1,0,0,0,0,0,1,-1,1,1,0,1,0,-1,1,1,0,0,1,0,1,1,-1,1,1,-1,0,-1,0,-1",,,3,0,0,0,0
"0,-1,0,0,0,-1,0,1,0,0,0,0,1,0,1,-1,0,0,0,0,0,0,0,-1,0,1,-1,0,0,0,-1",,,3,0,0,0,0
"0,1,0,0,0,0,1,1,-1,1,0,0,1,0,0,1,0,0,0,1,0,1,0,1,1,1,0,0,-1,0,-1",,,3,0,0,0,0
"0,-1,0,0,0,1,0,-1,1,0,0,0,-1,0,-1,-1,0,0,0,0,0,0,0,0,0,-1,-1,0,1,0,-1",,,3,0,0,0,0
"0,-1,0,0,1,0,-1,1,0,0,0,0,-1,0,-1,-1,0,0,1,0,0,0,0,-1,1,1,-1,0,0,0,1",,,3,0,0,0,0
"0,-1,0,0,1,-1,-1,0,1,0,0,0,-1,0,-1,-1,0,0,1,0,0,0,0,-1,1,0,-1,0,1,0,1",,,3,0,0,0,0
"0,-1,0,0,0,0,-1,1,1,0,0,1,-1,1,1,-1,0,0,0,0,0,0,0,1,0,1,0,0,1,0,-1",,,3,0,0,0,0
"0,-1,0,0,1,-1,1,-1,0,0,0,0,1,0,0,-1,1,0,1,0,0,0,0,-1,1,0,-1,0,0,0,1",,,3,0,0,0,0
"1,-1,1,0,0,0,-1,1,1,0,0,1,-1,0,-1,-1,1,0,0,0,0,0,0,1,1,1,0,0,1,0,-1",,,3,0,0,0,0
"0,-1,0,0,0,0,0,-1,1,0,0,0,-1,-1,-1,-1,0,0,0,0,0,0,0,-1,1,-1,0,0,1,0,1",,,3,0,0,0,0
"0,-1,0,0,1,-1,1,1,-1,0,0,0,1,1,0,-1,0,0,1,0,0,0,0,1,0,1,1,0,-1,0,-1",,,3,0,0,0,0
"0,-1,0,0,0,-1,-1,-1,0,0,0,0,1,0,-1,-1,0,0,0,0,0,0,0,-1,1,1,-1,0,0,0,1",,,3,0,0,0,0
"1,-1,1,0,0,1,1,1,-1,0,0,1,1,0,-1,-1,0,0,0,0,0,0,0,1,1,1,-1,0,-1,0,-1",,,3,0,0,0,0
"0,-1,0,0,0,-1,0,0,1,0,0,0,-1,-1,-1,-1,1,0,0,0,0,0,0,1,1,-1,-1,0,1,0,1",,,3,0,0,0,0
"0,-1,0,0,1,-1,-1,1,0,0,0,1,-1,0,-1,-1,0,0,1,0,0,0,0,-1,1,1,-1,0,0,0,1",,,3,0,0,0,0
"0,-1,0,0,0,-1,-1,1,-1,0,0,0,1,0,0,-1,0,0,0,0,0,0,0,-1,1,0,-1,0,-1,0,1",,,3,0,0,0,0
"0,1,0,1,0,-1,0,0,-1,0,0,0,1,-1,0,1,0,0,0,0,0,0,0,0,1,-1,-1,0,-1,0,1",,,3,0,0,0,0
"0,-1,0,0,0,-1,1,-1,-1,1,0,0,1,0,0,-1,0,0,0,1,0,1,0,1,1,0,-1,0,-1,0,1",,,3,0,0,0,0
"0,-1,0,0,0,0,1,-1,1,0,0,0,-1,0,-1,-1,0,0,0,0,0,0,0,1,1,0,-1,0,1,0,1",,,3,0,0,0,0
"0,1,0,0,0,-1,-1,-1,1,0,0,0,-1,-1,0,1,0,0,0,0,0,0,0,-1,1,0,-1,0,1,0,1",,,3,0,0,0,0
"0,-1,0,0,0,-1,-1,1,1,0,0,0,1,0,-1,-1,1,0,0,0,0,0,0,-1,1,0,-1,0,1,0,1",,,3,0,0,0,0
"0,-1,0,0,0,0,-1,-1,-1,0,0,0,1,-1,0,-1,1,0,0,0,0,0,0,-1,1,1,0,0,-1,0,1",,,3,0,0,0,0
"0,-1,0,0,0,0,0,1,1,0,0,0,-1,0,1,-1,1,0,0,0,0,0,0,-1,1,-1,-1,0,1,0,-1",,,3,0,0,0,0
"0,-1,0,0,0,-1,-1,1,-1,0,0,0,1,0,0,-1,1,0,0,0,0,0,0,1,1,1,-1,0,-1,0,-1",,,3,0,0,0,0
"0,1,0,0,0,-1,1,1,0,0,0,0,1,0,-1,1,1,0,0,0,0,0,0,1,1,0,-1,0,0,0,-1",,,3,0,0,0,0
"1,1,1,0,1,-1,-1,1,-1,0,0,1,1,1,-1,1,0,0,1,0,0,0,0,1,1,1,1,0,-1,0,-1",,,3,0,0,0,0
"0,-1,0,0,0,-1,1,1,0,0,0,0,1,0,-1,-1,0,0,0,0,0,0,0,1,1,1,-1,0,0,0,-1",,,3,0,0,0,0
"0,-1,0,0,0,0,-1,1,-1,1,0,1,1,1,-1,-1,0,0,0,1,0,1,0,1,1,1,-1,0,-1,0,-1",,,3,0,0,0,0
"0,-1,0,0,0,-1,-1,1,-1,0,0,0,1,-1,0,-1,0,0,0,0,0,0,0,1,0,1,-1,0,-1,0,-1",,,3,0,0,0,0
"0,-1,0,1,0,0,-1,-1,1,0,0,0,-1,-1,0,-1,0,0,0,0,0,0,0,1,1,-1,0,0,1,0,1",,,3,0,0,0,0
"0,-1,0,0,0,-1,1,1,-1,0,0,0,1,0,0,-1,0,0,0,0,0,0,0,0,0,0,-1,0,-1,0,-1",,,3,0,0,0,0
"1,-1,1,0,1,-1,-1,-1,-1,1,0,1,1,-1,1,-1,0,0,1,1,0,1,0,-1,1,1,-1,0,-1,0,1",,,3,0,0,0,0
"0,-1,0,0,0,-1,0,0,-1,0,0,0,1,-1,0,-1,0,0,0,0,0,0,0,0,1,-1,-1,0,-1,0,1",,,3,0,0,0,0
"0,-1,0,0,0,0,0,1,1,1,0,0,-1,0,-1,-1,1,0,0,1,0,1,0,-1,1,1,0,0,1,0,-1",,,3,0,0,0,0
"0,-1,0,0,0,-1,0,1,-1,0,0,0,1,0,-1,-1,0,0,0,0,0,0,0,-1,1,1,-1,0,-1,0,-1",,,3,0,0,0,0
"0,-1,0,0,0,0,1,1,0,1,0,0,1,0,-1,-1,0,0,0,1,0,1,0,1,1,1,1,0,0,0,-1",,,3,0,0,0,0
"0,-1,0,0,0,-1,1,1,-1,0,0,1,1,0,1,-1,0,0,0,0,0,0,0,1,0,0,-1,0,-1,0,-1",,,3,0,0,0,0
"1,-1,1,0,1,0,0,0,0,0,0,1,-1,-1,1,-1,0,0,1,1,0,1,0,1,1,-1,-1,0,0,0,1",,,3,0,0,0,0
"0,1,0,0,0,1,-1,1,-1,0,0,1,1,0,0,1,0,0,0,0,0,0,0,-1,0,1,1,0,-1,0,-1",,,3,0,0,0,0
"0,-1,0,0,0,-1,0,0,1,1,0,1,-1,-1,0,-1,0,0,0,1,0,1,0,0,0,-1,-1,0,1,0,1",,,3,0,0,0,0
"0,1,0,0,0,1,-1,1,-1,0,0,0,1,1,-1,1,0,0,0,0,0,0,0,-1,1,1,1,0,-1,0,-1",,,3,0,0,0,0
"1,-1,1,0,1,0,-1,1,1,0,0,1,-1,0,1,-1,0,0,1,0,0,0,0,1,1,1,-1,0,1,0,-1",,,3,0,0,0,0
"0,-1,0,0,0,0,1,1,0,0,0,0,1,1,0,-1,0,0,0,0,0,0,0,1,0,1,-1,0,0,0,-1",,,3,0,0,0,0
"0,-1,0,0,0,-1,-1,1,1,0,0,0,-1,-1,-1,-1,0,0,0,0,0,0,0,-1,0,0,-1,1,1,0,1",,,3,0,0,0,0
"0,-1,0,0,0,1,0,1,0,0,0,0,1,0,0,-1,0,0,0,0,0,0,0,0,0,1,1,0,0,0,-1",,,3,0,0,0,0
"1,-1,1,0,1,-1,0,0,0,1,0,1,1,-1,1,-1,0,1,0,1,0,1,0,0,1,1,-1,0,0,1,1",,,3,0,0,0,0
"0,-1,0,0,0,0,1,1,0,0,0,0,1,1,-1,-1,0,0,0,0,0,0,0,1,0,0,1,0,0,0,-1",,,3,0,0,0,0
"0,-1,0,0,0,-1,-1,1,1,0,0,0,-1,0,-1,-1,0,0,0,0,0,0,0,1,1,1,-1,0,1,0,-1",,,3,0,0,0,0
"1,-1,1,0,1,1,-1,1,0,0,0,1,-1,0,0,-1,0,1,0,0,0,0,0,1,1,1,-1,0,0,1,-1",,,3,0,0,0,0
"0,-1,0,0,0,-1,0,1,1,0,0,1,-1,0,-1,-1,0,1,0,0,0,0,0,-1,0,0,-1,0,1,1,1",,,3,0,0,0,0
"0,-1,0,0,0,1,-1,1,-1,1,0,1,1,1,1,-1,0,1,0,1,0,1,0,1,1,1,-1,0,-1,1,-1",,,3,0,0,0,0
"0,-1,0,0,0,-1,-1,-1,1,0,0,0,-1,0,1,-1,0,0,0,0,0,0,0,0,0,1,-1,0,1,0,1",,,3,0,0,0,0
"0,-1,0,0,0,-1,0,-1,1,0,0,0,1,0,-1,-1,0,0,0,0,0,0,0,-1,0,1,-1,0,1,0,1",,,3,0,0,0,0
"0,-1,0,0,0,0,-1,1,0,0,0,0,1,0,0,-1,0,0,0,0,0,0,0,1,0,1,1,0,0,0,-1",,,3,0,0,0,0
"0,-1,0,0,0,-1,0,1,0,0,0,0,-1,1,-1,-1,0,0,0,0,0,0,0,-1,0,0,1,0,0,0,-1",,,3,0,0,0,0
"0,-1,0,0,0,1,-1,1,1,0,0,0,-1,0,-1,-1,0,0,0,0,0,0,0,1,1,-1,-1,0,1,0,-1",,,3,0,0,0,0
"1,-1,1,0,1,0,1,1,-1,0,0,1,1,0,0,-1,0,1,0,0,0,0,0,1,1,1,-1,0,-1,1,-1",,,3,0,0,0,0
"0,-1,0,0,0,-1,-1,1,0,0,0,0,1,0,-1,-1,0,0,0,0,0,0,0,-1,0,0,-1,0,0,0,1",,,3,0,0,0,0
"0,-1,0,0,0,0,1,1,1,0,0,0,-1,0,1,-1,0,0,0,0,0,0,0,1,0,1,0,0,1,0,-1",,,3,0,0,0,0
"0,-1,0,0,0,-1,-1,1,0,0,0,0,-1,0,0,-1,0,0,0,0,0,0,0,-1,0,0,-1,0,0,0,1",,,3,0,0,0,0
"0,-1,0,0,0,-1,0,1,-1,0,0,0,1,1,0,-1,0,0,0,0,0,0,0,0,0,1,-1,0,-1,0,-1",,,3,0,0,0,0
"0,-1,0,0,0,-1,1,1,1,0,0,0,1,0,0,-1,0,0,0,0,0,0,0,0,1,0,-1,1,1,0,1",,,3,0,0,0,0
"1,-1,1,0,1,-1,0,-1,1,1,0,1,-1,-1,1,-1,0,1,0,1,0,1,1,-1,1,1,-1,1,1,1,1",,,3,0,0,0,0
"0,-1,0,0,0,0,0,1,0,0,0,0,1,0,0,-1,0,0,0,0,0,0,0,0,1,1,0,0,1,0,-1",,,3,0,0,0,0
"0,-1,0,0,0,0,-1,1,-1,0,0,0,1,0,0,-1,0,0,0,0,0,0,0,-1,0,1,0,0,0,0,-1",,,3,0,0,0,0
"0,-1,0,0,0,0,0,0,-1,0,0,0,1,0,-1,-1,0,0,0,0,0,0,0,1,1,-1,0,0,1,0,1",,,3,0,0,0,0
"0,-1,0,0,0,1,1,1,-1,1,1,0,1,0,0,-1,1,0,0,1,0,1,0,1,1,1,-1,0,1,0,-1",,,3,0,0,0,0
"0,-1,0,0,0,0,0,0,-1,0,0,0,1,-1,1,-1,0,0,0,0,0,0,0,1,0,1,-1,0,0,0,1",,,3,0,0,0,0
"0,-1,0,0,0,0,-1,-1,0,0,0,0,-1,-1,0,-1,0,0,0,0,0,0,0,-1,1,0,-1,0,0,0,1",,,3,0,0,0,0
"1,-1,1,0,1,0,0,-1,0,0,0,1,1,0,0,-1,0,1,0,0,0,0,0,0,1,1,0,0,1,1,-1",,,3,0,0,0,0
"0,1,0,0,0,0,0,1,-1,0,0,0,1,0,-1,1,0,0,0,0,0,0,0,-1,1,1,-1,0,1,0,-1",,,3,0,0,0,0
"0,-1,0,0,0,0,-1,-1,-1,0,0,0,1,-1,1,-1,0,0,0,0,0,0,0,-1,1,-1,-1,0,1,0,1",,,3,0,0,0,0
"0,-1,0,0,0,-1,0,0,-1,0,0,0,1,-1,0,-1,1,0,0,0,0,0,0,1,1,-1,-1,0,0,0,1",,,3,0,0,0,0
"0,-1,0,0,0,1,1,1,-1,0,0,0,1,0,0,-1,1,0,0,0,0,0,0,0,1,1,-1,0,0,0,-1",,,3,0,0,0,0
"0,-1,0,0,0,0,0,0,0,0,0,0,-1,-1,-1,-1,1,0,0,0,0,0,0,1,1,-1,0,0,0,0,1",,,3,0,0,0,0
"0,1,0,0,0,0,0,-1,-1,1,0,0,1,0,0,1,1,0,0,1,0,1,0,-1,1,1,-1,0,0,0,-1",,,3,0,0,0,0
"0,-1,0,0,0,1,0,1,1,0,0,0,-1,0,0,-1,0,0,0,0,0,0,0,-1,0,1,-1,0,0,0,-1",,,3,0,0,0,0
"0,-1,0,0,0,-1,-1,1,0,0,0,0,1,0,0,-1,0,0,0,0,0,0,0,-1,0,1,-1,0,0,0,-1",,,3,0,0,0,0
"0,-1,0,0,0,-1,-1,0,1,0,0,0,1,0,-1,-1,0,0,0,0,0,0,0,-1,0,1,-1,0,0,0,1",,,3,0,0,0,0
"1,1,1,0,1,-1,0,-1,0,1,0,1,1,-1,1,1,0,1,0,1,0,1,0,-1,1,1,-1,0,1,1,1",,,3,0,0,0,0
"0,-1,0,0,0,0,1,1,1,0,0,0,-1,0,0,-1,0,0,0,0,0,0,0,1,1,1,0,0,0,0,-1",,,3,0,0,0,0
"0,-1,0,0,0,0,1,1,-1,0,0,0,1,0,1,-1,0,0,0,0,0,0,0,0,1,1,-1,0,0,0,-1",,,3,0,0,0,0
"0,1,0,0,0,0,1,1,-1,0,0,1,1,0,0,1,0,1,0,0,0,0,0,0,0,1,-1,0,0,1,-1",,,3,0,0,0,0
"0,-1,0,0,0,-1,-1,-1,1,0,0,1,-1,-1,0,-1,0,1,0,0,0,0,0,-1,1,-1,-1,0,1,1,1",,,3,0,0,0,0
"0,-1,0,0,0,0,0,1,1,0,0,1,-1,0,0,-1,0,1,0,0,0,0,0,-1,0,1,-1,0,0,1,-1",,,3,0,0,0,0
"1,-1,1,0,1,-1,0,1,1,0,0,1,-1,1,-1,-1,0,1,0,0,0,0,0,-1,1,1,1,0,1,1,-1",,,3,0,0,0,0
"0,-1,0,0,0,-1,-1,-1,1,0,0,0,-1,0,0,-1,0,0,0,0,0,0,0,-1,0,1,-1,0,0,0,-1",,,3,0,0,0,0
"1,-1,1,0,1,1,1,1,1,0,0,1,-1,0,0,-1,0,0,1,0,0,0,0,1,1,1,-1,0,1,0,-1",,,3,0,0,0,0
"0,-1,0,1,0,0,0,0,0,0,0,1,-1,-1,0,-1,0,0,0,0,0,0,0,0,1,-1,-1,0,1,0,1",,,3,0,0,0,0
"0,-1,0,0,0,0,1,1,0,0,0,0,1,0,1,-1,0,0,0,0,0,0,0,0,0,1,1,0,0,0,-1",,,3,0,0,0,0
"0,-1,0,0,0,0,0,-1,1,1,0,0,-1,-1,0,-1,0,1,0,0,0,1,0,-1,1,0,-1,0,1,1,1",,,3,0,0,0,0
"0,-1,0,0,0,-1,1,1,0,0,0,0,1,0,0,-1,0,0,0,0,0,0,0,1,1,0,-1,0,0,0,1",,,3,0,0,0,0
"0,-1,0,0,0,0,1,1,1,0,0,0,1,1,-1,-1,0,0,0,0,0,0,0,0,1,-1,-1,0,1,0,-1",,,3,0,0,0,0
"0,-1,0,0,0,-1,-1,-1,-1,0,0,0,1,-1,-1,-1,0,0,0,0,0,0,0,-1,0,-1,-1,0,0,0,1",,,3,0,0,0,0
"0,-1,0,0,0,-1,0,-1,1,0,0,0,1,0,-1,-1,0,0,0,0,0,0,0,-1,0,0,-1,0,0,0,1",,,3,0,0,0,0
"0,1,0,0,0,-1,1,1,-1,0,0,0,1,0,1,1,0,0,0,0,0,1,0,1,1,0,-1,0,1,0,1",,,3,0,0,0,0
"1,1,1,0,1,-1,-1,1,-1,0,0,1,1,0,-1,1,0,0,1,0,0,0,0,-1,1,0,-1,0,1,0,1",,,3,0,0,0,0
"0,-1,0,0,0,-1,-1,-1,0,0,0,0,-1,0,-1,-1,0,0,0,0,0,0,0,-1,0,0,-1,1,0,0,1",,,3,0,0,0,0
"0,-1,0,0,0,0,-1,-1,1,0,0,0,-1,0,0,-1,0,0,0,0,0,0,0,-1,0,1,-1,0,0,0,1",,,3,0,0,0,0
"0,-1,0,0,0,0,-1,-1,0,0,0,1,-1,-1,0,-1,0,0,0,0,0,0,0,-1,0,-1,0,0,0,0,1",,,3,0,0,0,0
"1,-1,1,0,1,0,0,-1,-1,0,0,1,1,-1,1,-1,0,1,1,0,0,1,0,-1,1,-1,0,0,1,1,1",,,3,0,0,0,0
"0,-1,0,0,0,-1,-1,-1,1,0,0,0,-1,0,0,-1,0,0,0,0,0,0,0,0,1,1,-1,0,1,0,-1",,,3,0,0,0,0
"0,-1,0,0,0,1,-1,1,1,0,0,0,-1,1,0,-1,0,0,0,0,0,0,0,-1,0,1,1,0,0,0,-1",,,3,0,0,0,0
"0,-1,0,0,0,-1,-1,-1,1,0,0,0,-1,0,0,-1,0,0,0,0,0,0,0,-1,0,1,-1,1,0,0,1",,,3,0,0,0,0
"0,-1,0,0,0,-1,1,1,-1,0,0,0,1,0,0,-1,0,0,0,0,0,0,0,1,1,1,-1,0,0,0,-1",,,3,0,0,0,0
"0,-1,0,0,0,-1,0,0,1,0,0,0,-1,-1,-1,-1,0,0,0,0,0,0,0,1,1,-1,-1,0,1,0,1",,,3,0,0,0,0
"0,-1,0,0,0,-1,0,-1,1,0,0,0,-1,-1,1,-1,0,0,0,0,0,0,0,-1,1,-1,-1,0,1,0,1",,,3,0,0,0,0
"0,-1,0,0,0,0,0,1,0,0,0,0,1,0,1,-1,0,0,0,0,0,0,0,-1,1,1,0,0,1,0,-1",,,3,0,0,0,0
"0,-1,0,0,0,0,0,1,-1,0,0,0,1,0,1,-1,0,0,0,0,0,0,0,-1,1,1,1,0,0,0,-1",,,3,0,0,0,0
"0,1,0,0,0,0,0,1,0,1,0,0,1,0,0,1,0,1,0,0,1,1,1,-1,1,1,-1,0,1,1,-1",,,3,0,0,0,0
"0,-1,0,0,0,0,1,1,0,0,0,0,1,1,0,-1,0,0,0,0,0,0,0,1,1,1,0,0,0,0,-1",,,3,0,0,0,0
"0,-1,0,0,0,-1,0,-1,1,0,0,0,-1,0,-1,-1,0,0,0,0,0,0,0,0,1,1,-1,0,1,0,-1",,,3,0,0,0,0
"0,-1,0,0,0,0,-1,1,1,0,0,1,-1,0,1,-1,1,0,0,0,0,0,0,1,1,1,0,0,0,0,-1",,,3,0,0,0,0
"0,-1,0,0,0,-1,-1,-1,0,0,0,1,1,-1,-1,-1,1,0,0,0,0,0,0,-1,1,1,-1,0,0,0,1",,,3,0,0,0,0
"0,-1,0,0,0,1,0,1,-1,1,0,1,1,1,-1,-1,1,0,0,0,1,1,1,-1,1,1,-1,0,1,0,-1",,,3,0,0,0,0
"0,-1,0,0,0,0,-1,-1,0,0,0,0,1,0,0,-1,1,0,0,0,0,0,0,-1,1,1,-1,0,0,0,1",,,3,0,0,0,0
"0,-1,0,0,0,1,0,1,-1,0,0,0,1,1,0,-1,0,0,0,0,0,0,0,-1,1,1,-1,0,0,0,-1",,,3,0,0,0,0
"0,-1,0,1,0,1,1,1,-1,0,0,0,1,1,1,-1,0,0,0,0,0,0,0,1,0,1,-1,0,0,0,-1",,,3,0,0,0,0
"1,1,1,0,1,1,0,1,-1,0,0,1,1,0,-1,1,0,1,1,0,0,0,0,-1,1,1,-1,0,1,1,-1",,,3,0,0,0,0
"0,-1,0,0,0,-1,0,-1,0,0,0,0,1,-1,-1,-1,0,0,0,0,0,0,0,-1,0,1,-1,0,0,0,1",,,3,0,0,0,0
"1,1,1,0,1,1,1,1,-1,0,0,1,1,0,1,1,0,1,1,0,0,0,0,1,1,1,-1,0,1,1,-1",,,3,0,0,0,0
"0,-1,0,0,0,-1,0,1,1,1,0,0,-1,1,0,-1,0,0,0,0,0,1,1,-1,1,1,1,1,1,0,-1",,,3,0,0,0,0
"0,-1,0,0,0,0,-1,-1,0,1,1,0,1,0,-1,-1,1,0,0,0,0,1,0,0,0,1,0,0,0,0,-1",,,3,0,0,0,0
"0,-1,0,0,0,0,0,1,-1,0,0,0,1,0,0,-1,0,0,0,0,0,0,0,-1,0,1,1,0,0,0,-1",,,3,0,0,0,0
"0,-1,0,0,0,0,1,1,-1,0,0,0,1,1,-1,-1,0,0,0,0,0,0,0,1,1,0,1,0,1,0,-1",,,3,0,0,0,0
"0,-1,0,0,0,0,1,1,0,1,1,0,-1,0,1,-1,1,0,0,0,0,1,0,1,1,1,1,0,1,0,-1",,,3,0,0,0,0
"0,-1,0,0,0,0,0,-1,-1,0,0,0,1,0,1,-1,0,0,0,0,0,0,0,-1,0,1,-1,0,0,0,-1",,,3,0,0,0,0
"0,-1,0,0,0,-1,-1,-1,1,0,0,0,-1,1,-1,-1,0,0,0,0,0,0,0,-1,1,-1,-1,0,1,0,1",,,3,0,0,0,0
"0,-1,0,0,0,-1,1,1,0,0,0,0,1,1,1,-1,0,0,0,0,0,0,0,1,1,1,1,1,1,0,-1",,,3,0,0,0,0
"0,-1,0,0,0,0,1,1,1,1,0,0,-1,0,0,-1,0,0,0,0,0,1,0,1,1,0,1,0,1,0,-1",,,3,0,0,0,0
"0,-1,0,0,0,0,0,-1,0,0,0,0,-1,-1,0,-1,0,0,0,0,0,1,0,-1,0,0,-1,0,1,0,1",,,3,0,0,0,0
"0,-1,0,0,0,-1,1,1,1,0,0,0,1,0,0,-1,0,0,0,0,0,0,0,0,0,0,-1,0,1,0,-1",,,3,0,0,0,0
"1,1,1,0,1,1,1,1,0,0,0,1,-1,0,1,1,0,1,1,0,0,0,0,1,0,1,-1,0,1,1,-1",,,3,0,0,0,0
"0,-1,0,0,0,0,-1,-1,1,0,0,0,-1,0,-1,-1,0,0,0,0,0,0,0,-1,0,-1,0,0,1,0,1",,,3,0,0,0,0
"0,-1,0,0,0,-1,-1,1,0,0,0,0,1,0,1,-1,0,0,0,0,0,0,0,-1,0,0,-1,0,0,0,1",,,3,0,0,0,0
"0,-1,0,1,0,-1,0,0,1,0,0,0,-1,-1,0,-1,0,0,0,0,0,0,0,0,0,-1,-1,0,1,0,1",,,3,0,0,0,0
"0,-1,0,1,0,0,-1,1,0,0,0,0,1,1,1,-1,0,0,0,0,0,0,0,1,0,1,-1,0,0,0,-1",,,3,0,0,0,0
"0,-1,0,0,0,-1,1,1,0,0,0,0,1,0,1,-1,0,0,0,0,0,0,0,0,0,1,-1,0,0,0,-1",,,3,0,0,0,0
"0,-1,0,0,0,0,0,-1,-1,1,0,0,1,-1,1,-1,0,0,0,0,0,1,0,-1,1,-1,-1,0,0,0,1",,,3,0,0,0,0
"0,-1,0,1,0,-1,-1,1,-1,0,0,0,1,1,1,-1,0,0,0,0,0,0,0,1,0,1,-1,1,0,0,-1",,,3,0,0,0,0
"1,1,1,0,1,1,0,-1,0,0,0,1,1,1,1,1,0,1,1,0,0,0,0,0,0,1,-1,1,1,1,-1",,,3,0,0,0,0
"0,-1,0,0,0,0,1,1,-1,1,1,0,1,1,0,-1,1,0,0,0,0,1,1,1,0,1,-1,0,1,0,-1",,,3,0,0,0,0
"0,-1,0,0,0,-1,-1,-1,0,0,0,0,-1,0,-1,-1,0,0,0,0,0,0,0,-1,1,0,-1,0,0,0,1",,,3,0,0,0,0
"0,-1,0,0,0,1,-1,1,1,1,1,0,-1,1,0,-1,1,0,0,0,0,1,1,-1,0,0,-1,0,0,0,-1",,,3,0,0,0,0
"0,-1,0,0,0,0,-1,1,-1,0,0,0,1,0,0,-1,1,0,0,0,0,1,1,1,0,1,1,1,0,0,-1",,,3,0,0,0,0
"0,1,0,0,0,0,-1,1,-1,0,0,0,1,0,1,1,0,0,0,0,0,0,0,1,0,1,-1,0,1,0,-1",,,3,0,0,0,0
"0,-1,0,0,0,-1,0,-1,1,0,0,0,-1,-1,-1,-1,0,0,0,0,0,0,0,-1,1,-1,-1,0,0,0,1",,,3,0,0,0,0
"0,-1,0,0,0,-1,-1,1,1,1,0,0,1,0,-1,-1,0,0,0,0,1,1,1,0,1,0,-1,0,1,0,-1",,,3,0,0,0,0
"0,-1,0,0,0,0,0,0,1,0,0,0,-1,0,-1,-1,0,0,0,0,0,0,0,1,1,-1,0,0,1,0,1",,,3,0,0,0,0
"0,1,0,1,0,1,-1,1,-1,0,0,0,1,0,1,1,0,0,0,0,0,0,0,-1,0,1,-1,0,0,0,-1",,,3,0,0,0,0
"0,-1,0,0,0,-1,0,-1,-1,0,0,0,1,-1,-1,-1,0,0,0,0,0,0,0,-1,1,-1,-1,0,0,0,1",,,3,0,0,0,0
"0,-1,0,0,0,-1,1,1,-1,1,0,0,1,0,1,-1,0,0,0,0,0,1,1,1,1,0,-1,0,1,0,-1",,,3,0,0,0,0
"0,-1,0,0,0,-1,-1,-1,0,0,0,0,1,-1,-1,-1,0,0,0,0,0,0,0,-1,1,-1,-1,0,0,0,1",,,3,0,0,0,0
"0,-1,0,0,0,0,0,1,1,0,0,0,-1,0,0,-1,0,0,0,0,0,0,0,-1,0,1,0,0,0,0,-1",,,3,0,0,0,0
"0,1,0,0,0,0,0,1,-1,1,0,0,1,0,0,1,0,0,0,1,0,1,1,-1,1,1,-1,0,1,0,-1",,,3,0,0,0,0
"0,-1,0,0,0,-1,1,1,-1,0,0,1,1,1,1,-1,0,0,0,0,0,0,0,1,1,-1,-1,0,1,0,-1",,,3,0,0,0,0
"0,-1,0,0,0,-1,-1,1,1,0,0,0,-1,1,1,-1,0,0,0,0,0,0,0,1,0,1,1,0,0,0,-1",,,3,0,0,0,0
"0,-1,0,1,0,0,-1,1,0,0,0,0,-1,0,1,-1,0,0,0,0,0,0,0,1,0,1,1,0,0,0,-1",,,3,0,0,0,0
"0,-1,0,0,0,0,-1,1,-1,0,0,0,1,0,0,-1,0,0,0,0,0,0,0,1,1,1,-1,0,1,0,-1",,,3,0,0,0,0
"0,-1,0,0,0,0,1,1,-1,1,0,0,1,0,-1,-1,0,0,0,1,0,1,0,1,1,1,0,0,1,0,-1",,,3,0,0,0,0
"0,-1,0,0,0,-1,0,0,-1,1,0,0,1,-1,0,-1,0,0,0,1,0,1,0,1,0,0,-1,0,0,0,1",,,3,0,0,0,0
"0,-1,0,0,0,-1,-1,-1,1,0,0,0,1,0,0,-1,0,0,0,0,0,0,0,0,1,1,-1,0,1,0,1",,,3,0,0,0,0
"0,-1,0,0,0,0,-1,1,1,0,0,0,-1,0,0,-1,0,0,0,0,0,0,0,-1,0,1,0,1,0,0,-1",,,3,0,0,0,0
"0,1,0,0,0,0,-1,1,-1,0,0,0,1,0,0,1,0,0,0,0,0,0,0,-1,0,1,0,1,0,0,-1",,,3,0,0,0,0
"0,-1,0,0,0,0,-1,-1,1,0,0,0,-1,-1,0,-1,0,0,0,0,0,0,0,-1,0,0,0,0,0,0,1",,,3,0,0,0,0
"0,-1,0,0,0,0,1,-1,0,0,0,0,1,-1,0,-1,0,0,0,0,0,0,0,1,0,-1,-1,0,0,0,1",,,3,0,0,0,0
"0,-1,0,0,0,0,1,1,0,0,0,0,-1,0,0,-1,0,0,0,0,0,0,0,1,0,1,-1,0,0,0,-1",,,3,0,0,0,0
"0,-1,0,0,0,1,1,1,-1,0,0,0,1,0,0,-1,0,0,0,0,0,0,0,1,0,0,-1,0,0,0,-1",,,3,0,0,0,0
"0,-1,0,0,0,-1,0,1,1,0,0,0,1,0,-1,-1,0,0,0,0,0,0,0,-1,1,1,-1,0,0,0,1",,,3,0,0,0,0
"1,-1,1,0,1,0,-1,1,1,0,0,1,-1,0,0,-1,0,1,1,0,0,0,0,-1,1,1,-1,0,1,1,-1",,,3,0,0,0,0
"1,1,1,0,1,1,0,1,-1,1,0,1,1,1,1,1,1,1,1,0,0,1,0,-1,1,0,-1,0,1,1,-1",,,3,0,0,0,0
"0,-1,0,0,0,-1,1,1,1,1,0,0,-1,1,-1,-1,0,0,0,0,0,1,0,1,1,1,-1,0,1,0,-1",,,3,0,0,0,0
"0,-1,0,0,0,-1,1,1,0,0,0,0,1,1,0,-1,0,0,0,0,0,0,0,1,0,1,-1,0,0,0,-1",,,3,0,0,0,0
"1,-1,1,0,1,0,0,1,-1,0,0,1,1,0,-1,-1,0,1,1,0,0,0,0,-1,1,1,-1,0,1,1,-1",,,3,0,0,0,0
"0,-1,0,0,0,1,-1,1,1,0,0,0,-1,1,0,-1,1,0,0,0,0,0,0,1,1,-1,-1,0,1,0,-1",,,3,0,0,0,0
"0,1,0,0,0,0,0,0,1,0,0,0,-1,-1,0,1,0,0,0,0,0,0,0,1,1,-1,-1,0,0,0,1",,,3,0,0,0,0
"1,1,1,0,1,0,0,-1,-1,0,0,1,1,-1,1,1,0,1,1,0,0,0,0,-1,1,-1,0,0,0,1,1",,,3,0,0,0,0
"0,-1,0,0,0,0,-1,1,0,0,0,0,-1,0,-1,-1,0,0,0,0,0,0,0,-1,1,0,-1,0,0,0,1",,,3,0,0,0,0
"0,1,0,1,0,0,-1,1,0,0,0,0,1,0,1,1,0,0,0,0,0,0,0,-1,0,1,-1,0,0,0,-1",,,3,0,0,0,0
"0,1,0,0,0,0,-1,1,-1,1,0,0,1,0,1,1,0,0,0,0,0,1,0,1,1,1,-1,0,1,0,-1",,,3,0,0,0,0
"1,-1,1,0,1,0,0,1,1,0,0,1,-1,1,-1,-1,0,1,1,0,0,0,0,-1,1,1,-1,0,1,1,-1",,,3,0,0,0,0
"0,-1,0,0,0,1,-1,1,0,1,0,0,1,1,0,-1,0,0,0,0,0,1,0,-1,0,1,-1,1,0,0,-1",,,3,0,0,0,0
"0,-1,0,1,0,0,1,1,0,0,0,0,1,0,1,-1,0,0,0,0,0,0,0,1,0,1,1,0,0,0,-1",,,3,0,0,0,0
"0,1,0,0,0,-1,-1,-1,0,0,0,0,1,-1,-1,1,0,0,0,0,0,0,0,1,1,-1,-1,0,1,0,1",,,3,0,0,0,0
"0,-1,0,0,0,0,1,-1,1,0,0,0,-1,-1,-1,-1,0,0,0,0,0,0,0,-1,1,-1,-1,1,1,0,1",,,3,0,0,0,0
"0,-1,0,0,0,0,1,0,0,0,0,0,1,0,-1,-1,0,0,0,0,0,0,0,1,0,1,-1,0,0,0,-1",,,3,0,0,0,0
"0,-1,0,0,0,0,0,0,1,0,0,0,-1,-1,0,-1,0,0,0,0,0,0,0,1,1,-1,-1,1,0,0,1",,,3,0,0,0,0
"0,-1,0,0,0,0,-1,-1,1,0,0,0,-1,0,0,-1,0,0,0,0,0,0,0,-1,0,-1,1,0,0,0,1",,,3,0,0,0,0
"1,1,1,0,1,-1,1,1,-1,0,0,1,1,0,-1,1,0,1,1,0,0,0,0,1,1,1,-1,0,1,1,-1",,,3,0,0,0,0
"0,-1,0,0,0,-1,-1,1,0,1,0,0,1,0,0,-1,0,0,0,0,0,1,0,1,0,0,-1,0,0,0,-1",,,3,0,0,0,0
"0,-1,0,0,0,0,1,1,0,1,0,0,1,1,1,-1,0,0,0,0,0,1,0,1,1,1,-1,0,1,0,-1",,,3,0,0,0,0
"0,-1,0,0,0,-1,1,1,0,1,0,0,1,0,0,-1,0,0,0,0,0,1,0,1,0,0,-1,1,0,0,-1",,,3,0,0,0,0
"1,-1,1,0,1,-1,-1,1,0,1,0,1,1,-1,1,-1,0,1,1,0,0,1,0,-1,1,0,-1,0,1,1,1",,,3,0,0,0,0
"0,-1,0,0,0,-1,-1,-1,1,0,0,0,1,-1,0,-1,0,0,0,0,0,0,0,-1,1,-1,-1,0,0,0,1",,,3,0,0,0,0
"0,-1,0,0,0,1,1,1,1,0,0,0,-1,1,0,-1,0,0,0,0,0,0,0,0,1,1,-1,1,1,0,-1",,,3,0,0,0,0
"0,-1,0,0,0,-1,1,-1,0,0,0,0,1,0,0,-1,0,0,0,0,0,0,0,1,0,0,-1,0,0,0,-1",,,3,0,0,0,0
"0,-1,0,1,0,0,-1,-1,0,0,0,0,-1,-1,0,-1,0,0,0,0,0,0,0,-1,1,-1,-1,0,1,0,1",,,3,0,0,0,0
"0,-1,0,0,0,0,1,1,1,0,0,0,1,1,-1,-1,0,0,0,0,0,0,0,1,0,1,-1,0,0,0,-1",,,3,0,0,0,0
"0,-1,0,0,0,0,-1,-1,0,0,0,0,-1,-1,0,-1,0,0,0,0,0,0,0,-1,1,1,-1,0,0,0,1",,,3,0,0,0,0
"0,1,0,0,0,0,0,-1,0,0,0,0,1,0,0,1,0,0,0,0,0,0,0,-1,1,1,0,0,0,0,-1",,,3,0,0,0,0
"0,-1,0,0,0,1,1,1,-1,0,0,0,1,1,-1,-1,0,0,0,0,0,0,0,1,0,0,1,0,0,0,-1",,,3,0,0,0,0
"1,-1,1,0,1,-1,0,0,1,1,1,1,-1,-1,1,-1,1,1,1,0,0,1,0,1,1,-1,-1,0,1,1,1",,,3,0,0,0,0
"1,-1,1,0,1,1,1,1,-1,0,0,1,1,0,0,-1,0,1,1,0,0,0,0,1,1,1,-1,0,1,1,-1",,,3,0,0,0,0
"0,-1,0,0,0,-1,-1,1,0,0,0,0,1,0,0,-1,0,0,0,0,0,0,0,1,1,0,-1,0,1,0,-1",,,3,0,0,0,0
"0,-1,0,0,0,0,0,1,0,0,0,0,1,1,1,-1,0,0,0,0,0,0,0,-1,0,1,-1,0,0,0,-1",,,3,0,0,0,0
"0,-1,0,0,0,-1,-1,1,-1,0,0,0,1,1,-1,-1,0,0,0,0,0,0,0,1,1,1,-1,0,1,0,-1",,,3,0,0,0,0
"0,-1,0,0,0,-1,-1,-1,0,1,0,0,-1,-1,-1,-1,0,0,0,0,0,1,0,-1,1,1,-1,0,1,0,1",,,3,0,0,0,0
"0,-1,0,0,0,-1,0,1,1,0,0,0,-1,0,1,-1,0,0,0,0,0,0,0,-1,0,0,-1,0,0,0,1",,,3,0,0,0,0
"0,-1,0,0,0,0,0,-1,0,0,0,0,1,0,0,-1,0,0,0,0,0,0,0,-1,0,1,0,0,0,0,1",,,3,0,0,0,0
"1,-1,1,0,1,0,-1,1,1,0,0,1,-1,1,1,-1,0,1,1,0,0,0,0,1,1,1,-1,0,1,1,-1",,,3,0,0,0,0
"1,1,1,0,1,-1,0,0,-1,0,0,1,1,-1,1,1,0,1,1,0,0,0,0,1,1,1,-1,0,1,1,1",,,3,0,0,0,0
"0,-1,0,0,0,0,0,1,0,0,0,0,-1,0,0,-1,0,0,0,0,0,0,0,0,1,1,1,1,1,0,-1",,,3,0,0,0,0
"0,-1,0,0,0,-1,1,1,-1,0,0,0,1,1,1,-1,0,0,0,0,0,0,0,1,0,1,-1,0,0,0,-1",,,3,0,0,0,0
"0,-1,0,0,0,-1,-1,-1,0,0,0,0,-1,1,-1,-1,0,0,0,0,0,0,0,-1,1,0,-1,0,0,0,1",,,3,0,0,0,0
"0,-1,0,0,0,-1,0,0,-1,1,0,0,1,-1,1,-1,0,0,0,0,0,1,0,1,1,1,-1,0,1,0,1",,,3,0,0,0,0
"0,-1,0,0,0,-1,1,1,0,0,0,0,-1,1,-1,-1,0,0,0,0,0,0,0,1,0,0,1,1,0,0,-1",,,3,0,0,0,0
"1,1,1,0,1,0,0,1,0,0,0,1,1,0,0,1,0,1,1,0,0,0,0,0,1,1,-1,0,1,1,-1",,,3,0,0,0,0
"0,-1,0,0,0,0,-1,-1,1,0,0,0,-1,-1,0,-1,0,0,0,0,0,0,0,-1,1,0,-1,0,0,0,1",,,3,0,0,0,0
"0,-1,0,0,0,0,1,1,-1,1,0,0,1,0,-1,-1,0,0,0,0,0,1,0,1,1,1,-1,0,0,0,-1",,,3,0,0,0,0
"0,-1,0,0,0,0,1,1,0,1,0,0,1,1,0,-1,0,0,0,0,0,1,0,0,1,1,-1,0,1,0,-1",,,3,0,0,0,0
"0,-1,0,0,0,1,0,1,0,0,0,0,-1,1,0,-1,0,0,0,0,0,0,0,0,0,1,-1,0,1,0,-1",,,3,0,0,0,0
"0,1,0,0,0,0,1,1,-1,1,0,0,1,0,-1,1,0,0,0,0,0,1,0,1,0,1,0,0,1,0,-1",,,3,0,0,0,0
"0,-1,0,0,0,0,0,1,0,0,0,0,-1,0,1,-1,0,0,0,0,0,0,0,-1,0,1,1,1,0,0,-1",,,3,0,0,0,0
"0,-1,0,0,0,0,1,1,0,0,0,0,1,0,0,-1,0,0,0,0,0,0,0,1,0,1,1,0,0,0,-1",,,3,0,0,0,0
"0,-1,0,0,0,-1,0,1,-1,0,0,0,1,0,0,-1,0,0,0,0,0,0,0,-1,1,1,-1,0,0,0,-1",,,3,0,0,0,0
"0,-1,0,0,0,-1,-1,1,-1,1,0,0,1,0,0,-1,0,0,0,0,0,1,0,-1,1,0,-1,0,0,0,1",,,3,0,0,0,0
"0,-1,0,0,0,0,1,1,-1,0,0,0,1,1,1,-1,0,0,0,0,0,0,0,1,1,1,0,0,0,0,-1",,,3,0,0,0,0
"0,-1,0,0,0,1,-1,1,1,1,1,0,-1,1,-1,-1,1,0,0,0,0,1,0,1,1,1,-1,0,1,0,-1",,,3,0,0,0,0
"0,1,0,0,0,0,1,1,-1,0,0,0,1,0,0,1,0,0,0,0,0,0,0,1,0,1,0,0,0,0,-1",,,3,0,0,0,0
"0,-1,0,0,0,1,0,1,0,0,0,0,1,1,1,-1,0,0,0,0,0,0,0,-1,0,1,-1,0,0,0,-1",,,3,0,0,0,0
"0,-1,0,0,0,0,0,1,0,0,0,0,1,1,0,-1,0,0,0,0,0,0,0,-1,0,1,0,0,0,0,-1",,,3,0,0,0,0
"0,-1,0,0,0,0,-1,1,-1,1,0,0,1,0,0,-1,0,0,0,0,0,1,0,1,1,1,1,0,1,0,-1",,,3,0,0,0,0
"0,-1,0,0,0,0,0,-1,0,0,0,0,1,0,0,-1,0,0,0,0,0,0,0,0,0,1,-1,0,0,0,-1",,,3,0,0,0,0
"0,-1,0,0,0,0,1,1,0,0,0,0,1,0,-1,-1,0,0,0,0,0,0,0,1,0,0,-1,0,0,0,-1",,,3,0,0,0,0
"0,-1,0,0,0,-1,1,1,0,0,0,0,1,0,0,-1,0,0,0,0,0,0,0,1,0,1,-1,0,0,0,-1",,,3,0,0,0,0
"0,-1,0,0,0,0,-1,1,-1,0,0,0,1,1,0,-1,0,0,0,0,0,0,0,1,1,-1,-1,0,1,0,-1",,,3,0,0,0,0
"0,-1,0,0,0,1,-1,1,0,0,0,0,1,0,0,-1,0,0,0,0,0,0,0,1,0,1,1,0,0,0,-1",,,3,0,0,0,0
"0,-1,0,0,0,1,-1,1,1,0,0,0,-1,1,0,-1,0,0,0,0,0,0,0,1,0,1,-1,0,0,0,-1",,,3,0,0,0,0
"0,-1,0,0,0,0,-1,-1,1,0,0,0,-1,0,-1,-1,0,0,0,0,0,0,0,-1,0,0,-1,0,0,0,1",,,3,0,0,0,0
"0,-1,0,0,0,0,-1,-1,1,0,0,0,1,-1,-1,-1,0,0,0,0,0,0,0,-1,0,-1,-1,0,0,0,1",,,3,0,0,0,0
"0,-1,0,0,0,-1,-1,-1,1,0,0,0,1,0,-1,-1,0,0,0,0,0,0,0,-1,0,0,-1,1,0,0,1",,,3,0,0,0,0
"0,-1,0,0,0,-1,-1,0,0,0,0,0,-1,0,-1,-1,0,0,0,0,0,0,0,-1,0,0,-1,0,0,0,1",,,3,0,0,0,0
"0,-1,0,0,0,-1,1,-1,1,0,0,0,-1,0,-1,-1,0,0,0,0,0,0,0,1,0,1,-1,0,0,0,1",,,3,0,0,0,0
"1,-1,1,0,1,-1,0,0,1,0,0,1,-1,-1,1,-1,0,1,1,0,0,0,0,0,1,-1,-1,0,0,0,1",,,3,0,0,0,0
"1,-1,1,0,1,-1,-1,-1,0,1,0,1,1,-1,1,-1,0,1,1,1,0,1,0,-1,1,0,-1,0,1,1,1",,,3,0,0,0,0
"0,-1,0,0,0,0,-1,-1,1,0,0,0,-1,-1,-1,-1,0,0,0,0,0,0,0,-1,1,-1,0,0,0,0,1",,,3,0,0,0,0
"0,-1,0,0,0,0,1,1,0,0,0,0,-1,0,1,-1,0,0,0,0,0,0,0,1,1,-1,-1,0,1,0,-1",,,3,0,0,0,0
"0,-1,0,0,0,0,1,1,-1,0,0,0,1,0,-1,-1,0,0,0,0,0,0,0,0,0,1,1,0,0,0,-1",,,3,0,0,0,0
"0,-1,0,1,0,0,1,1,1,0,0,0,-1,0,0,-1,0,0,0,0,0,0,0,1,1,-1,1,0,0,0,-1",,,3,0,0,0,0
"0,-1,0,0,0,-1,-1,-1,0,0,0,0,1,0,0,-1,0,0,0,0,0,0,0,0,1,0,-1,0,1,0,1",,,3,0,0,0,0
"0,1,0,0,0,0,-1,-1,0,0,0,0,1,-1,0,1,0,0,0,0,0,0,0,-1,1,-1,0,0,1,0,1",,,3,0,0,0,0
"0,-1,0,0,0,0,0,1,0,0,0,0,1,0,-1,-1,0,0,0,0,0,0,0,0,1,1,0,0,1,0,-1",,,3,0,0,0,0
"0,-1,0,0,0,0,1,1,1,1,0,0,-1,0,1,-1,0,0,0,0,0,1,0,1,1,1,0,0,1,0,-1",,,3,0,0,0,0
"0,-1,0,0,0,0,0,1,1,0,0,0,-1,0,-1,-1,0,0,0,0,0,0,0,0,1,1,0,0,1,0,-1",,,3,0,0,0,0
"0,-1,0,0,0,0,1,1,1,0,0,0,-1,0,0,-1,0,0,0,0,0,0,0,0,1,1,1,1,0,0,-1",,,3,0,0,0,0
"0,-1,0,0,0,0,1,1,0,0,0,0,1,0,0,-1,0,0,0,0,0,0,0,1,0,1,0,0,0,0,-1",,,3,0,0,0,0
"0,-1,0,0,0,-1,0,1,1,0,0,0,-1,1,-1,-1,0,0,0,0,0,0,0,-1,1,0,1,1,1,0,-1",,,3,0,0,0,0
"0,-1,0,0,0,-1,-1,1,-1,1,0,0,1,0,1,-1,0,0,0,0,0,1,0,1,1,0,-1,0,0,0,-1",,,3,0,0,0,0
"0,-1,0,1,0,-1,-1,-1,-1,0,0,0,1,-1,0,-1,0,0,0,0,0,0,0,-1,1,-1,-1,0,0,0,1",,,3,0,0,0,0
"1,-1,1,0,1,1,-1,1,1,0,0,1,-1,1,1,-1,0,1,1,0,0,0,0,1,1,1,-1,0,1,0,-1",,,3,0,0,0,0
"0,-1,0,1,0,0,0,0,1,0,0,0,-1,-1,0,-1,0,0,0,0,0,0,0,0,1,-1,-1,0,0,0,1",,,3,0,0,0,0
"0,1,0,0,0,1,-1,1,-1,0,0,0,1,1,0,1,0,0,0,0,0,0,0,1,1,1,-1,0,1,0,-1",,,3,0,0,0,0
"1,-1,1,0,1,0,-1,1,-1,0,0,1,1,1,-1,-1,0,1,1,0,0,0,0,1,0,1,1,0,1,0,-1",,,3,0,0,0,0
"0,-1,0,0,0,0,0,1,0,1,1,0,1,1,-1,-1,1,0,0,1,0,1,0,-1,0,1,-1,0,1,1,-1",,,3,0,0,0,0
"0,-1,0,0,0,0,1,1,-1,0,0,0,1,0,0,-1,0,0,0,0,0,0,0,0,0,1,0,0,0,0,-1",,,3,0,0,0,0
"0,-1,0,0,0,-1,0,0,1,0,0,0,1,-1,-1,-1,0,0,0,0,0,0,0,1,1,-1,-1,0,0,0,1",,,3,0,0,0,0
"0,-1,0,0,0,-1,0,-1,1,0,0,0,-1,0,-1,-1,0,0,0,0,0,0,0,0,1,1,-1,0,1,0,1",,,3,0,0,0,0
"0,-1,0,0,0,0,-1,1,1,0,0,0,1,0,0,-1,0,0,0,0,0,0,0,1,0,-1,1,0,0,0,-1",,,3,0,0,0,0
"0,-1,0,0,0,0,0,0,0,0,0,0,1,-1,-1,-1,0,0,0,0,0,0,0,1,1,0,0,0,0,0,1",,,3,0,0,0,0
"0,-1,0,0,0,-1,-1,1,-1,0,0,0,1,0,0,-1,0,0,0,0,0,0,0,1,0,1,0,0,0,0,-1",,,3,0,0,0,0
"0,-1,0,0,0,-1,1,-1,1,0,0,0,-1,0,-1,-1,0,0,0,0,0,0,0,1,1,1,-1,0,1,0,1",,,3,0,0,0,0
"1,-1,1,0,1,1,-1,1,-1,0,0,1,1,0,0,-1,0,1,1,0,0,0,0,-1,1,1,-1,0,1,0,-1",,,3,0,0,0,0
"0,-1,0,0,0,-1,-1,1,0,0,0,0,1,0,0,-1,0,0,0,0,0,0,0,1,1,0,-1,0,1,0,1",,,3,0,0,0,0
"0,1,0,0,0,0,-1,-1,0,0,0,0,1,-1,-1,1,0,0,0,0,0,0,0,-1,1,-1,-1,0,1,0,1",,,3,0,0,0,0
"0,-1,0,0,0,0,0,1,1,0,0,0,-1,0,1,-1,0,0,0,0,0,0,0,0,1,1,-1,0,1,0,-1",,,3,0,0,0,0
"0,-1,0,0,0,0,0,0,0,1,1,0,-1,-1,-1,-1,1,0,0,0,0,1,0,1,1,1,-1,0,1,0,1",,,3,0,0,0,0
"1,1,1,0,1,-1,-1,-1,-1,0,0,1,1,-1,-1,1,0,1,1,0,0,0,0,-1,1,1,-1,0,1,0,1",,,3,0,0,0,0
"0,-1,0,0,0,-1,1,1,1,0,0,0,-1,0,-1,-1,0,0,0,0,0,0,0,-1,1,0,-1,0,0,0,1",,,3,0,0,0,0
"0,-1,0,0,0,-1,0,0,1,0,0,0,-1,-1,0,-1,0,0,0,0,0,0,0,0,0,-1,-1,0,0,0,1",,,3,0,0,0,0
"0,-1,0,1,0,0,1,1,0,0,0,0,1,1,1,-1,0,0,0,0,0,0,0,1,0,1,-1,0,0,0,-1",,,3,0,0,0,0
"0,-1,0,0,0,1,1,1,1,0,0,0,-1,0,0,-1,0,0,0,0,0,0,0,0,0,-1,1,0,0,0,-1",,,3,0,0,0,0
"0,-1,0,0,0,1,0,1,0,0,0,0,1,1,1,-1,0,0,0,0,0,0,0,-1,0,1,1,0,0,0,-1",,,3,0,0,0,0
"0,-1,0,0,0,-1,-1,-1,-1,1,1,0,1,-1,0,-1,1,0,0,0,0,1,0,-1,0,-1,-1,0,0,0,1",,,3,0,0,0,0
"0,-1,0,0,0,0,0,0,-1,0,0,0,1,-1,0,-1,0,0,0,0,0,0,0,1,0,-1,-1,0,0,0,1",,,3,0,0,0,0
"0,1,0,0,0,-1,0,0,-1,0,0,0,1,-1,0,1,0,0,0,0,0,0,0,1,1,1,-1,0,1,0,1",,,3,0,0,0,0
"0,-1,0,0,0,-1,-1,0,0,0,0,0,-1,0,-1,-1,0,0,0,0,0,0,0,-1,0,1,-1,0,0,0,1",,,3,0,0,0,0
"0,-1,0,0,0,0,1,1,0,1,1,0,-1,1,0,-1,1,0,0,0,0,1,1,1,1,1,-1,0,0,0,-1",,,3,0,0,0,0
"0,1,0,0,0,0,-1,1,-1,0,0,0,1,0,0,1,0,0,0,0,0,0,0,1,1,1,1,0,0,0,-1",,,3,0,0,0,0
"0,-1,0,0,0,1,-1,1,1,1,1,0,-1,1,0,-1,1,0,0,0,0,1,1,-1,0,-1,-1,0,0,0,-1",,,3,0,0,0,0
"0,-1,0,0,0,0,-1,1,1,0,0,0,1,0,0,-1,0,0,0,0,0,0,0,-1,1,-1,-1,0,1,0,-1",,,3,0,0,0,0
"0,-1,0,0,0,0,-1,-1,1,0,0,0,-1,-1,-1,-1,0,0,0,0,0,0,0,-1,1,-1,-1,0,0,0,1",,,3,0,0,0,0
"0,-1,0,1,0,0,0,-1,0,0,0,0,1,-1,0,-1,0,0,0,0,0,0,0,-1,1,-1,-1,0,1,0,1",,,3,0,0,0,0
"0,1,0,0,0,0,-1,1,-1,1,1,0,1,0,1,1,1,0,0,0,0,1,1,1,1,1,0,0,1,0,-1",,,3,0,0,0,0
"0,1,0,0,0,0,0,1,-1,0,0,0,1,0,0,1,0,0,0,0,0,0,0,-1,1,1,1,0,0,0,-1",,,3,0,0,0,0
"0,1,0,0,0,-1,0,-1,0,0,0,0,1,-1,0,1,0,0,0,0,0,0,0,-1,1,0,-1,0,1,0,1",,,3,0,0,0,0
"0,-1,0,0,0,0,-1,-1,0,0,0,0,1,-1,-1,-1,0,0,0,0,0,0,0,-1,0,0,0,0,0,0,1",,,3,0,0,0,0
"0,-1,0,0,0,-1,1,1,1,0,0,0,1,0,-1,-1,0,0,0,0,0,0,0,1,1,0,-1,0,1,0,-1",,,3,0,0,0,0
"0,-1,0,0,0,0,1,1,0,0,0,0,1,0,1,-1,0,0,0,0,0,0,0,1,1,1,1,0,1,0,-1",,,3,0,0,0,0
"0,-1,0,0,0,0,-1,-1,0,0,0,0,1,-1,-1,-1,0,0,0,0,0,0,0,-1,1,-1,-1,0,1,0,1",,,3,0,0,0,0
"1,1,1,0,1,0,-1,-1,-1,0,0,1,1,-1,0,1,0,1,1,0,0,0,0,-1,1,1,0,0,1,0,1",,,3,0,0,0,0
"0,1,0,0,0,0,-1,-1,0,0,0,0,1,-1,-1,1,0,0,0,0,0,0,0,-1,1,0,-1,0,0,0,1",,,3,0,0,0,0
"0,-1,0,0,0,0,0,0,1,0,0,0,-1,-1,1,-1,0,0,0,0,0,0,0,1,1,-1,0,0,1,0,1",,,3,0,0,0,0
"1,-1,1,0,1,-1,-1,-1,1,1,1,1,-1,-1,1,-1,1,1,1,0,0,1,1,-1,1,0,-1,0,1,0,1",,,3,0,0,0,0
"1,1,1,0,1,-1,1,1,-1,0,0,1,1,0,0,1,0,1,1,0,0,0,0,1,1,0,-1,0,1,0,1",,,3,0,0,0,0
"0,-1,0,0,0,0,1,1,-1,0,0,0,1,1,1,-1,0,0,0,0,0,0,0,1,0,1,-1,0,0,0,-1",,,3,0,0,0,0
"0,1,0,0,0,0,-1,-1,-1,0,0,0,1,-1,-1,1,0,0,0,0,0,0,0,-1,1,-1,-1,0,0,0,1",,,3,0,0,0,0
"0,-1,0,0,0,0,0,0,1,0,0,0,-1,-1,-1,-1,0,0,0,0,0,0,0,1,1,0,-1,0,1,0,1",,,3,0,0,0,0
"0,-1,0,0,0,-1,-1,1,0,0,0,0,1,0,0,-1,0,0,0,0,0,0,0,-1,1,0,-1,0,0,0,1",,,3,0,0,0,0
"0,-1,0,0,0,0,0,-1,1,0,0,0,-1,0,1,-1,0,0,0,0,0,0,0,-1,0,1,0,0,0,0,-1",,,3,0,0,0,0
"0,1,0,0,0,0,0,-1,-1,0,0,0,1,-1,0,1,0,0,0,0,0,0,0,-1,1,-1,0,0,0,0,1",,,3,0,0,0,0
"0,-1,0,0,0,0,0,1,0,0,0,0,-1,0,0,-1,0,0,0,0,0,0,0,-1,0,1,1,0,0,0,-1",,,3,0,0,0,0
"0,-1,0,0,0,-1,0,1,0,0,0,0,1,0,0,-1,0,0,0,0,0,0,0,-1,1,0,-1,0,1,0,1",,,3,0,0,0,0
"0,1,0,0,0,0,1,1,-1,0,0,0,1,1,-1,1,0,0,0,0,0,0,0,1,1,1,0,0,1,0,-1",,,3,0,0,0,0
"0,-1,0,0,0,0,-1,1,-1,1,1,0,1,0,0,-1,1,0,0,0,0,1,0,1,1,1,-1,0,0,0,-1",,,3,0,0,0,0
"0,-1,0,0,0,1,-1,1,0,0,0,0,1,1,1,-1,0,0,0,0,0,0,0,1,1,1,-1,0,1,0,-1",,,3,0,0,0,0
"1,-1,1,0,1,0,0,1,-1,0,0,1,1,0,1,-1,0,1,1,0,0,0,0,0,1,1,1,0,1,0,-1",,,3,0,0,0,0
"0,1,0,1,0,0,-1,-1,-1,0,0,0,1,0,1,1,0,0,0,0,0,0,0,1,1,1,-1,0,0,0,1",,,3,0,0,0,0
"0,-1,0,0,0,0,0,-1,1,0,0,0,-1,-1,-1,-1,0,0,0,0,0,0,0,-1,1,-1,0,0,0,0,1",,,3,0,0,0,0
"0,-1,0,0,0,0,0,-1,0,0,0,0,-1,0,0,-1,0,0,0,0,0,0,0,0,0,1,0,0,1,0,-1",,,3,0,0,0,0
"0,-1,0,0,0,0,0,0,1,0,0,0,1,-1,-1,-1,0,0,0,0,0,0,0,0,1,-1,-1,0,1,0,1",,,3,0,0,0,0
"1,-1,1,0,1,0,0,1,1,0,0,1,-1,0,1,-1,0,1,1,0,0,0,0,0,0,1,-1,0,1,0,-1",,,3,0,0,0,0
"0,-1,0,0,0,0,-1,1,0,0,0,0,-1,0,0,-1,0,0,0,0,0,0,0,1,0,1,1,0,0,0,-1",,,3,0,0,0,0
"0,-1,0,0,0,-1,-1,-1,1,0,0,0,-1,-1,-1,-1,0,0,0,0,0,0,0,-1,1,0,-1,0,0,0,1",,,3,0,0,0,0
"0,-1,0,0,0,-1,0,1,1,0,0,0,-1,0,0,-1,0,0,0,0,0,0,0,0,0,1,-1,0,1,0,-1",,,3,0,0,0,0
"1,1,1,0,1,1,-1,1,-1,0,0,1,1,1,0,1,0,1,1,0,0,0,0,1,0,1,-1,0,1,0,-1",,,3,0,0,0,0
"0,1,0,0,0,1,0,1,-1,0,0,0,1,1,-1,1,0,0,0,0,0,0,0,-1,0,1,1,0,1,0,-1",,,3,0,0,0,0
"0,-1,0,0,0,-1,-1,1,-1,0,0,0,1,0,-1,-1,0,0,0,0,0,0,0,0,0,0,-1,0,1,0,-1",,,3,0,0,0,0
"0,-1,0,0,0,0,0,0,0,1,1,0,1,-1,-1,-1,1,0,0,1,0,1,0,1,1,1,-1,0,1,1,1",,,3,0,0,0,0
"0,-1,0,0,0,0,-1,1,1,0,0,0,1,0,0,-1,0,0,0,0,0,0,0,1,0,1,0,0,0,0,-1",,,3,0,0,0,0
"1,-1,1,0,1,1,1,1,-1,0,0,1,1,1,0,-1,0,1,1,0,0,0,0,1,0,1,1,0,1,0,-1",,,3,0,0,0,0
"0,-1,0,0,0,0,0,1,0,1,1,0,1,1,1,-1,1,0,0,1,0,1,0,-1,0,1,-1,0,1,1,-1",,,3,0,0,0,0
"0,1,0,0,0,1,-1,1,-1,0,0,0,1,1,0,1,0,0,0,0,0,0,0,-1,1,1,-1,0,1,0,-1",,,3,0,0,0,0
"0,-1,0,1,0,0,-1,1,1,0,0,0,1,0,1,-1,0,0,0,0,0,0,0,-1,0,1,1,0,0,0,-1",,,3,0,0,0,0
"0,-1,0,0,0,-1,1,1,-1,1,1,0,1,0,-1,-1,1,0,0,1,0,1,0,-1,1,0,-1,0,0,1,-1",,,3,0,0,0,0
"0,-1,0,0,0,0,0,1,0,1,1,0,-1,1,1,-1,1,0,0,0,0,1,0,-1,1,1,-1,0,1,0,-1",,,3,0,0,0,0
"0,1,0,0,0,0,0,1,-1,0,0,0,1,0,0,1,0,0,0,0,0,0,0,-1,1,1,-1,0,0,0,-1",,,3,0,0,0,0
"0,-1,0,0,0,-1,-1,-1,0,0,0,0,-1,0,0,-1,0,0,0,0,0,0,0,-1,1,0,-1,0,0,0,1",,,3,0,0,0,0
"0,-1,0,0,0,0,1,1,1,0,0,0,-1,0,0,-1,0,0,0,0,0,0,0,1,0,1,-1,0,0,0,-1",,,3,0,0,0,0
"0,1,0,0,0,-1,0,-1,-1,0,0,0,1,-1,1,1,0,0,0,0,0,0,0,-1,1,-1,-1,0,1,0,1",,,3,0,0,0,0
"0,-1,0,0,0,-1,0,0,0,0,0,0,-1,-1,-1,-1,0,0,0,0,0,0,0,1,1,-1,-1,0,1,0,1",,,3,0,0,0,0
"0,-1,0,0,0,-1,-1,1,1,0,0,0,1,0,-1,-1,0,0,0,0,0,0,0,1,1,1,0,0,1,0,-1",,,3,0,0,0,0
"0,1,0,0,0,0,-1,1,-1,0,0,0,1,1,1,1,0,0,0,0,0,0,0,1,1,1,-1,0,1,0,-1",,,3,0,0,0,0
"0,-1,0,0,0,-1,-1,1,1,0,0,0,1,1,0,-1,0,0,0,0,0,0,0,1,0,1,1,0,0,0,-1",,,3,0,0,0,0
"0,-1,0,1,0,-1,-1,-1,0,0,0,0,-1,-1,0,-1,0,0,0,0,0,0,0,-1,1,-1,-1,0,0,0,1",,,3,0,0,0,0
"0,1,0,0,0,-1,0,0,-1,0,0,0,1,-1,-1,1,0,0,0,0,0,0,0,1,0,0,-1,0,0,0,1",,,3,0,0,0,0
"0,-1,0,0,0,-1,1,-1,1,0,0,0,-1,0,0,-1,0,0,0,0,0,0,0,-1,1,1,-1,0,1,0,-1",,,3,0,0,0,0
"0,-1,0,0,0,-1,1,-1,1,0,0,0,-1,0,0,-1,0,0,0,0,0,0,0,1,1,1,-1,0,1,0,1",,,3,0,0,0,0
"0,1,0,0,0,0,1,1,-1,0,0,0,1,0,0,1,0,0,0,0,0,0,0,0,1,1,0,0,0,0,-1",,,3,0,0,0,0
"0,-1,0,0,0,-1,0,0,0,0,0,0,1,-1,0,-1,0,0,0,0,0,0,0,1,0,0,-1,0,0,0,1",,,3,0,0,0,0
"0,-1,0,0,0,1,-1,1,-1,0,0,0,1,0,-1,-1,0,0,0,0,0,0,0,1,1,1,-1,0,1,0,-1",,,3,0,0,0,0
"0,-1,0,0,0,1,-1,1,-1,0,0,0,1,1,0,-1,0,0,0,0,0,0,0,1,0,1,-1,0,0,0,-1",,,3,0,0,0,0
"0,-1,0,0,0,1,1,1,1,0,0,0,-1,1,1,-1,0,0,0,0,0,0,0,1,0,1,-1,0,0,0,-1",,,3,0,0,0,0
"0,-1,0,0,0,-1,-1,1,1,1,1,0,-1,1,1,-1,1,0,0,0,0,1,0,1,1,1,1,0,1,1,-1",,,3,0,0,0,0
"0,-1,0,1,0,0,1,1,-1,0,0,0,1,1,1,-1,0,0,0,0,0,0,0,1,0,1,-1,0,0,0,-1",,,3,0,0,0,0
"0,1,0,1,0,0,0,0,1,0,0,0,-1,-1,0,1,0,0,0,0,0,0,0,1,0,-1,0,0,0,0,1",,,3,0,0,0,0
"0,-1,0,0,0,-1,-1,1,1,0,0,0,-1,0,-1,-1,0,0,0,0,0,0,0,-1,0,1,-1,0,0,0,1",,,3,0,0,0,0
"0,-1,0,0,0,-1,0,0,-1,0,0,0,1,-1,0,-1,0,0,0,0,0,0,0,1,1,-1,-1,1,1,0,1",,,3,0,0,0,0
"0,-1,0,0,0,0,-1,1,0,1,1,0,1,0,1,-1,1,0,0,0,1,1,1,1,1,1,1,0,1,1,-1",,,3,0,0,0,0
"0,-1,0,0,0,-1,0,-1,1,0,0,0,-1,-1,-1,-1,0,0,0,0,0,0,0,-1,1,-1,-1,1,0,0,1",,,3,0,0,0,0
"0,1,0,0,0,-1,-1,1,1,0,0,0,1,0,0,1,0,0,0,0,0,0,0,1,1,0,-1,0,1,0,-1",,,3,0,0,0,0
"0,1,0,0,0,-1,1,1,-1,0,0,0,1,0,1,1,0,0,0,0,0,0,0,1,0,1,-1,0,0,0,-1",,,3,0,0,0,0
"0,-1,0,0,0,0,1,1,-1,0,0,0,1,0,1,-1,0,0,0,0,0,0,0,1,1,0,-1,0,1,0,-1",,,3,0,0,0,0
"1,-1,1,0,1,1,-1,1,-1,0,0,1,1,0,0,-1,0,1,1,0,0,0,0,1,1,1,-1,0,1,0,-1",,,3,0,0,0,0
"0,-1,0,0,0,0,0,1,0,1,1,0,1,0,0,-1,1,0,0,0,0,1,1,-1,1,1,1,0,1,1,-1",,,3,0,0,0,0
"0,-1,0,0,0,0,1,1,0,0,0,0,1,0,-1,-1,0,0,0,0,0,0,0,1,0,1,-1,0,0,0,-1",,,3,0,0,0,0
"1,1,1,0,1,0,-1,1,-1,0,0,1,1,1,-1,1,0,1,1,0,0,0,0,-1,1,1,-1,0,1,0,-1",,,3,0,0,0,0
"0,-1,0,0,0,-1,0,-1,1,0,0,0,1,0,-1,-1,0,0,0,0,0,0,0,-1,0,1,-1,0,0,0,-1",,,3,0,0,0,0
"0,-1,0,0,0,0,-1,1,1,0,0,0,1,0,-1,-1,0,0,0,0,0,0,0,-1,1,1,0,0,1,0,-1",,,3,0,0,0,0
"0,1,0,0,0,1,-1,1,-1,1,1,0,1,1,-1,1,1,0,0,0,0,1,1,-1,0,1,-1,0,0,1,-1",,,3,0,0,0,0
"0,-1,0,1,0,1,1,1,-1,0,0,0,1,0,1,-1,0,0,0,0,0,0,0,1,0,1,-1,0,0,0,-1",,,3,0,0,0,0
"0,1,0,0,0,0,0,1,-1,0,0,0,1,0,-1,1,0,0,0,0,0,0,0,-1,0,1,-1,0,0,0,-1",,,3,0,0,0,0
"0,-1,0,0,0,-1,-1,-1,1,1,1,0,-1,-1,0,-1,1,0,0,0,0,1,0,-1,1,-1,-1,1,0,1,1",,,3,0,0,0,0
"0,-1,0,0,0,0,-1,-1,1,1,1,0,-1,0,0,-1,1,0,0,0,0,1,0,-1,0,-1,0,1,0,1,1",,,3,0,0,0,0
"0,1,0,0,0,-1,1,1,-1,1,1,0,1,1,-1,1,1,0,0,0,0,1,0,1,0,1,-1,0,1,1,-1",,,3,0,0,0,0
"0,-1,0,0,0,1,-1,1,-1,0,0,0,1,0,0,-1,0,0,0,0,0,0,0,1,0,1,1,0,1,0,-1",,,3,0,0,0,0
"0,-1,0,0,0,-1,0,1,0,0,0,0,-1,0,1,-1,0,0,0,0,0,0,0,-1,0,0,-1,0,0,0,1",,,3,0,0,0,0
"0,1,0,0,0,-1,-1,1,0,0,0,0,1,-1,-1,1,0,0,0,0,0,0,0,-1,0,0,-1,0,0,0,1",,,3,0,0,0,0
"0,-1,0,0,0,-1,-1,-1,1,0,0,0,-1,0,-1,-1,0,0,0,0,0,0,0,-1,1,0,-1,0,0,0,1",,,3,0,0,0,0
"0,-1,0,0,0,0,1,1,1,0,0,0,1,0,1,-1,0,0,0,0,0,0,0,1,0,1,1,0,0,0,-1",,,3,0,0,0,0
"0,-1,0,0,0,0,-1,1,1,0,0,0,1,1,1,-1,0,0,0,0,0,0,0,1,0,1,1,0,0,0,-1",,,3,0,0,0,0
"0,-1,0,0,0,0,-1,1,-1,0,0,0,1,0,0,-1,0,0,0,0,0,0,0,1,0,1,-1,0,0,0,-1",,,3,0,0,0,0
"0,-1,0,0,0,1,-1,1,-1,1,1,0,1,0,1,-1,1,0,0,0,0,1,1,1,0,1,-1,0,1,1,-1",,,3,0,0,0,0
"0,-1,0,0,0,0,1,1,-1,1,1,0,1,0,-1,-1,1,0,0,0,1,1,1,1,0,1,0,0,0,1,-1",,,3,0,0,0,0
"0,-1,0,0,0,-1,-1,-1,0,0,0,0,-1,-1,-1,-1,0,0,0,0,0,0,0,-1,1,-1,-1,0,0,0,1",,,3,0,0,0,0
"0,1,0,0,0,0,-1,1,-1,1,1,0,1,0,-1,1,1,0,0,0,0,1,0,-1,0,1,0,0,1,1,-1",,,3,0,0,0,0
"0,-1,0,0,0,-1,-1,1,0,0,0,0,1,1,0,-1,0,0,0,0,0,0,0,-1,0,1,1,1,0,0,-1",,,3,0,0,0,0
"0,-1,0,0,0,-1,0,-1,0,0,0,0,-1,-1,-1,-1,0,0,0,0,0,0,0,-1,1,0,-1,1,0,0,1",,,3,0,0,0,0
"0,-1,0,0,0,-1,-1,1,0,0,0,0,1,0,-1,-1,0,0,0,0,0,0,0,1,0,0,-1,1,0,0,-1",,,3,0,0,0,0
"0,1,0,0,0,1,1,1,-1,0,0,0,1,0,-1,1,0,0,0,0,0,0,0,1,0,0,-1,1,0,0,-1",,,3,0,0,0,0
"1,-1,1,0,1,0,1,1,0,0,0,1,-1,0,-1,-1,0,1,1,0,0,0,0,0,0,1,0,0,1,0,-1",,,3,0,0,0,0
"0,-1,0,0,0,0,1,1,-1,0,0,0,1,0,1,-1,0,0,0,0,0,0,0,1,0,-1,0,0,1,0,-1",,,3,0,0,0,0
"0,-1,0,0,0,0,0,1,0,0,0,0,-1,0,-1,-1,0,0,0,0,0,0,0,-1,0,1,1,0,0,0,-1",,,3,0,0,0,0
"0,1,0,1,0,0,1,1,0,0,0,0,-1,0,1,1,0,0,0,0,0,0,0,1,0,1,1,0,0,0,-1",,,3,0,0,0,0
"0,-1,0,0,0,-1,0,-1,-1,0,0,0,1,1,0,-1,0,0,0,0,0,0,0,0,0,1,-1,0,0,0,-1",,,3,0,0,0,0
"0,1,0,1,0,-1,0,-1,-1,0,0,0,1,-1,0,1,0,0,0,0,0,0,0,-1,1,-1,-1,1,1,0,1",,,3,0,0,0,0
"0,-1,0,0,0,-1,-1,1,-1,0,0,0,1,0,1,-1,0,0,0,0,0,0,0,-1,0,0,-1,0,0,0,-1",,,3,0,0,0,0
"0,-1,0,0,0,1,1,1,1,0,0,0,-1,1,0,-1,0,0,0,0,0,0,0,1,0,-1,-1,0,1,0,-1",,,3,0,0,0,0
"0,-1,0,0,0,1,1,1,0,0,0,0,1,0,0,-1,0,0,0,0,0,0,0,0,0,1,-1,0,0,0,-1",,,3,0,0,0,0
"0,-1,0,0,0,-1,1,-1,-1,0,0,0,1,0,0,-1,0,0,0,0,0,1,0,1,0,0,-1,0,1,0,-1",,,3,0,0,0,0
"0,-1,0,0,0,0,-1,-1,1,0,0,0,1,0,0,-1,0,0,0,0,0,0,0,-1,0,-1,0,1,0,0,1",,,3,0,0,0,0
"0,1,0,0,0,0,-1,1,0,0,0,0,1,1,0,1,0,0,0,0,0,0,0,1,0,1,-1,0,0,0,-1",,,3,0,0,0,0
"1,-1,1,0,1,0,-1,1,-1,0,0,1,1,0,1,-1,0,1,1,0,0,0,0,1,0,1,-1,0,1,0,-1",,,3,0,0,0,0
"0,-1,0,0,0,0,1,1,0,0,0,0,1,0,0,-1,0,0,0,0,0,0,0,0,1,1,0,0,0,0,-1",,,3,0,0,0,0
"0,-1,0,0,0,0,-1,1,-1,0,0,0,1,0,-1,-1,0,0,0,0,0,0,0,1,0,1,0,0,0,0,-1",,,3,0,0,0,0
"0,1,0,0,0,0,-1,1,0,0,0,0,1,0,0,1,0,0,0,0,0,0,0,-1,0,1,1,0,0,0,-1",,,3,0,0,0,0
"0,-1,0,0,0,0,1,1,1,0,0,0,-1,0,0,-1,0,0,0,0,0,0,0,1,0,1,1,0,0,0,-1",,,3,0,0,0,0
"0,-1,0,0,0,1,1,1,-1,0,0,0,1,1,-1,-1,0,0,0,0,0,1,0,1,0,1,-1,0,0,0,-1",,,3,0,0,0,0
"0,-1,0,0,0,-1,-1,-1,0,0,0,0,1,0,0,-1,0,0,0,0,0,0,0,-1,0,1,-1,0,0,0,1",,,3,0,0,0,0
"0,-1,0,0,0,-1,-1,1,-1,0,0,0,1,0,-1,-1,0,0,0,0,0,0,0,1,1,0,-1,0,1,0,-1",,,3,0,0,0,0
"0,-1,0,0,0,0,0,1,0,0,0,0,1,0,1,-1,0,0,0,0,0,0,0,-1,1,1,-1,0,1,0,-1",,,3,0,0,0,0
"1,-1,1,0,1,0,1,1,1,0,0,1,1,0,1,-1,0,1,1,0,0,0,0,1,1,1,-1,0,1,0,-1",,,3,0,0,0,0
"0,-1,0,0,0,-1,-1,-1,0,0,0,0,1,-1,0,-1,0,0,0,0,0,0,0,-1,0,-1,-1,0,0,0,1",,,3,0,0,0,0
"0,-1,0,0,0,0,-1,1,0,0,0,0,1,0,-1,-1,0,0,0,0,0,0,0,1,1,1,-1,1,1,0,-1",,,3,0,0,0,0
"0,-1,0,0,0,-1,-1,-1,1,0,0,0,-1,-1,-1,-1,0,0,0,0,0,0,0,-1,0,-1,-1,0,0,0,1",,,3,0,0,0,0
"1,-1,1,0,1,0,-1,1,1,0,0,1,1,0,1,-1,0,1,1,0,0,0,0,1,1,1,1,1,1,0,-1",,,3,0,0,0,0
"0,-1,0,0,0,0,-1,-1,0,0,0,0,-1,0,-1,-1,0,0,0,0,0,0,0,-1,0,1,-1,0,0,0,1",,,3,0,0,0,0
"0,-1,0,0,0,-1,0,-1,0,0,0,0,1,-1,0,-1,0,0,0,0,0,0,0,-1,0,1,-1,0,0,0,1",,,3,0,0,0,0
"0,-1,0,0,0,-1,-1,-1,-1,0,0,0,1,0,-1,-1,0,0,0,0,0,0,0,-1,1,0,-1,0,0,0,1",,,3,0,0,0,0
"0,-1,0,0,0,-1,1,1,-1,0,0,0,1,0,-1,-1,0,0,0,0,0,0,0,1,0,0,-1,0,0,0,-1",,,3,0,0,0,0
"0,-1,0,1,0,1,1,1,-1,0,0,0,1,1,1,-1,0,0,0,0,0,0,0,1,0,1,1,0,0,0,-1",,,3,0,0,0,0
"1,-1,1,0,1,1,1,1,-1,0,0,1,1,0,-1,-1,0,1,1,0,0,0,0,0,1,1,-1,0,1,0,-1",,,3,0,0,0,0
"0,-1,0,0,0,0,-1,-1,0,0,0,0,1,-1,-1,-1,0,0,0,0,0,0,0,1,1,0,0,0,1,0,1",,,3,0,0,0,0
"0,-1,0,0,0,-1,-1,-1,-1,1,1,0,1,-1,0,-1,1,0,0,0,0,0,0,-1,1,1,-1,0,0,1,1",,,3,0,0,0,0
"0,1,0,0,0,-1,0,0,-1,1,1,0,1,-1,0,1,1,0,0,0,0,0,0,1,1,0,-1,0,1,1,1",,,3,0,0,0,0
"0,1,0,0,0,-1,-1,-1,0,0,0,0,1,-1,-1,1,0,0,0,0,0,0,0,-1,1,0,-1,0,0,0,1",,,3,0,0,0,0
"0,-1,0,0,0,-1,-1,1,0,1,1,0,-1,0,-1,-1,1,0,0,0,0,0,0,0,1,0,-1,0,1,1,1",,,3,0,0,0,0
"0,-1,0,0,0,0,1,1,0,0,0,0,1,0,0,-1,0,0,0,0,0,0,0,-1,0,0,-1,0,0,0,-1",,,3,0,0,0,0
"0,-1,0,0,0,-1,0,-1,1,0,0,0,-1,-1,0,-1,0,0,0,0,0,0,0,-1,1,0,-1,0,0,0,1",,,3,0,0,0,0
"0,-1,0,0,0,0,-1,-1,1,0,0,0,-1,-1,0,-1,0,0,0,0,0,0,0,-1,0,-1,0,0,0,0,1",,,3,0,0,0,0
"0,-1,0,0,0,0,1,1,1,0,0,0,1,1,0,-1,0,0,0,0,0,0,0,1,0,1,0,0,0,0,-1",,,3,0,0,0,0
"1,-1,1,0,1,1,0,1,-1,0,0,1,1,1,0,-1,0,1,1,0,0,0,0,0,1,1,-1,0,1,0,-1",,,3,0,0,0,0
"0,-1,0,0,0,1,0,-1,-1,0,0,0,1,1,1,-1,0,0,0,0,0,0,0,0,0,1,-1,0,0,0,-1",,,3,0,0,0,0
"1,1,1,0,1,-1,0,0,0,0,0,1,-1,-1,1,1,0,1,1,0,0,0,0,0,0,-1,-1,0,0,0,1",,,3,0,0,0,0
"0,-1,0,0,0,0,1,1,0,0,0,0,-1,0,0,-1,0,0,0,0,0,0,0,-1,1,-1,-1,0,1,0,-1",,,3,0,0,0,0
"0,-1,0,0,0,-1,0,0,1,0,0,0,-1,-1,0,-1,0,0,0,0,0,0,0,1,0,0,-1,0,0,0,1",,,3,0,0,0,0
"0,-1,0,0,0,0,-1,1,0,0,0,0,1,0,0,-1,0,0,0,0,0,0,0,1,0,1,0,0,0,0,-1",,,3,0,0,0,0
"0,-1,0,0,0,0,-1,1,-1,1,1,0,1,0,-1,-1,1,0,0,0,1,1,1,1,1,1,1,0,1,1,-1",,,3,0,0,0,0
"0,-1,0,0,0,0,0,1,1,0,0,0,-1,1,0,-1,0,0,0,0,0,0,0,-1,0,1,0,0,0,0,-1",,,3,0,0,0,0
"1,-1,1,0,1,-1,0,-1,1,0,0,1,-1,-1,1,-1,0,1,1,0,0,0,0,-1,0,-1,-1,0,0,0,1",,,3,0,0,0,0
"0,-1,0,0,0,-1,-1,1,1,0,0,0,-1,-1,-1,-1,0,0,0,0,0,0,0,-1,0,1,-1,0,0,0,1",,,3,0,0,0,0
"1,-1,1,0,1,0,0,1,1,0,0,1,-1,1,0,-1,0,1,1,0,0,0,0,-1,1,1,-1,0,1,0,-1",,,3,0,0,0,0
"0,-1,0,0,0,0,0,-1,1,0,0,0,1,-1,-1,-1,0,0,0,0,0,0,0,-1,0,0,-1,1,0,0,1",,,3,0,0,0,0
"0,-1,0,0,0,-1,-1,1,0,0,0,0,1,1,1,-1,0,0,0,0,0,0,0,1,0,1,1,1,0,0,-1",,,3,0,0,0,0
"0,-1,0,0,0,-1,-1,1,1,0,0,0,-1,0,-1,-1,0,0,0,0,0,0,0,-1,1,1,-1,0,1,0,1",,,3,0,0,0,0
"0,1,0,0,0,-1,-1,-1,0,0,0,0,-1,-1,0,1,0,0,0,0,0,0,0,-1,0,-1,-1,0,0,0,1",,,3,0,0,0,0
"0,-1,0,0,0,0,1,1,0,0,0,0,-1,0,1,-1,0,0,0,0,0,0,0,1,0,1,1,0,0,0,-1",,,3,0,0,0,0
"0,-1,0,0,0,-1,0,0,0,0,0,0,1,-1,-1,-1,0,0,0,0,0,0,0,1,1,-1,-1,0,1,0,1",,,3,0,0,0,0
"0,-1,0,0,0,0,1,-1,0,1,1,0,1,1,1,-1,1,0,0,0,0,1,0,1,1,1,-1,0,1,1,-1",,,3,0,0,0,0
"0,-1,0,0,0,0,0,0,1,0,0,0,-1,0,0,-1,0,0,0,0,0,0,0,1,0,-1,0,0,0,0,1",,,3,0,0,0,0
"1,1,1,0,1,0,0,0,-1,0,0,1,1,-1,0,1,0,1,1,0,0,0,0,1,1,1,0,0,1,0,1",,,3,0,0,0,0
"0,1,0,0,0,-1,0,0,-1,1,1,0,1,-1,0,1,1,0,0,0,0,1,0,1,0,0,-1,0,0,1,1",,,3,0,0,0,0
"0,-1,0,0,0,-1,-1,-1,1,0,0,0,-1,0,-1,-1,0,0,0,0,0,0,0,0,1,1,-1,0,1,0,-1",,,3,0,0,0,0
"0,-1,0,1,0,0,-1,-1,1,0,0,0,-1,-1,0,-1,0,0,0,0,0,0,0,-1,0,-1,-1,0,0,0,1",,,3,0,0,0,0
"0,-1,0,0,0,0,1,1,1,0,0,0,-1,0,0,-1,0,0,0,0,0,0,0,0,0,1,1,0,0,0,-1",,,3,0,0,0,0
"0,-1,0,0,0,0,-1,-1,1,0,0,0,-1,0,-1,-1,0,0,0,0,0,0,0,-1,0,1,-1,0,0,0,1",,,3,0,0,0,0
"0,1,0,0,0,0,0,1,-1,1,1,0,1,0,0,1,1,0,0,0,0,1,0,-1,0,1,0,0,0,1,-1",,,3,0,0,0,0
"0,-1,0,0,0,-1,-1,-1,1,0,0,0,-1,-1,0,-1,0,0,0,0,0,0,0,-1,1,0,-1,0,1,0,1",,,3,0,0,0,0
"0,-1,0,0,0,-1,-1,-1,0,0,0,0,1,-1,0,-1,0,0,0,0,0,0,0,1,1,-1,-1,0,0,0,1",,,3,0,0,0,0
"0,1,0,0,0,-1,-1,-1,-1,1,1,0,1,-1,0,1,1,0,0,0,0,1,0,-1,1,1,-1,0,1,1,1",,,3,0,0,0,0
"0,1,0,0,0,0,0,0,0,1,1,0,-1,-1,0,1,1,0,0,0,0,1,0,1,1,-1,-1,0,0,1,1",,,3,0,0,0,0
"0,-1,0,0,0,-1,0,-1,-1,0,0,0,1,-1,0,-1,0,0,0,0,0,1,0,-1,1,-1,-1,0,0,0,1",,,3,0,0,0,0
"0,-1,0,0,0,1,1,1,1,0,0,0,-1,1,-1,-1,0,0,0,0,0,1,0,1,0,1,-1,0,0,0,-1",,,3,0,0,0,0
"0,-1,0,0,0,0,-1,-1,1,0,0,0,-1,-1,0,-1,0,0,0,0,0,0,0,-1,1,-1,-1,0,1,0,1",,,3,0,0,0,0
"0,-1,0,0,0,0,-1,1,1,0,0,0,-1,0,0,-1,0,0,0,0,0,0,0,-1,1,1,-1,0,1,0,-1",,,3,0,0,0,0
"1,-1,1,0,1,0,1,1,1,0,0,1,-1,0,0,-1,0,1,1,0,0,0,0,0,1,1,-1,1,1,0,-1",,,3,0,0,0,0
"0,-1,0,0,0,0,-1,1,1,0,0,0,-1,0,0,-1,0,0,0,0,0,0,0,1,0,1,0,1,0,0,-1",,,3,0,0,0,0
"0,-1,0,0,0,-1,-1,-1,0,1,1,0,-1,-1,0,-1,1,0,0,0,0,1,0,-1,1,-1,-1,0,0,1,1",,,3,0,0,0,0
"0,-1,0,0,0,1,-1,1,0,1,1,0,-1,1,0,-1,1,0,0,0,0,0,0,1,0,1,-1,0,0,1,-1",,,3,0,0,0,0
"0,1,0,0,0,0,-1,1,-1,1,1,0,1,0,-1,1,1,0,0,0,0,1,0,-1,1,1,-1,0,1,1,-1",,,3,0,0,0,0
"0,-1,0,0,0,1,-1,1,0,1,1,0,-1,1,-1,-1,1,0,0,0,0,1,0,1,0,1,-1,0,0,1,-1",,,3,0,0,0,0
"0,-1,0,0,0,1,1,1,-1,0,0,0,1,0,1,-1,0,0,0,0,0,0,0,1,1,-1,-1,0,1,0,-1",,,3,0,0,0,0
"0,-1,0,0,0,-1,-1,-1,-1,1,1,0,1,0,-1,-1,1,0,0,0,0,1,0,-1,1,0,-1,0,0,1,1",,,3,0,0,0,0
"0,-1,0,0,0,1,0,1,-1,0,0,0,1,0,0,-1,0,0,0,0,0,1,0,-1,1,1,-1,0,1,0,-1",,,3,0,0,0,0
"0,-1,0,0,0,1,-1,1,0,1,1,0,1,1,-1,-1,1,0,0,0,0,1,0,1,0,1,-1,0,1,1,-1",,,3,0,0,0,0
"0,-1,0,0,0,-1,0,0,1,0,0,0,-1,-1,0,-1,0,0,0,0,0,0,0,1,1,-1,-1,0,0,0,1",,,3,0,0,0,0
"0,-1,0,0,0,-1,-1,-1,-1,1,1,0,1,-1,-1,-1,1,0,0,0,0,0,0,-1,1,1,-1,0,1,1,1",,,3,0,0,0,0
"0,-1,0,0,0,0,0,0,1,0,0,0,1,-1,0,-1,0,0,0,0,0,0,0,1,0,-1,-1,0,0,0,1",,,3,0,0,0,0
"0,-1,0,0,0,-1,-1,1,-1,0,0,0,1,0,-1,-1,0,0,0,0,0,0,0,-1,0,0,-1,0,0,0,1",,,3,0,0,0,0
"0,-1,0,0,0,0,1,1,0,0,0,0,-1,1,0,-1,0,0,0,0,0,0,0,1,0,-1,-1,1,1,0,-1",,,3,0,0,0,0
"0,-1,0,0,0,0,1,1,0,0,0,0,1,0,0,-1,0,0,0,0,0,0,0,-1,1,0,-1,1,1,0,-1",,,3,0,0,0,0
"1,-1,1,0,1,-1,0,-1,0,1,1,1,-1,-1,1,-1,1,1,1,0,0,1,1,-1,1,1,-1,0,1,1,1",,,3,0,0,0,0
"0,-1,0,0,0,-1,-1,-1,0,0,0,0,1,-1,0,-1,0,0,0,0,0,0,0,-1,0,0,-1,0,0,0,1",,,3,0,0,0,0
"0,-1,0,0,0,0,0,1,0,0,0,0,1,0,1,-1,0,0,0,0,0,0,0,-1,0,1,1,0,0,0,-1",,,3,0,0,0,0
"0,-1,0,0,0,-1,-1,-1,0,1,1,0,1,-1,0,-1,1,0,0,1,0,1,0,-1,1,0,-1,0,0,1,1",,,3,0,0,0,0
"0,-1,0,0,0,0,1,-1,1,0,0,0,-1,-1,-1,-1,0,0,0,0,0,0,0,-1,1,-1,0,0,0,0,1",,,3,0,0,0,0
"1,1,1,0,1,0,0,1,0,1,1,1,-1,0,1,1,1,1,1,1,0,1,0,-1,1,-1,1,0,1,1,-1",,,3,0,0,0,0
"0,-1,0,0,0,-1,1,1,1,0,0,0,-1,0,1,-1,0,0,0,0,0,0,0,0,0,1,-1,0,0,0,-1",,,3,0,0,0,0
"0,-1,0,0,0,-1,1,1,1,0,0,0,-1,-1,0,-1,0,0,0,0,0,0,0,1,1,-1,-1,1,0,0,1",,,3,0,0,0,0
"0,1,0,0,0,1,-1,1,-1,0,0,0,1,0,0,1,0,0,0,0,0,0,0,-1,1,1,-1,0,1,0,-1",,,3,0,0,0,0
"0,-1,0,0,0,-1,-1,-1,1,0,0,0,-1,0,0,-1,0,0,0,0,0,0,0,0,1,1,-1,1,1,0,1",,,3,0,0,0,0
"0,-1,0,0,0,1,1,1,0,0,0,0,1,0,1,-1,0,0,0,0,0,0,0,1,1,1,-1,0,0,0,-1",,,3,0,0,0,0
"0,-1,0,0,0,-1,-1,1,1,0,0,0,-1,0,-1,-1,0,0,0,0,0,0,0,-1,1,0,-1,0,0,0,1",,,3,0,0,0,0
"0,-1,0,0,0,-1,-1,-1,1,0,0,0,-1,-1,0,-1,0,0,0,0,0,0,0,-1,1,0,-1,0,0,0,1",,,3,0,0,0,0
"0,-1,0,0,0,-1,0,0,1,1,1,0,-1,-1,-1,-1,1,0,0,1,0,1,0,1,1,1,-1,0,1,1,1",,,3,0,0,0,0
"0,-1,0,0,0,-1,0,1,0,0,0,0,-1,0,-1,-1,0,0,0,0,0,0,0,1,1,1,-1,0,1,0,-1",,,3,0,0,0,0
"0,-1,0,0,0,0,1,1,0,0,0,0,-1,0,0,-1,0,0,0,0,0,0,0,1,0,1,1,0,0,0,-1",,,3,0,0,0,0
"0,-1,0,1,0,-1,-1,-1,1,0,0,0,-1,-1,0,-1,0,0,0,0,0,0,0,-1,1,-1,-1,1,0,0,1",,,3,0,0,0,0
"0,-1,0,0,0,0,-1,-1,1,0,0,0,-1,-1,-1,-1,0,0,0,0,0,0,0,-1,1,0,0,1,0,0,1",,,3,0,0,0,0
"0,-1,0,0,0,0,1,1,1,0,0,0,-1,0,-1,-1,0,0,0,0,0,0,0,1,0,-1,0,0,0,0,-1",,,3,0,0,0,0
"0,-1,0,0,0,0,0,0,1,0,0,0,-1,-1,0,-1,0,0,0,0,0,0,0,1,0,1,-1,1,0,0,1",,,3,0,0,0,0
"0,-1,0,0,0,0,1,1,-1,0,0,0,1,0,0,-1,0,0,0,0,0,0,0,1,0,1,1,1,0,0,-1",,,3,0,0,0,0
"0,-1,0,0,0,-1,-1,-1,-1,0,0,0,1,-1,-1,-1,0,0,0,0,0,0,0,-1,0,1,-1,0,0,0,1",,,3,0,0,0,0
"0,-1,0,0,0,0,0,1,1,0,0,0,-1,1,-1,-1,0,0,0,0,0,0,0,-1,1,1,-1,0,1,0,-1",,,3,0,0,0,0
"0,-1,0,0,0,0,1,1,1,0,0,0,-1,0,-1,-1,0,0,0,0,0,0,0,1,0,-1,1,0,0,0,-1",,,3,0,0,0,0
"0,-1,0,0,0,-1,-1,-1,0,0,0,0,1,-1,-1,-1,0,0,0,0,0,0,0,-1,1,-1,-1,0,1,0,1",,,3,0,0,0,0
"0,-1,0,0,0,1,-1,1,1,0,0,0,-1,0,1,-1,0,0,0,0,0,0,0,1,1,1,-1,0,1,0,-1",,,3,0,0,0,0
"0,-1,0,0,0,-1,-1,1,-1,0,0,0,1,0,0,-1,0,0,0,0,0,0,0,1,0,0,-1,0,0,0,-1",,,3,0,0,0,0
"0,1,0,0,0,-1,-1,-1,1,0,0,0,1,0,0,1,0,0,0,0,0,0,0,1,1,1,-1,1,1,0,1",,,3,0,0,0,0
"1,-1,1,0,1,0,0,0,0,1,1,1,-1,-1,1,-1,1,1,1,1,0,1,0,0,1,-1,-1,0,1,1,1",,,3,0,0,0,0
"0,-1,0,0,0,-1,1,1,-1,0,0,0,1,0,0,-1,0,0,0,0,0,0,0,1,0,0,-1,0,0,0,-1",,,3,0,0,0,0
"0,-1,0,0,0,0,-1,1,0,0,0,0,1,0,0,-1,0,0,0,0,0,0,0,-1,1,1,1,0,1,0,-1",,,3,0,0,0,0
"0,-1,0,0,0,-1,-1,1,0,0,0,0,1,0,0,-1,0,0,0,0,0,0,0,-1,0,0,-1,0,0,0,1",,,3,0,0,0,0
"0,1,0,0,0,0,0,1,-1,0,0,0,1,1,0,1,0,0,0,0,0,0,0,-1,0,1,0,0,0,0,-1",,,3,0,0,0,0
"0,-1,0,0,0,0,-1,-1,-1,0,0,0,1,0,-1,-1,0,0,0,0,0,0,0,-1,1,-1,1,0,1,0,1",,,3,0,0,0,0
"0,-1,0,0,0,-1,-1,-1,0,0,0,0,1,0,0,-1,0,0,0,0,0,0,0,-1,0,0,-1,0,0,0,1",,,3,0,0,0,0
"0,-1,0,0,0,0,0,1,0,1,1,0,1,0,-1,-1,1,0,0,1,0,1,1,-1,1,1,1,0,1,1,-1",,,3,0,0,0,0
"0,-1,0,0,0,-1,-1,1,-1,1,1,0,1,-1,1,-1,1,0,0,1,0,1,1,1,1,1,-1,0,1,1,-1",,,3,0,0,0,0
"0,-1,0,0,0,-1,1,1,1,1,1,0,-1,0,1,-1,1,0,0,1,0,1,1,1,1,1,-1,0,1,1,1",,,3,0,0,0,0
"1,-1,1,0,1,0,1,1,1,0,0,1,-1,0,1,-1,0,1,1,0,0,0,0,1,1,-1,-1,0,0,0,-1",,,3,0,0,0,0
"0,-1,0,0,0,0,1,1,0,0,0,0,1,0,0,-1,0,0,0,0,0,0,0,1,1,0,-1,0,0,0,1",,,3,0,0,0,0
"1,-1,1,0,1,-1,0,-1,0,1,1,1,-1,-1,1,-1,1,1,1,1,0,1,0,-1,1,0,-1,0,1,1,1",,,3,0,0,0,0
"0,-1,0,0,0,0,-1,1,0,1,1,0,1,0,-1,-1,1,0,0,1,0,1,0,-1,1,1,1,0,1,1,-1",,,3,0,0,0,0
"1,-1,1,0,1,0,0,1,-1,0,0,1,1,0,0,-1,0,1,1,0,0,0,0,0,1,1,-1,0,1,0,-1",,,3,0,0,0,0
"0,-1,0,0,0,0,1,1,-1,1,1,0,1,1,-1,-1,1,0,0,1,0,1,0,1,0,1,-1,1,0,1,-1",,,3,0,0,0,0
"0,-1,0,0,0,0,-1,-1,0,0,0,0,-1,0,-1,-1,0,0,0,0,0,0,0,1,0,-1,1,0,0,0,1",,,3,0,0,0,0
"0,-1,0,0,0,0,-1,1,1,0,0,0,1,0,0,-1,0,0,0,0,0,0,0,1,1,-1,0,0,1,0,-1",,,3,0,0,0,0
"0,-1,0,0,0,-1,-1,1,0,0,0,0,-1,0,-1,-1,0,0,0,0,0,0,0,-1,0,1,-1,0,0,0,1",,,3,0,0,0,0
"0,-1,0,0,0,0,-1,1,-1,1,1,0,1,1,-1,-1,1,0,0,1,0,1,1,-1,1,1,1,0,0,1,-1",,,3,0,0,0,0
"0,-1,0,0,0,-1,0,1,1,0,0,0,-1,-1,-1,-1,0,0,0,0,0,0,0,-1,1,0,-1,0,0,0,1",,,3,0,0,0,0
"0,-1,0,0,0,0,1,1,1,1,1,0,-1,1,-1,-1,1,0,0,1,0,1,1,1,0,1,-1,0,0,1,-1",,,3,0,0,0,0
"0,-1,0,1,0,1,1,1,0,0,0,0,1,1,1,-1,0,0,0,0,0,0,0,1,0,1,-1,0,0,0,-1",,,3,0,0,0,0
"0,-1,0,0,0,0,0,1,-1,0,0,0,1,0,-1,-1,0,0,0,0,0,0,0,-1,0,1,-1,0,0,0,-1",,,3,0,0,0,0
"0,1,0,0,0,-1,1,1,-1,0,0,0,1,1,-1,1,0,0,0,0,0,0,0,0,0,1,1,1,0,0,-1",,,3,0,0,0,0
"0,-1,0,0,0,-1,-1,-1,0,1,1,0,1,-1,0,-1,1,0,0,1,0,1,1,-1,1,0,-1,0,1,1,1",,,3,0,0,0,0
"0,1,0,0,0,-1,0,1,0,0,0,0,1,1,1,1,0,0,0,0,0,0,0,-1,0,1,1,1,0,0,-1",,,3,0,0,0,0
"0,1,0,0,0,1,-1,1,-1,1,1,0,1,0,-1,1,1,0,0,1,1,1,1,1,1,1,-1,0,1,1,-1",,,3,0,0,0,0
"0,1,0,0,0,0,0,1,0,0,0,0,1,0,-1,1,0,0,0,0,0,0,0,-1,0,1,0,0,0,0,-1",,,3,0,0,0,0
"0,-1,0,0,0,-1,1,-1,0,0,0,0,1,-1,-1,-1,0,0,0,0,0,0,0,1,0,0,-1,0,0,0,1",,,3,0,0,0,0
"0,-1,0,0,0,0,1,-1,0,0,0,0,-1,-1,0,-1,0,0,0,0,0,0,0,1,0,-1,0,0,0,0,1",,,3,0,0,0,0
"0,-1,0,0,0,1,0,1,1,1,1,0,-1,1,-1,-1,1,0,0,1,1,1,1,-1,1,1,-1,0,1,1,-1",,,3,0,0,0,0
"0,-1,0,0,0,0,-1,-1,0,0,0,0,-1,0,0,-1,0,0,0,0,0,0,0,-1,1,-1,1,0,1,0,1",,,3,0,0,0,0
"0,-1,0,0,0,-1,1,1,1,0,0,0,-1,-1,-1,-1,0,0,0,0,0,0,0,1,0,-1,-1,0,0,0,1",,,3,0,0,0,0
"0,-1,0,0,0,-1,-1,-1,1,0,0,0,1,0,-1,-1,0,0,0,0,0,0,0,-1,1,1,-1,0,0,0,1",,,3,0,0,0,0
"0,-1,0,0,0,0,1,1,0,0,0,0,-1,0,0,-1,0,0,0,0,0,0,0,0,0,1,1,0,0,0,-1",,,3,0,0,0,0
"0,-1,0,0,0,0,0,0,1,0,0,0,-1,0,0,-1,0,0,0,0,0,0,0,1,1,-1,1,0,0,0,1",,,3,0,0,0,0
"0,-1,0,0,0,0,-1,1,1,0,0,0,-1,0,-1,-1,0,0,0,0,0,0,0,-1,1,1,-1,0,0,0,1",,,3,0,0,0,0
"0,-1,0,0,0,-1,0,-1,0,0,0,0,-1,-1,0,-1,0,0,0,0,0,0,0,-1,1,1,-1,1,0,0,1",,,3,0,0,0,0
"0,1,0,0,0,-1,0,1,-1,0,0,0,1,0,1,1,0,0,0,0,0,0,0,-1,0,1,-1,0,0,0,-1",,,3,0,0,0,0
"0,-1,0,0,0,-1,0,0,1,0,0,0,-1,1,-1,-1,0,0,0,0,0,0,0,1,1,-1,-1,1,1,0,1",,,3,0,0,0,0
"0,1,0,0,0,0,-1,1,-1,0,0,0,1,0,1,1,0,0,0,0,0,0,0,1,0,1,-1,0,0,0,-1",,,3,0,0,0,0
"0,-1,0,0,0,0,1,1,0,0,0,0,1,0,-1,-1,0,0,0,0,0,0,0,1,0,1,0,0,0,0,-1",,,3,0,0,0,0
"0,-1,0,0,0,1,1,1,1,1,1,0,-1,1,0,-1,1,0,0,1,0,1,1,1,0,1,-1,0,0,1,-1",,,3,0,0,0,0
"0,1,0,0,0,-1,0,0,-1,0,0,0,1,-1,0,1,0,0,0,0,0,0,0,1,1,0,-1,0,0,0,1",,,3,0,0,0,0
"0,-1,0,0,0,-1,1,1,0,0,0,0,1,0,-1,-1,0,0,0,0,0,0,0,1,1,0,-1,0,0,0,1",,,3,0,0,0,0
"0,-1,0,0,0,0,1,1,0,0,0,0,-1,1,0,-1,0,0,0,0,0,0,0,1,0,1,-1,0,0,0,-1",,,3,0,0,0,0
"0,-1,0,0,0,0,-1,-1,0,0,0,0,-1,-1,-1,-1,0,0,0,0,0,0,0,-1,1,-1,0,0,0,0,1",,,3,0,0,0,0
"0,-1,0,0,0,-1,0,-1,1,0,0,0,-1,-1,-1,-1,0,0,0,0,0,0,0,-1,1,-1,-1,1,1,0,1",,,3,0,0,0,0
"0,-1,0,0,0,-1,0,-1,0,1,1,0,1,-1,0,-1,1,0,0,1,0,1,1,-1,1,-1,-1,0,0,1,1",,,3,0,0,0,0
"0,-1,0,0,0,-1,0,-1,1,0,0,0,-1,0,-1,-1,0,0,0,0,0,0,0,-1,1,1,-1,0,1,0,-1",,,3,0,0,0,0
"0,-1,0,0,0,-1,-1,-1,0,0,0,0,-1,1,0,-1,0,0,0,0,0,0,0,-1,1,-1,-1,1,1,0,1",,,3,0,0,0,0
"0,-1,0,0,0,-1,-1,1,-1,0,0,0,1,0,-1,-1,0,0,0,0,0,0,0,-1,0,0,-1,0,0,0,-1",,,3,0,0,0,0
"0,-1,0,1,0,0,1,1,-1,0,0,0,1,0,1,-1,0,0,0,0,0,0,0,1,0,1,1,0,0,0,-1",,,3,0,0,0,0
"0,-1,0,0,0,-1,-1,-1,1,0,0,0,-1,0,-1,-1,0,0,0,0,0,0,0,-1,0,1,-1,1,0,0,1",,,3,0,0,0,0
"0,-1,0,0,0,-1,-1,-1,1,0,0,0,-1,-1,0,-1,0,0,0,0,0,0,0,-1,1,-1,-1,1,1,0,1",,,3,0,0,0,0
"0,-1,0,0,0,0,1,1,0,0,0,0,1,0,0,-1,0,0,0,0,0,0,0,1,0,0,-1,0,0,0,-1",,,3,0,0,0,0
"0,1,0,0,0,0,1,1,-1,0,0,0,1,0,0,1,0,0,0,0,0,0,0,1,0,-1,1,0,0,0,-1",,,3,0,0,0,0
"0,-1,0,0,0,-1,-1,-1,1,0,0,0,-1,-1,-1,-1,0,0,0,0,0,0,0,-1,1,0,-1,0,1,0,1",,,3,0,0,0,0
"0,-1,0,0,0,0,1,1,1,0,0,0,-1,-1,-1,-1,0,0,0,0,0,0,0,1,1,-1,-1,0,1,0,1",,,3,0,0,0,0
"0,1,0,0,0,-1,-1,-1,-1,0,0,0,1,-1,0,1,0,0,0,0,0,0,0,-1,0,-1,-1,0,0,0,1",,,3,0,0,0,0
"0,-1,0,0,0,0,0,-1,0,0,0,0,-1,1,1,-1,0,0,0,0,0,0,0,-1,1,-1,-1,0,1,0,-1",,,3,0,0,0,0
"0,-1,0,0,0,-1,0,0,0,0,0,0,1,-1,0,-1,0,0,0,0,0,0,0,0,0,-1,-1,0,0,0,1",,,3,0,0,0,0
"1,-1,1,0,1,0,1,-1,-1,0,0,1,1,0,0,-1,0,1,1,0,0,0,0,1,0,1,1,0,1,0,-1",,,3,0,0,0,0
"0,-1,0,0,0,1,-1,1,1,1,1,0,-1,0,1,-1,1,0,0,1,0,1,1,1,0,1,-1,0,1,1,-1",,,3,0,0,0,0
"0,-1,0,0,0,-1,-1,1,0,0,0,0,-1,0,-1,-1,0,0,0,0,0,0,0,-1,0,0,-1,1,0,0,1",,,3,0,0,0,0
"0,-1,0,0,0,0,0,-1,0,0,0,0,1,-1,0,-1,0,0,0,0,0,0,0,-1,0,0,-1,1,1,0,1",,,3,0,0,0,0
"0,-1,0,0,0,0,-1,-1,1,0,0,0,-1,-1,-1,-1,0,0,0,0,0,0,0,-1,0,0,-1,1,0,0,1",,,3,0,0,0,0
"0,-1,0,0,0,0,1,1,-1,0,0,0,1,1,0,-1,0,0,0,0,0,0,0,1,0,0,-1,0,0,0,-1",,,3,0,0,0,0
"0,-1,0,1,0,0,1,1,1,0,0,0,1,0,1,-1,0,0,0,0,0,0,0,1,0,1,1,0,0,0,-1",,,3,0,0,0,0
"0,-1,0,1,0,1,-1,1,1,0,0,0,-1,1,1,-1,0,0,0,0,0,0,0,1,0,1,1,0,0,0,-1",,,3,0,0,0,0
"1,-1,1,0,1,-1,0,-1,1,1,1,1,-1,-1,1,-1,1,1,1,1,0,1,1,-1,1,-1,-1,1,1,1,1",,,3,0,0,0,0
"0,-1,0,0,0,0,1,1,-1,0,0,0,1,1,0,-1,0,0,0,0,0,0,0,1,0,1,1,0,0,0,-1",,,3,0,0,0,0
"0,-1,0,0,0,-1,0,-1,1,0,0,0,-1,-1,-1,-1,0,0,0,0,0,0,0,-1,1,0,-1,1,0,0,1",,,3,0,0,0,0
"0,-1,0,0,0,0,-1,-1,1,0,0,0,-1,-1,-1,-1,0,0,0,0,0,0,0,-1,1,-1,-1,1,1,0,1",,,3,0,0,0,0
"1,-1,1,0,1,0,-1,1,-1,0,0,1,1,1,0,-1,0,1,1,0,0,0,0,1,0,1,-1,0,1,0,-1",,,3,0,0,0,0
"0,-1,0,0,0,-1,1,-1,1,0,0,0,-1,0,-1,-1,0,0,0,0,0,0,0,-1,1,1,-1,0,0,0,1",,,3,0,0,0,0
"0,-1,0,0,0,-1,-1,-1,-1,1,1,0,1,0,1,-1,1,0,0,1,0,1,1,1,0,0,-1,0,1,1,-1",,,3,0,0,0,0
"0,1,0,0,0,0,-1,-1,0,0,0,0,1,-1,-1,1,0,0,0,0,0,0,0,-1,1,-1,-1,0,0,0,1",,,3,0,0,0,0
"0,-1,0,0,0,0,0,0,1,1,1,0,1,-1,0,-1,1,0,0,1,0,1,1,1,0,0,-1,1,0,1,1",,,3,0,0,0,0
"0,-1,0,0,0,0,1,1,0,0,0,0,-1,1,-1,-1,0,0,0,0,0,0,0,1,0,1,-1,1,0,0,-1",,,3,0,0,0,0
"0,-1,0,0,0,0,-1,-1,1,1,1,0,-1,0,0,-1,1,0,0,1,1,1,1,-1,0,-1,0,0,0,1,1",,,3,0,0,0,0
"0,-1,0,0,0,1,-1,1,0,1,1,0,1,1,1,-1,1,0,0,1,1,1,1,1,0,1,-1,0,1,1,-1",,,3,0,0,0,0
"0,-1,0,0,0,1,1,1,0,0,0,0,1,1,1,-1,0,0,0,0,0,0,0,0,0,1,-1,0,0,0,-1",,,3,0,0,0,0
"0,-1,0,0,0,0,1,1,0,0,0,0,1,1,0,-1,0,0,0,0,0,0,0,1,0,0,-1,0,0,0,-1",,,3,0,0,0,0
"0,-1,0,0,0,0,0,1,0,0,0,0,1,0,1,-1,0,0,0,0,0,0,0,-1,0,1,1,0,1,0,-1",,,3,0,0,0,0
"0,-1,0,0,0,1,-1,1,-1,0,0,0,1,0,0,-1,0,0,0,0,0,0,0,1,0,1,-1,0,1,0,-1",,,3,0,0,0,0
"1,-1,1,0,1,0,0,1,0,0,0,1,1,1,1,-1,0,1,1,0,0,0,0,0,0,1,-1,0,1,0,-1",,,3,0,0,0,0
"0,-1,0,0,0,-1,0,0,0,0,0,0,1,-1,0,-1,0,0,0,0,0,0,0,1,0,-1,-1,0,0,0,1",,,3,0,0,0,0
"0,-1,0,0,0,1,-1,1,0,1,1,0,-1,1,1,-1,1,0,0,1,1,1,1,1,0,1,-1,0,1,1,-1",,,3,0,0,0,0
"0,-1,0,0,0,0,1,1,1,0,0,0,-1,0,-1,-1,0,0,0,0,0,0,0,1,0,0,-1,0,0,0,-1",,,3,0,0,0,0
"0,-1,0,0,0,1,0,1,0,0,0,0,1,1,0,-1,0,0,0,0,0,0,0,0,0,1,-1,0,1,0,-1",,,3,0,0,0,0
"0,1,0,0,0,0,-1,1,-1,0,0,0,1,0,1,1,0,0,0,0,0,0,0,1,0,1,1,0,0,0,-1",,,3,0,0,0,0
"0,-1,0,0,0,-1,0,-1,0,0,0,0,-1,-1,1,-1,0,0,0,0,0,0,0,-1,1,-1,-1,0,1,0,1",,,3,0,0,0,0
"0,-1,0,0,0,0,-1,1,0,0,0,0,1,0,-1,-1,0,0,0,0,0,0,0,1,0,1,-1,0,0,0,-1",,,3,0,0,0,0
"0,1,0,1,0,0,-1,-1,-1,0,0,0,1,0,1,1,0,0,0,0,0,0,0,0,0,1,0,0,0,0,-1",,,3,0,0,0,0
"0,-1,0,0,0,-1,-1,-1,0,0,0,0,1,-1,-1,-1,0,0,0,0,0,0,0,-1,1,0,-1,0,0,0,1",,,3,0,0,0,0
"0,-1,0,0,0,0,-1,1,0,0,0,0,-1,1,1,-1,0,0,0,0,0,0,0,1,0,1,-1,0,0,0,-1",,,3,0,0,0,0
"0,-1,0,0,0,-1,-1,-1,0,0,0,0,1,-1,0,-1,0,0,0,0,0,0,0,-1,1,1,-1,0,1,0,1",,,3,0,0,0,0
"0,-1,0,0,0,-1,-1,-1,1,0,0,0,-1,-1,0,-1,0,0,0,0,0,0,0,1,1,-1,-1,1,1,0,1",,,3,0,0,0,0
"0,-1,0,0,0,0,-1,1,-1,0,0,0,1,0,0,-1,0,0,0,0,0,0,0,-1,0,1,1,1,0,0,-1",,,3,0,0,0,0
"0,1,0,0,0,-1,-1,-1,-1,0,0,0,1,-1,-1,1,0,0,0,0,0,0,0,-1,1,-1,-1,1,1,0,1",,,3,0,0,0,0
"0,1,0,0,0,1,-1,1,-1,0,0,0,1,0,0,1,0,0,0,0,0,0,0,1,0,1,1,1,0,0,-1",,,3,0,0,0,0
"0,-1,0,0,0,-1,0,-1,1,0,0,0,1,-1,-1,-1,0,0,0,0,0,0,0,-1,1,0,-1,1,0,0,1",,,3,0,0,0,0
"0,-1,0,0,0,-1,0,0,0,1,1,0,-1,-1,-1,-1,1,0,0,1,1,1,1,1,1,1,-1,0,1,1,1",,,3,0,0,0,0
"1,-1,1,0,1,0,-1,-1,1,1,1,1,-1,-1,1,-1,1,1,1,1,0,1,1,1,1,1,-1,0,1,1,1",,,3,0,0,0,0
"0,-1,0,0,0,0,1,1,0,0,0,0,1,0,1,-1,0,0,0,0,0,0,0,1,0,1,-1,0,0,0,-1",,,3,0,0,0,0
"0,-1,0,0,0,1,-1,1,-1,0,0,0,1,0,1,-1,0,0,0,0,0,0,0,1,1,1,-1,0,1,0,-1",,,3,0,0,0,0
"0,-1,0,0,0,1,1,1,0,0,0,0,1,1,1,-1,0,0,0,0,0,0,0,1,1,-1,1,0,1,0,-1",,,3,0,0,0,0
"0,-1,0,0,0,0,-1,1,0,0,0,0,1,1,1,-1,0,0,0,0,0,0,0,1,1,1,-1,0,1,0,-1",,,3,0,0,0,0
"0,-1,0,1,0,0,1,1,1,0,0,0,-1,1,1,-1,0,0,0,0,0,0,0,1,0,1,0,0,0,0,-1",,,3,0,0,0,0
"0,-1,0,0,0,-1,-1,-1,0,0,0,0,1,1,0,-1,0,0,0,0,0,0,0,-1,1,1,-1,1,0,0,1",,,3,0,0,0,0
"0,-1,0,0,0,0,1,1,1,0,0,0,1,0,0,-1,0,0,0,0,0,0,0,1,0,1,1,0,0,0,-1",,,3,0,0,0,0
"0,-1,0,0,0,0,0,0,1,0,0,0,-1,-1,-1,-1,0,0,0,0,0,0,0,1,0,-1,-1,0,0,0,1",,,3,0,0,0,0
"1,-1,1,0,1,0,1,1,0,0,0,1,-1,0,-1,-1,0,1,1,0,0,0,0,1,1,1,1,1,1,0,-1",,,3,0,0,0,0
"0,-1,0,0,0,0,1,1,1,0,0,0,-1,1,0,-1,0,0,0,0,0,0,0,1,0,-1,0,0,0,0,-1",,,3,0,0,0,0
"0,-1,0,0,0,0,0,1,0,0,0,0,-1,0,1,-1,0,0,0,0,0,0,0,-1,1,1,1,0,1,0,-1",,,3,0,0,0,0
"0,1,0,0,0,0,-1,1,-1,0,0,0,1,0,0,1,0,0,0,0,0,0,0,1,1,1,-1,0,0,0,-1",,,3,0,0,0,0
"0,-1,0,0,0,0,1,1,-1,0,0,0,1,0,0,-1,0,0,0,0,0,0,0,1,1,0,-1,0,0,0,-1",,,3,0,0,0,0
"0,-1,0,0,0,0,-1,1,1,0,0,0,-1,-1,-1,-1,0,0,0,0,0,0,0,-1,1,-1,-1,0,0,0,1",,,3,0,0,0,0
"0,-1,0,0,0,-1,1,1,0,0,0,0,1,1,1,-1,0,0,0,0,0,0,0,1,1,1,1,0,0,0,-1",,,3,0,0,0,0
"0,-1,0,0,0,0,-1,-1,0,0,0,0,-1,-1,0,-1,0,0,0,0,0,0,0,-1,1,-1,-1,0,0,0,1",,,3,0,0,0,0
"0,-1,0,0,0,0,-1,1,-1,1,1,0,1,0,0,-1,1,0,0,1,0,1,1,1,1,1,-1,0,1,1,-1",,,3,0,0,0,0
"0,-1,0,0,0,-1,0,0,1,1,1,0,-1,-1,0,-1,1,0,0,1,0,1,1,1,1,0,-1,0,0,1,1",,,3,0,0,0,0
"0,-1,0,0,0,0,-1,-1,1,0,0,0,1,0,0,-1,0,0,0,0,0,0,0,0,1,1,-1,0,1,0,1",,,3,0,0,0,0
"1,-1,1,0,1,0,-1,1,-1,0,0,1,1,1,1,-1,0,1,1,0,0,0,0,1,1,1,1,0,1,0,-1",,,3,0,0,0,0
"0,-1,0,0,0,0,0,-1,-1,0,0,0,1,0,0,-1,0,0,0,0,0,0,0,-1,0,1,-1,0,0,0,-1",,,3,0,0,0,0
"0,-1,0,0,0,0,0,-1,1,0,0,0,-1,-1,0,-1,0,0,0,0,0,0,0,-1,0,-1,-1,0,0,0,1",,,3,0,0,0,0
"0,-1,0,0,0,-1,0,0,-1,0,0,0,1,-1,-1,-1,0,0,0,0,0,0,0,1,1,-1,-1,0,1,0,1",,,3,0,0,0,0
"0,-1,0,0,0,1,0,1,-1,0,0,0,1,1,1,-1,0,0,0,0,0,0,0,-1,0,1,-1,0,0,0,-1",,,3,0,0,0,0
"0,-1,0,0,0,0,0,1,0,0,0,0,1,1,0,-1,0,0,0,0,0,0,0,-1,0,1,-1,0,0,0,-1",,,3,0,0,0,0
"0,-1,0,0,0,-1,1,-1,1,1,1,0,-1,0,-1,-1,1,0,0,1,0,1,1,1,1,1,-1,0,1,1,1",,,3,0,0,0,0
"0,-1,0,0,0,-1,1,1,-1,1,1,0,1,1,1,-1,1,0,0,1,0,1,1,1,1,1,-1,0,1,1,-1",,,3,0,0,0,0
"0,1,0,0,0,0,-1,1,0,0,0,0,-1,1,0,1,0,0,0,0,0,0,0,-1,1,-1,-1,0,1,0,-1",,,3,0,0,0,0
"0,-1,0,0,0,-1,-1,1,1,0,0,0,-1,0,-1,-1,0,0,0,0,0,0,0,-1,0,0,-1,1,0,0,1",,,3,0,0,0,0
"0,-1,0,0,0,1,0,-1,-1,0,0,0,1,0,0,-1,0,0,0,0,0,0,0,0,0,1,-1,0,0,0,-1",,,3,0,0,0,0
"0,-1,0,0,0,-1,-1,-1,1,0,0,0,-1,0,-1,-1,0,0,0,0,0,0,0,-1,1,0,-1,0,1,0,1",,,3,0,0,0,0
"0,-1,0,0,0,1,-1,1,0,0,0,0,1,1,1,-1,0,0,0,0,0,0,0,1,0,1,-1,0,0,0,-1",,,3,0,0,0,0
"0,-1,0,0,0,0,-1,-1,1,1,1,0,-1,-1,0,-1,1,0,0,1,0,1,1,-1,1,-1,0,0,0,1,1",,,3,0,0,0,0
"1,-1,1,0,1,0,-1,1,-1,0,0,1,1,0,0,-1,0,1,1,0,0,0,0,-1,1,1,1,0,1,0,-1",,,3,0,0,0,0
"0,-1,0,0,0,-1,1,-1,1,0,0,0,-1,0,1,-1,0,0,0,0,0,0,0,1,1,1,-1,0,1,0,1",,,3,0,0,0,0
"0,-1,0,0,0,-1,1,-1,1,0,0,0,-1,-1,-1,-1,0,0,0,0,0,0,0,1,1,0,-1,0,0,0,1",,,3,0,0,0,0
"0,-1,0,0,0,0,-1,-1,-1,0,0,0,1,0,-1,-1,0,0,0,0,0,0,0,1,1,-1,0,0,1,0,1",,,3,0,0,0,0
"1,-1,1,0,1,0,0,-1,0,1,1,1,1,-1,1,-1,1,1,1,1,0,1,1,-1,1,-1,-1,0,1,1,1",,,3,0,0,0,0
"0,-1,0,0,0,-1,-1,-1,1,0,0,0,-1,-1,-1,-1,0,0,0,0,0,0,0,-1,1,-1,-1,1,1,0,1",,,3,0,0,0,0
"0,-1,0,0,0,0,0,1,-1,0,0,0,1,0,1,-1,0,0,0,0,0,0,0,-1,1,1,-1,0,1,0,-1",,,3,0,0,0,0
"0,-1,0,0,0,-1,0,-1,1,1,1,0,-1,-1,0,-1,1,0,0,1,0,1,1,1,1,0,-1,1,1,1,1",,,3,0,0,0,0
"0,-1,0,0,0,1,1,-1,-1,0,0,0,1,1,0,-1,0,0,0,0,0,0,0,1,1,-1,-1,0,1,0,-1",,,3,0,0,0,0
"0,-1,0,0,0,1,0,1,-1,0,0,0,1,1,-1,-1,0,0,0,0,0,0,0,-1,0,0,-1,0,0,0,-1",,,3,0,0,0,0
"0,-1,0,0,0,-1,-1,-1,1,0,0,0,1,0,0,-1,0,0,0,0,0,0,0,-1,1,1,-1,0,1,0,1",,,3,0,0,0,0
"0,-1,0,0,0,0,0,0,1,0,0,0,-1,-1,0,-1,0,0,0,0,0,0,0,1,1,-1,0,0,0,0,1",,,3,0,0,0,0
"1,-1,1,0,1,0,0,1,-1,0,0,1,1,0,-1,-1,0,1,1,0,0,0,0,-1,1,1,1,0,1,0,-1",,,3,0,0,0,0
"0,1,0,0,0,-1,0,0,1,0,0,0,-1,-1,0,1,0,0,0,0,0,0,0,1,1,0,-1,0,0,0,1",,,3,0,0,0,0
"0,1,0,0,0,0,0,0,0,0,0,0,1,-1,0,1,0,0,0,0,0,0,0,1,1,-1,-1,0,1,0,1",,,3,0,0,0,0
"0,1,0,0,0,1,1,1,1,1,1,0,-1,0,-1,1,1,0,0,1,1,1,1,1,1,1,1,0,1,1,-1",,,3,0,0,0,0
"0,-1,0,0,0,-1,-1,-1,1,0,0,0,-1,0,-1,-1,0,0,0,0,0,0,0,0,0,0,-1,1,0,0,1",,,3,0,0,0,0
"0,-1,0,0,0,0,1,-1,1,0,0,0,-1,-1,-1,-1,0,0,0,0,0,0,0,1,0,-1,0,1,0,0,1",,,3,0,0,0,0
"1,-1,1,0,1,0,-1,1,-1,0,0,1,1,0,0,-1,0,1,1,0,0,0,0,1,1,1,1,0,1,0,-1",,,3,0,0,0,0
"0,-1,0,0,0,0,1,1,0,0,0,0,1,0,-1,-1,0,0,0,0,0,0,0,-1,0,0,-1,1,0,0,1",,,3,0,0,0,0
"0,-1,0,0,0,0,0,-1,1,0,0,0,1,0,0,-1,0,0,0,0,0,0,0,0,0,1,1,0,1,0,-1",,,3,0,0,0,0
"0,-1,0,0,0,-1,0,-1,1,0,0,0,-1,-1,0,-1,0,0,0,0,0,0,0,-1,0,0,-1,0,1,0,1",,,3,0,0,0,0
"0,-1,0,0,0,-1,0,0,0,0,0,0,1,-1,0,-1,0,0,0,0,0,0,0,1,0,1,-1,0,0,0,1",,,3,0,0,0,0
"0,-1,0,0,0,-1,-1,1,-1,0,0,0,1,1,0,-1,0,0,0,0,0,0,0,1,0,1,-1,0,1,0,-1",,,3,0,0,0,0
"0,1,0,1,0,-1,-1,-1,0,0,0,0,-1,-1,0,1,0,0,0,0,0,0,0,-1,0,-1,-1,0,0,0,1",,,3,0,0,0,0
"0,-1,0,0,0,0,-1,1,1,0,0,0,1,1,0,-1,0,0,0,0,0,0,0,1,0,1,-1,0,0,0,-1",,,3,0,0,0,0
"0,1,0,0,0,-1,1,1,-1,1,1,0,1,0,1,1,1,0,0,1,1,1,1,1,0,0,-1,0,1,1,-1",,,3,0,0,0,0
"0,-1,0,0,0,-1,-1,-1,1,0,0,0,-1,0,-1,-1,0,0,0,0,0,0,0,0,0,0,-1,0,1,0,1",,,3,0,0,0,0
"1,-1,1,0,1,0,-1,-1,0,1,1,1,-1,-1,1,-1,1,1,1,1,1,1,1,1,1,1,0,0,1,1,1",,,3,0,0,0,0
"0,-1,0,0,0,-1,-1,-1,0,0,0,0,1,-1,0,-1,0,0,0,0,0,0,0,-1,1,0,-1,0,1,0,1",,,3,0,0,0,0
"0,-1,0,0,0,0,-1,1,0,0,0,0,1,0,1,-1,0,0,0,0,0,0,0,1,1,-1,1,0,1,0,-1",,,3,0,0,0,0
"0,-1,0,0,0,-1,1,-1,1,0,0,0,-1,-1,-1,-1,0,0,0,0,0,0,0,1,1,-1,-1,0,0,0,1",,,3,0,0,0,0
"0,-1,0,0,0,0,1,-1,1,0,0,0,-1,-1,1,-1,0,0,0,0,0,0,0,1,1,-1,-1,0,1,0,1",,,3,0,0,0,0
"0,-1,0,0,0,-1,-1,1,1,1,1,0,-1,0,-1,-1,1,0,0,1,0,1,1,-1,1,0,-1,0,0,1,1",,,3,0,0,0,0
"0,-1,0,0,0,0,-1,-1,0,0,0,0,1,0,-1,-1,0,0,0,0,0,0,0,-1,0,0,1,0,0,0,1",,,3,0,0,0,0
"0,-1,0,0,0,-1,-1,1,0,1,1,0,-1,0,1,-1,1,0,0,1,0,1,1,-1,1,0,-1,0,0,1,1",,,3,0,0,0,0
"0,-1,0,0,0,0,1,1,1,0,0,0,-1,1,0,-1,0,0,0,0,0,0,0,1,0,1,1,0,0,0,-1",,,3,0,0,0,0
"1,-1,1,0,1,0,0,1,0,0,0,1,1,0,0,-1,0,1,1,0,0,0,0,0,1,1,-1,0,1,0,-1",,,3,0,0,0,0
"0,1,0,0,0,0,0,-1,-1,0,0,0,1,0,0,1,0,0,0,0,0,0,0,-1,0,1,-1,0,0,0,-1",,,3,0,0,0,0
"0,-1,0,0,0,-1,0,-1,1,1,1,0,-1,-1,0,-1,1,0,0,1,0,1,1,-1,1,-1,-1,0,0,1,1",,,3,0,0,0,0
"0,-1,0,0,0,1,0,1,0,1,1,0,-1,1,1,-1,1,0,0,1,0,1,1,-1,1,1,-1,0,1,1,-1",,,3,0,0,0,0
"0,-1,0,0,0,-1,-1,1,0,0,0,0,-1,0,0,-1,0,0,0,0,0,0,0,-1,1,0,-1,0,0,0,1",,,3,0,0,0,0
"0,-1,0,0,0,0,-1,1,-1,0,0,0,1,0,0,-1,0,0,0,0,0,0,0,1,0,1,1,0,0,0,-1",,,3,0,0,0,0
"0,-1,0,0,0,0,0,0,1,0,0,0,-1,0,0,-1,0,0,0,0,0,0,0,1,1,-1,1,1,1,0,1",,,3,0,0,0,0
"0,-1,0,0,0,-1,0,0,0,0,0,0,-1,-1,0,-1,0,0,0,0,0,0,0,1,1,-1,-1,1,0,0,1",,,3,0,0,0,0
"0,-1,0,1,0,0,-1,1,1,0,0,0,-1,1,1,-1,0,0,0,0,0,0,0,-1,0,1,-1,1,0,0,-1",,,3,0,0,0,0
"1,-1,1,0,1,0,-1,1,-1,0,0,1,1,0,0,-1,0,1,1,0,0,0,0,1,1,1,-1,0,1,0,-1",,,3,0,0,0,0
"1,-1,1,0,1,0,-1,1,0,0,0,1,1,0,-1,-1,0,1,1,0,0,0,0,1,1,1,0,0,1,0,-1",,,3,0,0,0,0
"0,-1,0,0,0,0,0,0,0,0,0,0,-1,0,0,-1,0,0,0,0,0,0,0,1,1,0,0,0,1,0,1",,,3,0,0,0,0
"0,-1,0,0,0,0,1,1,-1,1,1,0,1,0,-1,-1,1,0,0,1,0,1,1,1,0,1,1,0,1,1,-1",,,3,0,0,0,0
"0,-1,0,0,0,0,0,1,0,0,0,0,1,0,1,-1,0,0,0,0,0,0,0,-1,0,1,-1,0,0,0,-1",,,3,0,0,0,0
"0,1,0,0,0,0,0,-1,0,1,1,0,1,1,-1,1,1,0,0,1,0,1,1,-1,0,1,-1,0,1,1,-1",,,3,0,0,0,0
"0,-1,0,0,0,0,-1,-1,1,0,0,0,-1,0,0,-1,0,0,0,0,0,0,0,-1,1,-1,1,0,1,0,1",,,3,0,0,0,0
"0,-1,0,0,0,0,0,1,0,0,0,0,1,1,0,-1,0,0,0,0,0,0,0,-1,0,1,1,0,0,0,-1",,,3,0,0,0,0
"0,1,0,0,0,0,-1,-1,-1,0,0,0,1,-1,0,1,0,0,0,0,0,0,0,-1,1,-1,0,0,0,0,1",,,3,0,0,0,0
"0,-1,0,0,0,1,-1,1,1,0,0,0,-1,0,1,-1,0,0,0,0,0,0,0,-1,0,-1,-1,0,1,0,-1",,,3,0,0,0,0
"0,-1,0,0,0,0,1,1,-1,0,0,0,1,0,0,-1,0,0,0,0,0,0,0,1,0,1,1,0,0,0,-1",,,3,0,0,0,0
"0,-1,0,0,0,0,0,1,1,0,0,0,-1,1,1,-1,0,0,0,0,0,0,0,-1,0,1,-1,0,0,0,-1",,,3,0,0,0,0
"0,-1,0,0,0,1,-1,1,-1,0,0,0,1,0,0,-1,0,0,0,0,0,0,0,1,0,1,-1,0,0,0,-1",,,3,0,0,0,0
"0,-1,0,0,0,0,0,1,0,0,0,0,1,0,0,-1,0,0,0,0,0,0,0,-1,0,1,-1,0,0,0,-1",,,3,0,0,0,0
"0,-1,0,1,0,-1,0,-1,0,0,0,0,1,-1,0,-1,0,0,0,0,0,0,0,-1,0,-1,-1,1,1,0,1",,,3,0,0,0,0
"0,-1,0,0,0,-1,-1,-1,-1,0,0,0,1,0,0,-1,0,0,0,0,0,0,0,1,0,0,-1,1,0,0,1",,,3,0,0,0,0
"0,1,0,0,0,0,0,-1,-1,0,0,0,1,0,1,1,0,0,0,0,0,0,0,0,0,1,-1,0,0,0,-1",,,3,0,0,0,0
"1,-1,1,0,1,1,-1,1,0,0,0,1,1,1,-1,-1,0,1,1,0,0,0,0,1,0,1,-1,0,1,0,-1",,,3,0,0,0,0
"0,-1,0,0,0,0,0,1,1,0,0,0,-1,0,-1,-1,0,0,0,0,0,0,0,-1,0,1,-1,0,0,0,-1",,,3,0,0,0,0
"0,-1,0,0,0,1,0,1,1,0,0,0,-1,0,-1,-1,0,0,0,0,0,0,0,0,0,1,1,0,1,0,-1",,,3,0,0,0,0
"0,1,0,0,0,1,1,1,-1,1,1,0,1,1,1,1,1,0,0,1,0,1,1,1,1,1,1,0,1,1,-1",,,3,0,0,0,0
"0,-1,0,0,0,-1,-1,-1,0,0,0,0,-1,0,0,-1,0,0,0,0,0,0,0,-1,0,1,-1,1,0,0,1",,,3,0,0,0,0
"0,1,0,0,0,0,0,0,-1,0,0,0,1,-1,-1,1,0,0,0,0,0,0,0,1,1,-1,-1,1,1,0,1",,,3,0,0,0,0
"1,1,1,0,1,1,1,1,-1,0,0,1,1,0,0,1,0,1,1,0,0,0,0,1,1,1,-1,0,1,0,-1",,,3,0,0,0,0
"0,-1,0,0,0,0,-1,1,0,0,0,0,-1,0,-1,-1,0,0,0,0,0,0,0,1,0,1,1,0,0,0,-1",,,3,0,0,0,0
"0,-1,0,0,0,0,-1,-1,1,0,0,0,-1,0,0,-1,0,0,0,0,0,0,0,-1,1,-1,0,0,0,0,1",,,3,0,0,0,0
"0,-1,0,0,0,0,-1,-1,0,0,0,0,-1,-1,-1,-1,0,0,0,0,0,0,0,1,1,-1,0,0,0,0,1",,,3,0,0,0,0
"0,-1,0,0,0,0,0,-1,1,0,0,0,-1,-1,-1,-1,0,0,0,0,0,0,0,-1,1,-1,-1,0,0,0,1",,,3,0,0,0,0
"0,-1,0,0,0,0,-1,1,0,0,0,0,-1,1,1,-1,0,0,0,0,0,0,0,1,0,1,1,0,0,0,-1",,,3,0,0,0,0
"0,-1,0,0,0,-1,1,-1,-1,0,0,0,1,0,1,-1,0,0,0,0,0,0,0,1,1,0,-1,0,0,0,1",,,3,0,0,0,0
"0,-1,0,0,0,0,1,1,0,0,0,0,1,1,1,-1,0,0,0,0,0,0,0,0,0,1,-1,0,0,0,-1",,,3,0,0,0,0
"1,-1,1,0,1,1,0,1,0,0,0,1,1,1,-1,-1,0,1,1,0,0,0,0,-1,0,1,-1,0,1,0,-1",,,3,0,0,0,0
"0,-1,0,0,0,0,-1,1,0,0,0,0,-1,0,0,-1,0,0,0,0,0,0,0,-1,0,1,0,0,0,0,-1",,,3,0,0,0,0
"0,-1,0,0,0,1,0,1,1,1,1,0,-1,1,1,-1,1,0,0,1,0,1,1,0,0,1,-1,0,1,1,-1",,,3,0,0,0,0
"0,-1,0,0,0,-1,-1,1,-1,0,0,0,1,0,0,-1,0,0,0,0,0,0,0,1,1,0,-1,0,0,0,1",,,3,0,0,0,0
"0,-1,0,0,0,-1,-1,-1,0,1,1,0,1,1,0,-1,1,0,0,1,1,1,1,-1,1,0,-1,0,0,1,1",,,3,0,0,0,0
"0,-1,0,1,0,-1,-1,-1,1,0,0,0,1,-1,0,-1,0,0,0,0,0,0,0,-1,0,-1,-1,0,1,0,1",,,3,0,0,0,0
"0,-1,0,0,0,0,-1,-1,0,1,1,0,1,-1,0,-1,1,0,0,1,0,1,1,-1,0,0,0,0,1,1,1",,,3,0,0,0,0
"0,-1,0,0,0,-1,-1,1,0,0,0,0,1,0,-1,-1,0,0,0,0,0,0,0,1,0,1,-1,1,0,0,1",,,3,0,0,0,0
"0,-1,0,0,0,0,1,1,-1,0,0,0,1,0,0,-1,0,0,0,0,0,0,0,-1,1,0,-1,1,1,0,-1",,,3,0,0,0,0
"0,-1,0,0,0,-1,-1,1,0,0,0,0,1,0,-1,-1,0,0,0,0,0,0,0,-1,1,0,-1,1,0,0,1",,,3,0,0,0,0
"0,-1,0,0,0,-1,-1,-1,1,1,1,0,-1,-1,1,-1,1,0,0,1,0,1,1,1,1,-1,-1,1,0,1,1",,,3,0,0,0,0
"0,-1,0,0,0,-1,1,1,-1,0,0,0,1,0,0,-1,0,0,0,0,0,0,0,-1,1,0,-1,0,0,0,-1",,,3,0,0,0,0
"0,-1,0,0,0,0,0,1,1,0,0,0,-1,0,-1,-1,0,0,0,0,0,0,0,0,0,-1,-1,0,0,0,-1",,,3,0,0,0,0
"1,-1,1,0,1,1,1,1,-1,0,0,1,1,1,1,-1,0,1,1,0,0,0,0,1,0,1,-1,0,1,0,-1",,,3,0,0,0,0
"0,-1,0,0,0,-1,-1,-1,-1,0,0,0,1,-1,-1,-1,0,0,0,0,0,0,0,-1,0,-1,-1,0,1,0,1",,,3,0,0,0,0
"0,-1,0,0,0,0,1,1,0,0,0,0,1,0,0,-1,0,0,0,0,0,0,0,1,0,1,-1,0,0,0,-1",,,3,0,0,0,0
"0,-1,0,0,0,0,0,-1,0,0,0,0,1,-1,1,-1,0,0,0,0,0,0,0,-1,0,-1,0,0,1,0,1",,,3,0,0,0,0
"0,-1,0,0,0,0,1,-1,-1,0,0,0,1,0,1,-1,0,0,0,0,0,0,0,1,0,-1,-1,0,1,0,-1",,,3,0,0,0,0
"1,-1,1,0,1,1,0,1,-1,0,0,1,1,1,1,-1,0,1,1,0,0,0,0,0,1,1,-1,0,1,0,-1",,,3,0,0,0,0
"0,-1,0,0,0,0,-1,-1,1,0,0,0,-1,-1,0,-1,0,0,0,0,0,0,0,1,0,-1,0,0,0,0,1",,,3,0,0,0,0
"0,-1,0,1,0,0,-1,1,1,0,0,0,-1,0,0,-1,0,0,0,0,0,0,0,-1,0,-1,0,0,0,0,-1",,,3,0,0,0,0
"0,-1,0,0,0,0,0,0,1,0,0,0,-1,-1,-1,-1,0,0,0,0,0,0,0,0,1,-1,-1,0,1,0,1",,,3,0,0,0,0
"0,-1,0,0,0,-1,0,1,1,0,0,0,1,-1,-1,-1,0,0,0,0,0,0,0,-1,1,0,-1,0,0,0,1",,,3,0,0,0,0
"0,-1,0,0,0,-1,-1,-1,1,0,0,0,-1,-1,0,-1,0,0,0,0,0,0,0,1,1,-1,-1,0,0,0,1",,,3,0,0,0,0
"0,-1,0,1,0,1,-1,1,1,0,0,0,-1,1,1,-1,0,0,0,0,0,0,0,-1,0,1,-1,0,0,0,-1",,,3,0,0,0,0
"0,1,0,1,0,-1,0,0,0,0,0,0,1,-1,0,1,0,0,0,0,0,0,0,0,1,-1,-1,0,0,0,1",,,3,0,0,0,0
"1,-1,1,0,1,0,-1,1,0,0,0,1,1,0,-1,-1,0,1,1,0,0,0,0,1,1,1,1,0,1,0,-1",,,3,0,0,0,0
"0,-1,0,0,0,-1,0,-1,1,0,0,0,1,-1,0,-1,0,0,0,0,0,0,0,-1,0,-1,-1,0,0,0,1",,,3,0,0,0,0
"0,-1,0,1,0,-1,0,0,0,0,0,0,-1,-1,0,-1,0,0,0,0,0,0,0,0,0,-1,-1,0,0,0,1",,,3,0,0,0,0
"0,-1,0,1,0,0,-1,-1,0,0,0,0,1,-1,0,-1,0,0,0,0,0,0,0,-1,0,-1,-1,0,0,0,1",,,3,0,0,0,0
"0,1,0,1,0,0,-1,1,-1,0,0,0,1,1,1,1,0,0,0,0,0,0,0,1,0,1,-1,0,0,0,-1",,,3,0,0,0,0
"0,-1,0,0,0,-1,-1,1,1,0,0,0,-1,1,-1,-1,0,0,0,0,0,0,0,1,1,-1,-1,0,1,0,-1",,,3,0,0,0,0
"0,-1,0,0,0,0,0,1,0,1,1,0,1,0,0,-1,1,0,0,1,0,1,1,-1,1,1,1,1,1,1,-1",,,3,0,0,0,0
"0,1,0,1,0,-1,0,-1,-1,0,0,0,1,-1,0,1,0,0,0,0,0,0,0,-1,1,-1,-1,1,0,0,1",,,3,0,0,0,0
"0,-1,0,0,0,1,-1,1,1,0,0,0,-1,0,1,-1,0,0,0,0,0,0,0,1,0,1,-1,0,0,0,-1",,,3,0,0,0,0
"0,-1,0,1,0,-1,-1,-1,1,0,0,0,-1,-1,0,-1,0,0,0,0,0,0,0,-1,1,-1,-1,1,1,0,1",,,3,0,0,0,0
"0,-1,0,0,0,-1,-1,-1,0,0,0,0,-1,-1,0,-1,0,0,0,0,0,0,0,-1,1,-1,-1,1,0,0,1",,,3,0,0,0,0
"0,-1,0,0,0,-1,1,1,-1,0,0,0,1,1,0,-1,0,0,0,0,0,0,0,1,0,1,-1,0,0,0,-1",,,3,0,0,0,0
"0,-1,0,0,0,0,0,-1,1,0,0,0,-1,-1,-1,-1,0,0,0,0,0,0,0,-1,0,0,0,0,0,0,1",,,3,0,0,0,0
"0,-1,0,0,0,-1,0,1,-1,0,0,0,1,0,0,-1,0,0,0,0,0,0,0,1,0,0,-1,0,0,0,-1",,,3,0,0,0,0
"0,-1,0,0,0,0,-1,1,-1,1,1,0,1,0,1,-1,1,0,0,1,0,1,1,1,1,1,0,0,1,1,-1",,,3,0,0,0,0
"1,-1,1,0,1,1,0,1,-1,0,0,1,1,0,0,-1,0,1,1,0,0,0,0,0,1,1,-1,0,1,0,-1",,,3,0,0,0,0
"1,-1,1,0,1,-1,-1,-1,0,1,1,1,1,-1,1,-1,1,1,1,1,1,1,1,-1,1,1,-1,0,1,1,1",,,3,0,0,0,0
"0,-1,0,0,0,0,0,1,1,0,0,0,-1,0,1,-1,0,0,0,0,0,0,0,-1,0,1,0,0,0,0,-1",,,3,0,0,0,0
"0,-1,0,0,0,1,0,1,0,0,0,0,1,0,-1,-1,0,0,0,0,0,0,0,-1,0,0,-1,0,0,0,-1",,,3,0,0,0,0
"0,-1,0,0,0,0,1,1,-1,0,0,0,1,1,1,-1,0,0,0,0,0,0,0,0,0,1,1,0,0,0,-1",,,3,0,0,0,0
"0,-1,0,0,0,0,-1,1,0,0,0,0,1,0,0,-1,0,0,0,0,0,0,0,1,0,1,-1,0,0,0,-1",,,3,0,0,0,0
"0,-1,0,0,0,-1,-1,-1,1,0,0,0,-1,0,-1,-1,0,0,0,0,0,0,0,-1,0,1,-1,0,0,0,1",,,3,0,0,0,0
"0,-1,0,0,0,1,-1,1,0,0,0,0,1,1,0,-1,0,0,0,0,0,0,0,-1,0,1,-1,0,0,0,-1",,,3,0,0,0,0
"0,1,0,1,0,0,1,1,0,0,0,0,1,0,1,1,0,0,0,0,0,0,0,1,0,1,0,0,0,0,-1",,,3,0,0,0,0
"0,-1,0,0,0,-1,-1,1,0,0,0,0,1,0,-1,-1,0,0,0,0,0,0,0,-1,0,1,-1,0,0,0,1",,,3,0,0,0,0
"0,-1,0,0,0,-1,0,-1,1,0,0,0,-1,-1,0,-1,0,0,0,0,0,0,0,-1,1,-1,-1,0,0,0,1",,,3,0,0,0,0
"0,1,0,0,0,0,0,1,0,0,0,0,1,0,0,1,0,0,0,0,0,0,0,-1,0,1,0,0,0,0,-1",,,3,0,0,0,0
"0,1,0,0,0,1,0,1,-1,0,0,0,1,1,0,1,0,0,0,0,0,0,0,0,1,1,-1,0,1,0,-1",,,3,0,0,0,0
"0,-1,0,0,0,-1,1,1,-1,1,1,0,1,1,1,-1,1,0,0,1,1,1,1,1,1,1,1,1,1,1,-1",,,3,0,0,0,0
"0,-1,0,0,0,-1,-1,-1,0,1,1,0,-1,-1,0,-1,1,0,0,1,1,1,1,-1,1,0,-1,0,0,1,1",,,3,0,0,0,0
"0,-1,0,0,0,0,0,-1,1,0,0,0,-1,-1,-1,-1,0,0,0,0,0,0,0,-1,1,0,-1,0,0,0,1",,,3,0,0,0,0
"0,-1,0,0,0,0,-1,-1,0,0,0,0,-1,-1,-1,-1,0,0,0,0,0,0,0,-1,1,-1,-1,0,0,0,1",,,3,0,0,0,0
"0,-1,0,0,0,-1,-1,-1,-1,1,1,0,1,1,-1,-1,1,0,0,1,1,1,1,-1,1,1,-1,1,1,1,1",,,3,0,0,0,0
"1,-1,1,0,1,-1,0,0,1,0,0,1,-1,-1,1,-1,0,1,1,0,0,0,0,1,0,-1,-1,0,0,0,1",,,3,0,0,0,0
"0,-1,0,0,0,-1,0,-1,-1,0,0,0,1,-1,0,-1,0,0,0,0,0,0,0,-1,0,1,-1,0,0,0,1",,,3,0,0,0,0
"0,-1,0,0,0,0,-1,-1,0,0,0,0,1,0,-1,-1,0,0,0,0,0,0,0,0,0,1,-1,0,0,0,1",,,3,0,0,0,0
"0,-1,0,0,0,-1,0,1,1,0,0,0,-1,0,1,-1,0,0,0,0,0,0,0,-1,0,1,-1,0,0,0,-1",,,3,0,0,0,0
"0,-1,0,0,0,1,-1,1,0,0,0,0,1,0,-1,-1,0,0,0,0,0,0,0,-1,1,1,-1,0,1,0,-1",,,3,0,0,0,0
"1,-1,1,0,1,0,0,-1,0,1,1,1,1,-1,1,-1,1,1,1,1,1,1,1,-1,1,1,-1,0,1,1,1",,,3,0,0,0,0
"1,-1,1,0,1,0,0,0,0,0,0,1,-1,-1,1,-1,0,1,1,0,0,0,0,1,1,-1,0,0,0,0,1",,,3,0,0,0,0
"0,-1,0,1,0,0,0,0,-1,0,0,0,1,-1,0,-1,0,0,0,0,0,0,0,1,1,-1,0,1,0,0,1",,,3,0,0,0,0
"0,-1,0,0,0,-1,-1,-1,0,0,0,0,1,-1,0,-1,0,0,0,0,0,0,0,-1,1,-1,-1,1,1,0,1",,,3,0,0,0,0
"0,1,0,0,0,0,-1,-1,1,0,0,0,-1,-1,0,1,0,0,0,0,0,0,0,-1,1,-1,-1,1,0,0,1",,,3,0,0,0,0
"0,-1,0,0,0,0,1,1,-1,0,0,0,1,0,-1,-1,0,0,0,0,0,0,0,1,0,0,0,0,1,0,-1",,,3,0,0,0,0
"0,-1,0,0,0,0,-1,-1,0,0,0,0,-1,0,-1,-1,0,0,0,0,0,0,0,-1,1,1,-1,1,0,0,1",,,3,0,0,0,0
"0,-1,0,0,0,-1,-1,-1,0,0,0,0,-1,-1,0,-1,0,0,0,0,0,0,0,-1,1,-1,-1,1,1,0,1",,,3,0,0,0,0
"0,-1,0,0,0,0,0,1,0,1,1,0,1,0,-1,-1,1,0,0,1,1,1,1,0,0,1,-1,1,0,1,-1",,,3,0,0,0,0
"0,-1,0,0,0,-1,-1,-1,0,1,1,0,1,-1,0,-1,1,0,0,1,1,1,1,-1,0,-1,-1,0,0,1,1",,,3,0,0,0,0
"0,1,0,0,0,-1,0,1,-1,0,0,0,1,1,0,1,0,0,0,0,0,0,0,-1,0,1,1,0,0,0,-1",,,3,0,0,0,0
"0,-1,0,0,0,-1,-1,-1,1,0,0,0,-1,-1,0,-1,0,0,0,0,0,0,0,-1,0,-1,-1,0,0,0,1",,,3,0,0,0,0
"1,-1,1,0,1,-1,0,-1,-1,0,0,1,1,-1,1,-1,0,1,1,0,0,0,0,-1,0,-1,-1,0,0,0,1",,,3,0,0,0,0
"0,-1,0,0,0,1,-1,1,-1,0,0,0,1,0,0,-1,0,0,0,0,0,0,0,-1,0,1,1,0,0,0,-1",,,3,0,0,0,0
"1,-1,1,0,1,0,1,1,-1,0,0,1,1,1,-1,-1,0,1,1,0,0,0,0,0,1,1,-1,0,1,0,-1",,,3,0,0,0,0
"0,-1,0,0,0,1,0,1,1,0,0,0,-1,1,-1,-1,0,0,0,0,0,0,0,-1,1,1,1,0,1,0,-1",,,3,0,0,0,0
"0,-1,0,0,0,0,1,1,0,0,0,0,1,1,1,-1,0,0,0,0,0,0,0,1,0,1,0,0,0,0,-1",,,3,0,0,0,0
"1,1,1,0,1,-1,0,-1,-1,1,1,1,1,-1,1,1,1,1,1,1,1,1,1,-1,1,-1,-1,0,1,1,1",,,3,0,0,0,0
"0,-1,0,0,0,0,0,0,-1,0,0,0,1,-1,0,-1,0,0,0,0,0,0,0,0,1,-1,-1,0,0,0,1",,,3,0,0,0,0
"0,-1,0,0,0,0,-1,1,0,1,1,0,1,1,0,-1,1,0,0,1,1,1,1,-1,0,1,-1,0,0,1,-1",,,3,0,0,0,0
"0,-1,0,0,0,0,0,1,0,1,1,0,1,1,0,-1,1,0,0,1,1,1,1,-1,0,1,-1,0,1,1,-1",,,3,0,0,0,0
"0,-1,0,0,0,0,0,1,1,0,0,0,-1,0,0,-1,0,0,0,0,0,0,0,-1,0,-1,1,0,0,0,-1",,,3,0,0,0,0
"0,-1,0,0,0,-1,-1,1,0,0,0,0,-1,-1,-1,-1,0,0,0,0,0,0,0,-1,1,0,-1,0,0,0,1",,,3,0,0,0,0
"0,-1,0,0,0,0,0,-1,0,1,1,0,1,-1,0,-1,1,0,0,1,1,1,1,-1,1,-1,-1,0,0,1,1",,,3,0,0,0,0
"0,-1,0,0,0,-1,-1,-1,-1,0,0,0,1,0,0,-1,0,0,0,0,0,0,0,-1,0,1,-1,0,0,0,1",,,3,0,0,0,0
"0,-1,0,0,0,0,1,-1,1,0,0,0,-1,0,-1,-1,0,0,0,0,0,0,0,0,1,1,-1,0,1,0,-1",,,3,0,0,0,0
"0,-1,0,0,0,0,-1,1,-1,1,1,0,1,1,0,-1,1,0,0,1,1,1,1,-1,0,1,1,0,0,1,-1",,,3,0,0,0,0
"0,1,0,0,0,0,0,1,-1,0,0,0,1,1,0,1,0,0,0,0,0,0,0,0,1,1,-1,0,1,0,-1",,,3,0,0,0,0
"0,-1,0,0,0,-1,-1,-1,1,1,1,0,-1,-1,0,-1,1,0,0,1,1,1,1,-1,0,0,-1,0,0,1,1",,,3,0,0,0,0
"1,-1,1,0,1,-1,-1,-1,0,0,0,1,-1,-1,1,-1,0,1,1,0,0,0,0,-1,0,-1,-1,1,0,0,1",,,3,0,0,0,0
"0,-1,0,1,0,0,-1,1,0,0,0,0,1,1,1,-1,0,0,0,0,0,0,0,1,0,1,1,1,0,0,-1",,,3,0,0,0,0
"0,-1,0,0,0,0,0,0,0,0,0,0,-1,-1,-1,-1,0,0,0,0,0,0,0,1,1,-1,-1,0,1,0,1",,,3,0,0,0,0
"1,1,1,0,1,0,0,0,-1,0,0,1,1,-1,1,1,0,1,1,0,0,0,0,0,1,1,0,0,1,0,1",,,3,0,0,0,0
"0,-1,0,0,0,-1,0,-1,1,0,0,0,-1,0,1,-1,0,0,0,0,0,0,0,1,0,1,-1,0,1,0,1",,,3,0,0,0,0
"1,1,1,0,1,0,0,1,-1,0,0,1,1,0,-1,1,0,1,1,0,0,0,0,-1,0,1,1,1,1,0,-1",,,3,0,0,0,0
"0,-1,0,0,0,0,0,1,0,1,1,0,1,0,0,-1,1,0,0,1,1,1,1,-1,1,1,0,0,1,1,-1",,,3,0,0,0,0
"0,-1,0,1,0,0,-1,1,0,0,0,0,-1,1,1,-1,0,0,0,0,0,0,0,1,0,1,1,0,0,0,-1",,,3,0,0,0,0
"0,1,0,0,0,0,-1,1,-1,0,0,0,1,1,0,1,0,0,0,0,0,0,0,1,0,1,1,0,0,0,-1",,,3,0,0,0,0
"0,-1,0,0,0,-1,-1,1,1,1,1,0,-1,1,1,-1,1,0,0,1,1,1,1,1,1,1,-1,0,1,1,-1",,,3,0,0,0,0
"0,-1,0,0,0,-1,0,0,1,0,0,0,-1,-1,0,-1,0,0,0,0,0,0,0,1,1,0,-1,0,1,0,1",,,3,0,0,0,0
"0,1,0,0,0,1,-1,1,-1,0,0,0,1,-1,0,1,0,0,0,0,0,0,0,1,0,1,-1,0,1,0,-1",,,3,0,0,0,0
"0,1,0,0,0,0,-1,1,-1,0,0,0,1,0,0,1,0,0,0,0,0,0,0,1,0,1,0,0,0,0,-1",,,3,0,0,0,0
"0,-1,0,0,0,1,1,1,-1,1,1,0,1,0,-1,-1,1,0,0,1,1,1,1,1,0,1,-1,0,1,1,-1",,,3,0,0,0,0
"0,-1,0,0,0,-1,0,1,1,0,0,0,-1,0,-1,-1,0,0,0,0,0,0,0,-1,1,0,-1,1,0,0,1",,,3,0,0,0,0
"0,-1,0,0,0,-1,-1,-1,1,0,0,0,-1,0,-1,-1,0,0,0,0,0,0,0,0,1,1,-1,1,1,0,1",,,3,0,0,0,0
"1,1,1,0,1,-1,0,-1,-1,1,1,1,1,-1,1,1,1,1,1,1,1,1,1,-1,1,1,-1,0,1,1,1",,,3,0,0,0,0
"0,-1,0,0,0,-1,-1,-1,0,0,0,0,1,0,-1,-1,0,0,0,0,0,0,0,-1,0,0,-1,0,0,0,-1",,,3,0,0,0,0
"0,-1,0,0,0,0,0,1,1,0,0,0,-1,1,1,-1,0,0,0,0,0,0,0,-1,0,1,1,0,0,0,-1",,,3,0,0,0,0
"0,-1,0,0,0,-1,-1,-1,0,0,0,0,1,0,-1,-1,0,0,0,0,0,0,0,0,1,1,-1,0,0,0,1",,,3,0,0,0,0
"0,-1,0,0,0,0,-1,-1,0,0,0,0,1,-1,-1,-1,0,0,0,0,0,0,0,-1,1,1,-1,0,0,0,1",,,3,0,0,0,0
"0,-1,0,0,0,0,-1,-1,1,0,0,0,-1,-1,-1,-1,0,0,0,0,0,0,0,-1,1,0,-1,0,1,0,1",,,3,0,0,0,0
"1,1,1,0,1,-1,1,1,-1,0,0,1,1,0,-1,1,0,1,1,0,0,0,0,1,1,0,-1,0,1,0,1",,,3,0,0,0,0
"0,-1,0,1,0,-1,0,-1,0,0,0,0,1,-1,0,-1,0,0,0,0,0,0,0,-1,0,-1,-1,0,0,0,1",,,3,0,0,0,0
"0,-1,0,0,0,0,1,1,0,0,0,0,-1,1,0,-1,0,0,0,0,0,0,0,1,0,1,1,0,0,0,-1",,,3,0,0,0,0
"0,1,0,0,0,-1,0,0,0,0,0,0,1,-1,0,1,0,0,0,0,0,0,0,1,1,0,-1,0,1,0,1",,,3,0,0,0,0
"0,-1,0,0,0,-1,1,1,0,0,0,0,1,0,1,-1,0,0,0,0,0,0,0,1,0,0,-1,1,0,0,1",,,3,0,0,0,0
"0,-1,0,0,0,-1,-1,-1,0,0,0,0,1,-1,1,-1,0,0,0,0,0,0,0,-1,1,-1,-1,1,1,0,1",,,3,0,0,0,0
"1,-1,1,0,1,1,1,-1,-1,0,0,1,1,1,0,-1,0,1,1,0,0,0,0,1,1,1,-1,1,1,0,-1",,,3,0,0,0,0
"0,-1,0,0,0,0,1,1,1,0,0,0,-1,0,0,-1,0,0,0,0,0,0,0,1,1,0,1,1,0,0,-1",,,3,0,0,0,0
"0,-1,0,1,0,0,-1,1,-1,0,0,0,1,1,1,-1,0,0,0,0,0,0,0,-1,1,1,1,0,0,0,-1",,,3,0,0,0,0
"0,-1,0,0,0,1,1,1,1,0,0,0,-1,1,1,-1,0,0,0,0,0,0,0,0,1,1,-1,0,0,0,-1",,,3,0,0,0,0
"0,-1,0,0,0,0,1,1,0,1,1,0,-1,0,0,-1,1,0,0,1,1,1,1,1,1,1,0,0,1,1,-1",,,3,0,0,0,0
"0,-1,0,0,0,1,-1,1,0,0,0,0,1,-1,-1,-1,0,0,0,0,0,0,0,1,1,1,-1,0,1,0,-1",,,3,0,0,0,0
"0,-1,0,0,0,0,0,1,-1,1,1,0,1,0,1,-1,1,0,0,1,1,1,1,-1,1,1,0,0,1,1,-1",,,3,0,0,0,0
"0,-1,0,0,0,-1,-1,-1,0,0,0,0,1,-1,-1,-1,0,0,0,0,0,0,0,-1,0,-1,-1,0,0,0,1",,,3,0,0,0,0
"0,-1,0,0,0,0,-1,-1,0,0,0,0,-1,0,-1,-1,0,0,0,0,0,0,0,-1,0,-1,1,0,0,0,1",,,3,0,0,0,0
"0,-1,0,0,0,0,0,0,1,0,0,0,-1,-1,1,-1,0,0,0,0,0,0,0,1,1,-1,-1,0,1,0,1",,,3,0,0,0,0
"0,-1,0,0,0,0,-1,1,1,0,0,0,-1,0,0,-1,0,0,0,0,0,0,0,1,0,1,1,0,0,0,-1",,,3,0,0,0,0
"0,-1,0,0,0,-1,-1,-1,0,0,0,0,1,-1,0,-1,0,0,0,0,0,0,0,-1,1,1,-1,0,0,0,1",,,3,0,0,0,0
"1,-1,1,0,1,0,-1,1,-1,0,0,1,1,1,1,-1,0,1,1,0,0,0,0,1,0,1,-1,0,1,0,-1",,,3,0,0,0,0
"1,1,1,0,1,-1,1,1,-1,0,0,1,1,0,-1,1,0,1,1,0,0,0,0,1,0,0,-1,0,1,0,-1",,,3,0,0,0,0
"1,-1,1,0,1,0,1,1,-1,0,0,1,1,1,0,-1,0,1,1,0,0,0,0,1,1,1,-1,0,1,0,-1",,,3,0,0,0,0
"0,-1,0,0,0,0,0,1,0,0,0,0,-1,0,0,-1,0,0,0,0,0,0,0,-1,1,1,0,0,0,0,-1",,,3,0,0,0,0
"0,-1,0,0,0,-1,0,-1,0,1,1,0,1,-1,0,-1,1,0,0,1,1,1,1,-1,1,1,-1,0,0,1,1",,,3,0,0,0,0
"0,-1,0,0,0,-1,-1,-1,0,0,0,0,-1,-1,-1,-1,0,0,0,0,0,0,0,-1,1,0,-1,0,0,0,1",,,3,0,0,0,0
"1,-1,1,0,1,1,-1,1,0,0,0,1,1,0,0,-1,0,1,1,0,0,0,0,-1,1,1,-1,0,1,0,-1",,,3,0,0,0,0
"1,1,1,0,1,0,-1,-1,1,1,1,1,-1,-1,1,1,1,1,1,1,1,1,1,-1,1,-1,0,0,1,1,1",,,3,0,0,0,0
"0,-1,0,0,0,0,1,1,0,0,0,0,1,0,1,-1,0,0,0,0,0,0,0,1,1,-1,1,0,1,0,-1",,,3,0,0,0,0
"0,-1,0,0,0,0,-1,1,-1,0,0,0,1,0,0,-1,0,0,0,0,0,0,0,1,0,1,0,0,0,0,-1",,,3,0,0,0,0
"0,-1,0,0,0,0,1,1,-1,0,0,0,1,0,-1,-1,0,0,0,0,0,0,0,1,0,1,1,0,0,0,-1",,,3,0,0,0,0
"0,-1,0,0,0,-1,0,-1,0,1,1,0,1,-1,1,-1,1,0,0,1,1,1,1,-1,1,-1,-1,0,0,1,1",,,3,0,0,0,0
"0,-1,0,0,0,-1,0,-1,0,0,0,0,1,-1,1,-1,0,0,0,0,0,0,0,-1,1,1,-1,1,0,0,1",,,3,0,0,0,0
"0,-1,0,0,0,0,0,0,0,1,1,0,1,-1,-1,-1,1,0,0,1,1,1,1,0,1,1,-1,0,0,1,1",,,3,0,0,0,0
"0,-1,0,0,0,0,1,1,0,0,0,0,-1,0,-1,-1,0,0,0,0,0,0,0,1,0,1,1,0,0,0,-1",,,3,0,0,0,0
"0,0,0,0,0,-1,-1,-1,1,0,0,1,-1,0,0,-1,0,0,0,0,0,0,0,-1,0,1,-1,1,-1,0,1",,,3,0,0,0,0
"1,0,1,0,1,0,1,1,0,0,0,1,1,0,0,-1,1,1,0,0,0,0,0,0,1,1,0,0,-1,1,-1",,,3,0,0,0,0
"0,0,1,0,0,0,-1,-1,1,0,0,0,-1,-1,0,-1,1,1,0,0,0,0,0,1,1,-1,-1,0,0,1,1",,,3,0,0,0,0
"0,0,0,0,0,-1,-1,-1,1,0,0,1,-1,0,-1,-1,0,0,0,0,0,0,0,-1,0,0,-1,1,0,0,1",,,3,0,0,0,0
"0,0,1,0,0,0,1,1,-1,0,0,1,1,0,1,-1,0,0,0,0,0,0,0,1,1,1,1,0,0,0,-1",,,3,0,0,0,0
"0,1,1,0,0,-1,-1,1,0,0,0,0,1,0,1,-1,0,0,0,0,0,0,0,1,1,0,-1,1,0,0,1",,,3,0,0,0,0
"0,1,0,0,0,0,0,1,1,0,0,0,-1,0,0,-1,1,1,0,0,0,0,0,-1,0,1,1,0,-1,1,-1",,,3,0,0,0,0
"0,1,1,0,0,-1,1,-1,0,0,0,0,1,-1,-1,-1,1,1,0,0,0,0,0,-1,1,-1,-1,1,0,1,1",,,3,0,0,0,0
"1,1,1,0,1,0,0,0,1,0,0,1,-1,-1,1,-1,0,0,0,1,0,1,0,0,1,-1,-1,1,0,0,1",,,3,0,0,0,0
"0,1,1,0,0,0,0,-1,1,0,0,0,-1,-1,-1,-1,0,0,0,0,0,0,0,-1,1,0,-1,1,1,0,1",,,3,0,0,0,0
"0,1,1,0,0,1,-1,1,-1,0,0,1,1,0,1,1,0,0,0,0,0,0,0,1,0,1,-1,0,-1,0,-1",,,3,0,0,0,0
"0,-1,1,1,0,-1,0,0,1,0,0,0,-1,-1,0,-1,0,0,0,0,0,0,0,1,1,-1,-1,0,0,0,1",,,3,0,0,0,0
"0,-1,1,0,0,-1,1,1,0,0,0,1,1,0,-1,-1,1,1,0,0,0,0,0,0,1,0,-1,0,1,1,1",,,3,0,0,0,0
"0,-1,0,0,0,-1,-1,0,1,0,1,0,1,0,-1,-1,1,1,0,0,0,0,0,-1,0,1,-1,0,1,1,1",,,3,0,0,0,0
"0,1,0,0,0,0,-1,1,1,0,0,1,-1,0,-1,-1,1,1,0,0,0,0,0,1,0,-1,1,0,-1,1,-1",,,3,0,0,0,0
"0,1,0,0,0,-1,-1,1,-1,0,0,0,1,0,0,-1,1,1,0,1,1,1,1,1,0,0,-1,0,0,1,-1",,,3,0,0,0,0
"0,0,1,0,0,0,0,1,0,0,0,0,1,0,0,-1,1,1,0,1,0,1,0,-1,1,1,-1,1,-1,1,-1",,,3,0,0,0,0
"0,0,0,0,0,0,0,1,1,0,0,1,-1,0,-1,-1,1,1,0,0,0,0,0,-1,0,-1,0,1,0,1,-1",,,3,0,0,0,0
"0,1,0,0,0,-1,-1,-1,-1,0,0,1,1,0,0,-1,0,0,0,0,0,0,0,1,0,0,-1,1,-1,0,-1",,,3,0,0,0,0
"0,1,0,0,0,0,1,0,0,0,0,0,1,0,0,-1,0,0,0,0,0,0,0,1,0,1,-1,0,-1,0,-1",,,3,0,0,0,0
"0,-1,1,1,0,0,1,1,0,0,0,1,-1,0,0,-1,0,0,0,0,0,0,0,1,1,-1,-1,0,0,0,-1",,,3,0,0,0,0
"0,-1,0,0,0,0,0,1,-1,0,0,0,1,1,0,-1,0,0,0,0,0,0,0,-1,0,1,-1,0,0,0,-1",,,3,0,0,0,0
"0,-1,0,0,0,-1,0,-1,1,0,0,1,-1,-1,-1,-1,1,1,0,0,0,0,0,1,1,0,-1,0,-1,1,1",,,3,0,0,0,0
"0,-1,1,0,0,1,-1,1,1,0,0,0,-1,1,0,-1,1,1,0,0,0,0,0,1,1,0,-1,0,0,1,-1",,,3,0,0,0,0
"0,-1,1,0,1,1,-1,1,0,0,0,0,1,1,0,-1,0,0,1,0,0,0,0,-1,1,1,-1,0,-1,0,-1",,,3,0,0,0,0
"0,-1,0,0,0,0,-1,1,-1,0,0,0,1,1,0,-1,0,0,0,0,0,0,0,-1,0,1,1,0,0,0,-1",,,3,0,0,0,0
"0,-1,0,0,0,0,-1,1,-1,0,0,1,1,0,1,-1,0,0,0,0,0,0,0,-1,1,-1,-1,0,0,0,-1",,,3,0,0,0,0
"0,-1,0,0,0,1,1,1,-1,0,0,0,1,1,1,1,1,1,0,0,0,0,0,1,1,-1,-1,0,-1,1,-1",,,3,0,0,0,0
"0,0,0,0,0,0,-1,1,-1,0,0,0,1,0,1,-1,1,1,0,0,0,0,0,1,1,1,0,1,0,1,-1",,,3,0,0,0,0
"0,0,0,0,0,0,0,0,1,0,0,0,-1,-1,-1,-1,1,1,0,0,0,0,0,0,0,1,-1,0,1,1,1",,,3,0,0,0,0
"0,0,0,0,0,0,-1,-1,1,1,0,0,-1,-1,0,-1,0,0,0,1,0,1,0,-1,0,0,0,0,0,0,1",,,3,0,0,0,0
"0,1,0,0,0,1,-1,1,-1,0,0,0,1,1,-1,1,1,1,0,0,0,0,0,1,1,1,-1,0,1,1,-1",,,3,0,0,0,0
"0,-1,0,0,0,0,0,-1,0,0,0,1,-1,1,0,-1,0,0,0,0,0,0,0,-1,0,1,0,0,0,0,-1",,,3,0,0,0,0
"0,-1,0,0,0,1,1,1,-1,0,0,1,1,1,0,-1,0,0,0,0,0,0,0,0,0,1,-1,0,0,0,-1",,,3,0,0,0,0
"1,-1,1,0,1,0,1,1,0,0,0,1,1,0,-1,-1,0,0,1,0,0,0,0,1,0,1,0,0,-1,0,-1",,,3,0,0,0,0
"0,-1,0,0,0,-1,-1,-1,0,0,0,1,-1,0,-1,-1,0,0,0,0,0,0,0,-1,0,1,-1,0,0,0,1",,,3,0,0,0,0
"0,-1,0,0,0,0,1,1,-1,0,0,0,1,0,1,-1,1,1,0,0,0,0,0,1,0,1,-1,0,-1,1,-1",,,3,0,0,0,0
"0,1,0,0,0,-1,1,1,0,1,0,0,1,0,0,1,0,0,0,1,0,1,1,1,1,0,-1,0,0,0,-1",,,3,0,0,0,0
"1,-1,1,0,1,1,-1,1,-1,0,0,1,1,1,1,-1,1,1,0,0,0,0,0,1,1,1,-1,0,0,1,-1",,,3,0,0,0,0
"0,-1,0,0,0,-1,1,-1,1,0,0,0,-1,0,0,-1,0,0,0,0,0,0,0,-1,1,1,-1,0,0,0,1",,,3,0,0,0,0
"1,-1,1,0,1,1,1,1,1,0,0,1,1,0,0,-1,0,0,0,0,0,0,0,1,1,1,-1,0,1,0,-1",,,3,0,0,0,0
"0,-1,0,0,0,0,1,1,-1,1,1,0,1,0,1,-1,1,1,0,1,0,1,0,1,1,1,1,0,0,1,-1",,,3,0,0,0,0
"0,-1,0,0,0,-1,-1,1,0,1,0,0,-1,0,-1,-1,0,0,0,1,0,1,1,-1,0,1,-1,0,-1,0,1",,,3,0,0,0,0
"0,-1,0,0,0,-1,1,1,0,0,0,0,1,1,0,-1,1,1,0,0,0,0,0,1,0,1,1,1,0,1,-1",,,3,0,0,0,0
"1,-1,1,0,1,0,1,1,0,0,0,1,1,0,-1,-1,1,1,0,0,0,0,0,0,1,1,1,0,-1,1,-1",,,3,0,0,0,0
"0,-1,0,0,0,0,-1,-1,0,0,0,0,1,0,-1,-1,1,1,0,0,0,0,0,-1,0,-1,0,1,0,1,1",,,3,0,0,0,0
"0,-1,0,0,1,1,-1,1,-1,0,0,0,1,1,0,-1,0,0,0,0,0,0,0,1,1,1,-1,0,0,0,-1",,,3,0,0,0,0
"0,-1,0,0,1,-1,0,0,0,0,0,1,-1,-1,1,-1,0,0,0,0,0,0,0,1,1,-1,-1,0,0,0,1",,,3,0,0,0,0
"0,-1,0,0,1,1,0,1,1,1,1,1,-1,0,1,-1,1,1,1,1,0,1,0,-1,1,1,1,0,0,1,-1",,,3,0,0,0,0
"0,-1,0,0,0,-1,-1,-1,0,0,0,0,1,-1,0,-1,0,0,0,0,0,0,0,-1,0,-1,-1,0,-1,0,1",,,3,0,0,0,0
"0,1,0,0,0,0,0,1,-1,0,0,0,1,0,1,1,0,0,0,0,0,0,0,-1,0,1,1,1,-1,0,-1",,,3,0,0,0,0
"0,-1,0,0,0,1,-1,1,-1,0,0,0,1,0,0,-1,0,0,0,0,0,0,0,-1,0,1,-1,0,-1,0,-1",,,3,0,0,0,0
"0,1,0,1,0,0,1,1,-1,0,0,1,1,0,1,1,0,0,0,0,0,0,0,1,0,1,0,0,-1,0,-1",,,3,0,0,0,0
"0,1,0,0,1,0,-1,1,0,1,0,1,1,0,1,1,0,0,0,1,0,1,0,1,1,1,-1,0,0,0,-1",,,3,0,0,0,0
"0,-1,0,0,0,1,1,1,0,0,0,0,1,1,1,-1,0,0,0,0,0,0,0,1,0,1,-1,1,0,0,-1",,,3,0,0,0,0
"1,1,1,0,1,0,0,0,-1,0,0,1,1,-1,0,1,0,0,0,0,0,0,0,1,1,1,-1,1,-1,0,1",,,3,0,0,0,0
"1,-1,1,0,1,1,1,1,1,0,0,1,-1,1,0,-1,1,1,0,0,0,0,0,1,1,1,1,0,1,1,-1",,,3,0,0,0,0
"0,-1,0,0,0,0,1,1,0,0,0,1,-1,1,0,-1,1,1,0,0,0,0,0,1,1,-1,-1,0,0,1,-1",,,3,0,0,0,0
"0,-1,0,0,0,0,-1,-1,0,0,0,0,1,-1,0,-1,0,0,0,0,0,0,0,-1,1,-1,-1,0,0,0,1",,,3,0,0,0,0
"0,-1,0,0,0,0,1,1,-1,0,0,0,1,0,1,-1,0,0,0,0,0,0,0,1,1,-1,1,0,-1,0,-1",,,3,0,0,0,0
"0,-1,0,0,0,-1,1,1,-1,0,0,0,1,0,1,-1,0,0,0,0,0,0,0,0,0,0,-1,0,-1,0,1",,,3,0,0,0,0
"0,-1,0,0,0,-1,-1,-1,0,0,0,1,1,0,-1,-1,0,0,0,0,0,0,0,-1,1,0,-1,1,0,0,1",,,3,0,0,0,0
"0,-1,0,0,0,0,-1,-1,0,0,0,0,-1,0,0,-1,0,0,0,0,0,0,0,-1,1,0,0,0,0,0,1",,,3,0,0,0,0
"0,-1,0,0,0,0,-1,-1,-1,0,0,0,1,0,-1,-1,1,0,0,0,0,0,0,0,1,1,-1,1,-1,0,1",,,3,0,0,0,0
"0,-1,0,0,0,-1,1,-1,0,0,0,0,-1,-1,0,-1,1,0,0,0,0,0,0,-1,1,-1,-1,0,0,0,1",,,3,0,0,0,0
"0,-1,0,0,0,-1,0,1,-1,0,0,0,1,0,1,-1,1,0,0,0,0,0,0,-1,1,1,-1,0,-1,0,-1",,,3,0,0,0,0
"0,-1,0,0,0,-1,-1,-1,1,0,0,0,-1,1,-1,-1,0,0,0,0,0,0,0,-1,0,-1,-1,1,1,0,1",,,3,0,0,0,0
"0,-1,0,0,0,-1,-1,-1,1,0,0,0,-1,0,0,-1,0,0,0,0,0,0,0,0,0,1,-1,1,1,0,1",,,3,0,0,0,0
"0,-1,0,0,0,-1,0,1,-1,1,0,0,1,0,0,-1,1,1,0,1,0,1,0,-1,1,0,-1,0,-1,1,-1",,,3,0,0,0,0
"1,1,1,0,1,-1,1,-1,0,0,0,1,1,-1,1,1,0,1,1,1,0,1,0,1,1,1,-1,0,0,1,1",,,3,0,0,0,0
"0,-1,0,0,0,-1,0,0,1,0,0,0,-1,-1,-1,-1,0,0,0,0,0,0,0,0,1,1,-1,0,1,0,1",,,3,0,0,0,0
"0,-1,0,0,0,1,1,1,0,0,0,0,-1,0,-1,-1,1,0,0,0,0,0,0,0,0,0,-1,1,0,0,-1",,,3,0,0,0,0
"0,-1,0,0,0,-1,1,1,0,1,1,0,1,1,-1,-1,1,0,0,1,0,1,0,1,1,1,1,1,0,0,-1",,,3,0,0,0,0
"0,-1,0,0,0,0,-1,-1,1,0,0,1,-1,0,-1,-1,0,0,0,0,0,0,0,-1,0,0,-1,1,1,0,-1",,,3,0,0,0,0
"0,-1,0,0,0,1,0,1,0,0,0,0,1,1,0,-1,0,0,0,0,0,0,0,-1,1,1,1,1,0,0,-1",,,3,0,0,0,0
"0,1,0,0,0,1,0,-1,-1,0,0,0,1,0,0,1,0,0,0,0,0,0,0,0,0,1,-1,1,-1,0,-1",,,3,0,0,0,0
"0,-1,0,0,0,-1,0,1,0,0,0,0,1,0,1,-1,0,0,0,0,0,0,0,-1,1,1,-1,0,0,0,-1",,,3,0,0,0,0
"0,-1,0,0,0,-1,0,0,-1,0,0,0,1,-1,0,-1,0,0,0,0,0,0,0,0,0,-1,-1,0,-1,0,1",,,3,0,0,0,0
"0,1,0,0,0,1,-1,1,-1,0,0,1,1,0,0,1,0,0,0,0,0,0,0,-1,1,1,1,0,-1,0,-1",,,3,0,0,0,0
"0,-1,0,0,0,-1,0,0,1,1,0,1,-1,-1,0,-1,0,0,0,1,0,1,0,0,1,-1,-1,0,1,0,1",,,3,0,0,0,0
"0,-1,0,0,0,-1,-1,1,1,0,0,0,-1,-1,-1,-1,0,0,0,0,0,0,0,-1,1,0,-1,0,1,0,1",,,3,0,0,0,0
"0,-1,0,0,0,1,0,1,0,0,0,0,1,0,0,-1,0,0,0,0,0,0,0,0,1,1,1,0,0,0,-1",,,3,0,0,0,0
"1,-1,1,0,1,1,-1,1,0,0,0,1,-1,0,0,-1,0,1,0,0,0,0,0,1,0,1,-1,0,0,1,-1",,,3,0,0,0,0
"0,-1,0,0,0,-1,0,1,1,0,0,1,-1,0,-1,-1,0,1,0,0,0,0,0,-1,1,0,-1,0,1,1,1",,,3,0,0,0,0
"0,-1,0,0,0,1,-1,1,-1,1,0,1,1,1,1,-1,0,1,0,1,0,1,0,1,0,1,-1,1,-1,1,-1",,,3,0,0,0,0
"0,-1,0,0,0,-1,-1,-1,1,0,0,0,-1,0,1,-1,0,0,0,0,0,0,0,0,1,1,-1,1,1,0,1",,,3,0,0,0,0
"0,-1,0,0,0,-1,0,-1,1,0,0,0,1,0,-1,-1,0,0,0,0,0,0,0,-1,1,1,-1,0,1,0,1",,,3,0,0,0,0
"0,-1,0,0,0,0,-1,1,0,0,0,0,1,0,0,-1,0,0,0,0,0,0,0,1,0,1,1,1,0,0,-1",,,3,0,0,0,0
"0,-1,0,0,0,-1,0,1,0,0,0,0,-1,1,-1,-1,0,0,0,0,0,0,0,-1,0,0,1,1,0,0,-1",,,3,0,0,0,0
"0,-1,0,0,0,1,-1,1,1,0,0,0,-1,0,-1,-1,0,0,0,0,0,0,0,1,0,-1,-1,0,1,0,-1",,,3,0,0,0,0
"0,-1,0,0,0,-1,-1,1,0,0,0,0,1,0,-1,-1,0,0,0,0,0,0,0,-1,1,0,-1,0,0,0,1",,,3,0,0,0,0
"0,-1,0,0,0,0,1,1,1,0,0,0,-1,0,1,-1,0,0,0,0,0,0,0,1,1,1,0,0,1,0,-1",,,3,0,0,0,0
"0,-1,0,0,0,-1,1,1,1,0,0,0,1,0,0,-1,0,0,0,0,0,0,0,0,1,0,-1,0,1,0,1",,,3,0,0,0,0
"0,-1,0,0,0,0,-1,1,-1,0,0,0,1,0,0,-1,0,0,0,0,0,0,0,-1,0,1,0,1,0,0,-1",,,3,0,0,0,0
"0,-1,0,0,0,0,0,0,-1,0,0,0,1,0,-1,-1,0,0,0,0,0,0,0,1,1,-1,0,1,1,0,1",,,3,0,0,0,0
"0,-1,0,0,0,1,1,1,-1,1,1,0,1,0,0,-1,1,0,0,1,0,1,0,1,1,1,-1,1,1,0,-1",,,3,0,0,0,0
"0,-1,0,0,0,0,0,0,-1,0,0,0,1,-1,1,-1,0,0,0,0,0,0,0,1,0,1,-1,1,0,0,1",,,3,0,0,0,0
"0,-1,0,0,0,0,-1,-1,0,0,0,0,-1,-1,0,-1,0,0,0,0,0,0,0,-1,0,0,-1,1,0,0,1",,,3,0,0,0,0
"1,-1,1,0,1,0,0,-1,0,0,0,1,1,0,0,-1,0,1,0,0,0,0,0,0,1,1,0,1,1,1,-1",,,3,0,0,0,0
"0,-1,0,0,0,0,-1,-1,-1,0,0,0,1,-1,1,-1,0,0,0,0,0,0,0,-1,1,-1,-1,1,1,0,1",,,3,0,0,0,0
"0,-1,0,0,0,-1,0,0,-1,0,0,0,1,-1,0,-1,1,0,0,0,0,0,0,1,1,-1,-1,1,0,0,1",,,3,0,0,0,0
"0,-1,0,0,0,0,0,0,0,0,0,0,-1,-1,-1,-1,1,0,0,0,0,0,0,1,0,-1,0,1,0,0,1",,,3,0,0,0,0
"0,1,0,0,0,0,0,-1,-1,1,0,0,1,0,0,1,1,0,0,1,0,1,0,-1,0,1,-1,0,0,0,-1",,,3,0,0,0,0
"0,-1,0,0,0,-1,-1,0,1,0,0,0,1,0,-1,-1,0,0,0,0,0,0,0,-1,1,1,-1,1,0,0,1",,,3,0,0,0,0
"1,-1,1,0,1,-1,0,1,1,0,0,1,-1,1,-1,-1,0,1,0,0,0,0,0,-1,1,1,1,1,1,1,-1",,,3,0,0,0,0
"0,-1,0,0,0,0,0,1,1,0,0,0,-1,1,0,-1,0,0,0,0,0,0,0,0,1,-1,1,0,1,0,-1",,,3,0,0,0,0
"0,1,0,0,0,-1,-1,1,-1,1,0,0,1,1,0,1,0,0,0,1,0,1,0,1,1,1,1,1,1,0,-1",,,3,0,0,0,0
"0,-1,0,1,0,0,0,0,0,0,0,0,-1,-1,1,-1,0,0,0,0,0,0,0,1,1,1,-1,1,0,0,1",,,3,0,0,0,0
"0,-1,0,0,0,0,1,1,-1,0,0,0,1,1,-1,-1,0,0,0,0,0,0,0,1,1,1,-1,1,1,0,-1",,,3,0,0,0,0
"0,-1,0,0,0,0,0,1,1,0,0,0,-1,0,0,-1,0,0,0,0,0,0,0,-1,1,1,0,1,1,0,-1",,,3,0,0,0,0
"0,-1,0,0,0,-1,-1,-1,1,0,0,0,1,0,0,-1,0,0,0,0,0,0,0,-1,0,1,-1,1,0,0,1",,,3,0,0,0,0
"0,-1,0,0,0,0,1,1,0,0,0,0,1,0,-1,-1,0,0,0,0,0,0,0,1,0,1,1,1,0,0,-1",,,3,0,0,0,0
"0,-1,0,0,0,-1,0,-1,1,0,0,0,-1,0,-1,-1,0,0,0,0,0,0,0,-1,1,1,-1,1,0,0,1",,,3,0,0,0,0
"0,1,0,0,0,0,1,1,1,1,0,0,-1,0,0,1,0,0,0,1,0,1,0,1,1,1,-1,1,0,0,-1",,,3,0,0,0,0
"0,-1,0,0,0,0,1,1,0,0,0,0,1,1,0,-1,0,0,0,0,0,0,0,1,1,1,1,0,0,0,-1",,,3,0,0,0,0
"0,1,0,0,0,-1,0,0,-1,0,0,0,1,-1,-1,1,0,0,0,0,0,0,0,1,0,-1,-1,1,0,0,1",,,3,0,0,0,0
"0,-1,0,0,0,-1,0,-1,1,0,0,1,-1,-1,-1,-1,0,1,0,0,0,0,0,-1,1,0,-1,0,1,1,1",,,3,0,0,0,0
"0,-1,0,0,0,-1,-1,1,0,0,0,0,-1,0,0,-1,0,0,0,0,0,0,0,-1,1,1,-1,0,0,0,1",,,3,0,0,0,0
"0,-1,0,0,0,0,-1,1,1,1,0,0,-1,-1,0,-1,0,0,0,0,0,1,0,-1,0,-1,0,0,0,0,1",,,3,0,0,0,0
"0,-1,0,0,0,-1,-1,1,-1,1,0,0,1,1,1,-1,0,0,0,0,0,1,0,1,1,1,1,1,1,0,-1",,,3,0,0,0,0
"1,-1,1,0,1,0,1,1,1,1,0,1,-1,0,1,-1,0,1,1,0,0,1,0,1,1,0,-1,0,1,1,-1",,,3,0,0,0,0
"0,-1,0,0,0,-1,-1,1,1,0,0,0,-1,0,0,-1,0,0,0,0,0,0,0,1,1,0,-1,0,1,0,1",,,3,0,0,0,0
"0,-1,0,0,0,0,-1,-1,-1,1,0,0,1,0,0,-1,0,0,0,0,0,1,0,-1,1,0,1,0,1,0,1",,,3,0,0,0,0
"0,-1,0,0,0,1,1,1,0,0,0,0,1,1,0,-1,0,0,0,0,0,0,0,1,0,1,-1,0,0,0,-1",,,3,0,0,0,0
"0,-1,0,0,0,0,0,1,0,1,0,0,1,0,-1,-1,0,0,0,0,0,1,0,-1,1,1,-1,0,1,0,-1",,,3,0,0,0,0
"0,-1,0,0,0,0,-1,1,1,0,0,0,-1,0,-1,-1,0,0,0,0,0,0,0,1,0,1,-1,0,0,0,-1",,,3,0,0,0,0
"1,1,1,0,1,0,0,1,1,1,0,1,-1,1,1,1,0,1,1,0,0,1,0,-1,1,1,1,0,1,1,-1",,,3,0,0,0,0
"0,-1,0,0,0,0,-1,1,1,0,0,0,-1,0,0,-1,0,0,0,0,0,0,0,-1,1,-1,-1,0,0,0,-1",,,3,0,0,0,0
"0,-1,0,0,0,0,-1,1,0,0,0,0,-1,0,0,-1,0,0,0,0,0,0,0,-1,0,0,-1,0,0,0,-1",,,3,0,0,0,0
"0,-1,0,0,0,1,-1,1,0,1,0,0,1,0,1,-1,0,1,0,0,0,1,0,1,1,1,-1,0,1,1,-1",,,3,0,0,0,0
"0,-1,0,0,0,-1,1,1,0,0,0,0,1,0,0,-1,0,0,0,0,0,0,0,1,0,0,-1,0,0,0,1",,,3,0,0,0,0
"0,-1,0,0,0,-1,0,-1,1,0,0,0,1,0,-1,-1,0,0,0,0,0,0,0,-1,1,0,-1,1,0,0,1",,,3,0,0,0,0
"1,1,1,0,1,-1,-1,1,-1,0,0,1,1,0,-1,1,0,0,1,0,0,0,0,-1,1,0,-1,1,1,0,1",,,3,0,0,0,0
"0,-1,0,0,0,-1,-1,-1,0,0,0,0,-1,0,-1,-1,0,0,0,0,0,0,0,-1,1,0,-1,1,0,0,1",,,3,0,0,0,0
"0,-1,0,0,0,0,-1,-1,1,0,0,0,-1,0,0,-1,0,0,0,0,0,0,0,-1,1,1,-1,1,0,0,1",,,3,0,0,0,0
"0,-1,0,0,0,0,-1,-1,0,0,0,1,-1,-1,0,-1,0,0,0,0,0,0,0,-1,1,-1,0,1,0,0,1",,,3,0,0,0,0
"0,-1,0,0,0,1,-1,1,1,0,0,0,-1,1,0,-1,0,0,0,0,0,0,0,-1,1,1,1,0,0,0,-1",,,3,0,0,0,0
"0,-1,0,0,0,-1,-1,-1,1,0,0,0,-1,0,0,-1,0,0,0,0,0,0,0,-1,1,1,-1,0,0,0,1",,,3,0,0,0,0
"0,-1,0,0,0,-1,1,1,-1,0,0,0,1,0,0,-1,0,0,0,0,0,0,0,1,0,1,-1,0,0,0,-1",,,3,0,0,0,0
"0,-1,0,0,0,-1,-1,1,1,0,0,0,-1,1,1,-1,0,0,0,0,0,0,0,1,1,1,1,1,0,0,-1",,,3,0,0,0,0
"0,-1,0,0,0,0,-1,1,-1,0,0,0,1,0,0,-1,0,0,0,0,0,0,0,1,1,1,-1,1,1,0,-1",,,3,0,0,0,0
"0,-1,0,0,0,0,1,1,-1,1,0,0,1,0,-1,-1,0,0,0,1,0,1,0,1,1,1,0,1,1,0,-1",,,3,0,0,0,0
"0,-1,0,0,0,0,-1,1,1,0,0,0,-1,0,0,-1,0,0,0,0,0,0,0,-1,0,1,0,0,0,0,-1",,,3,0,0,0,0
"0,1,0,0,0,0,-1,1,-1,0,0,0,1,0,0,1,0,0,0,0,0,0,0,-1,0,1,0,0,0,0,-1",,,3,0,0,0,0
"0,-1,0,0,0,0,-1,-1,1,0,0,0,-1,-1,0,-1,0,0,0,0,0,0,0,-1,1,0,0,0,0,0,1",,,3,0,0,0,0
"0,-1,0,0,0,0,1,-1,0,0,0,0,1,-1,0,-1,0,0,0,0,0,0,0,1,1,-1,-1,0,0,0,1",,,3,0,0,0,0
"0,-1,0,0,0,0,-1,1,0,0,0,0,-1,0,-1,-1,0,0,0,0,0,0,0,-1,1,0,-1,1,0,0,1",,,3,0,0,0,0
"0,-1,0,0,0,1,-1,1,0,1,0,0,1,1,0,-1,0,0,0,0,0,1,0,-1,0,1,-1,0,0,0,-1",,,3,0,0,0,0
"0,1,0,0,0,-1,-1,-1,0,0,0,0,1,-1,-1,1,0,0,0,0,0,0,0,1,1,-1,-1,1,1,0,1",,,3,0,0,0,0
"0,-1,0,0,0,0,0,0,1,0,0,0,-1,-1,0,-1,0,0,0,0,0,0,0,1,0,-1,-1,1,0,0,1",,,3,0,0,0,0
"0,-1,0,0,0,0,-1,-1,1,0,0,0,-1,0,0,-1,0,0,0,0,0,0,0,-1,0,-1,1,1,0,0,1",,,3,0,0,0,0
"0,-1,0,0,0,-1,-1,1,0,1,0,0,1,0,0,-1,0,0,0,0,0,1,0,1,0,0,-1,1,0,0,-1",,,3,0,0,0,0
"0,1,0,0,0,0,1,1,-1,0,0,0,1,0,0,1,0,0,0,0,0,0,0,1,0,1,-1,0,0,0,-1",,,3,0,0,0,0
"0,-1,0,0,0,-1,1,1,1,0,0,0,-1,1,-1,-1,0,0,0,0,0,0,0,1,1,0,1,0,0,0,-1",,,3,0,0,0,0
"0,-1,0,0,0,0,0,1,1,0,0,0,-1,0,1,-1,0,0,0,0,0,0,0,-1,1,1,0,0,1,0,-1",,,3,0,0,0,0
"0,1,0,0,0,0,-1,1,-1,0,0,0,1,1,1,1,0,0,0,0,0,0,0,1,1,1,1,0,0,0,-1",,,3,0,0,0,0
"0,1,0,0,0,-1,-1,-1,-1,1,0,0,1,-1,1,1,0,0,0,0,0,1,0,-1,1,-1,-1,0,0,0,1",,,3,0,0,0,0
"0,-1,0,0,0,0,0,-1,0,0,0,0,1,1,0,-1,0,0,0,0,0,0,0,0,1,1,-1,0,0,0,-1",,,3,0,0,0,0
"0,-1,0,0,0,1,1,1,-1,1,0,0,1,0,1,-1,0,0,0,0,0,1,0,1,1,1,-1,0,1,0,-1",,,3,0,0,0,0
"0,-1,0,0,0,0,0,1,0,0,0,0,-1,0,-1,-1,0,0,0,0,0,0,0,-1,0,0,-1,0,0,0,-1",,,3,0,0,0,0
"0,-1,0,0,0,-1,0,0,1,1,1,0,1,-1,1,-1,1,0,0,0,0,1,0,0,1,1,-1,0,1,0,1",,,3,0,0,0,0
"0,-1,0,0,0,0,-1,1,0,0,0,0,1,1,-1,-1,0,0,0,0,0,0,0,1,1,1,-1,0,1,0,-1",,,3,0,0,0,0
"0,-1,0,0,0,-1,0,0,1,0,0,0,-1,-1,-1,-1,0,0,0,0,0,0,0,1,0,1,-1,1,0,0,1",,,3,0,0,0,0
"0,-1,0,0,0,0,0,1,0,0,0,0,-1,0,1,-1,0,0,0,0,0,0,0,-1,0,1,1,0,0,0,-1",,,3,0,0,0,0
"0,-1,0,0,0,-1,-1,1,-1,0,0,0,1,1,0,-1,0,0,0,0,0,0,0,-1,0,0,-1,0,0,0,-1",,,3,0,0,0,0
"0,-1,0,0,0,-1,1,1,-1,1,1,0,1,0,1,-1,1,0,0,0,0,1,0,1,1,0,-1,1,1,0,1",,,3,0,0,0,0
"0,-1,0,1,0,0,0,1,0,0,0,0,1,0,1,-1,0,0,0,0,0,0,0,-1,0,1,1,0,0,0,-1",,,3,0,0,0,0
"0,-1,0,0,0,1,0,1,-1,0,0,0,1,0,0,-1,0,0,0,0,0,0,0,0,0,1,-1,0,0,0,-1",,,3,0,0,0,0
"0,-1,0,0,0,0,1,1,-1,0,0,0,1,1,-1,-1,0,0,0,0,0,0,0,1,1,1,1,0,1,0,-1",,,3,0,0,0,0
"0,-1,0,0,0,0,-1,1,0,1,1,0,-1,0,0,-1,1,0,0,0,0,1,0,1,1,1,0,0,1,0,-1",,,3,0,0,0,0
"0,-1,0,0,0,-1,-1,-1,1,0,0,0,1,-1,-1,-1,0,0,0,0,0,0,0,-1,0,-1,-1,1,0,0,1",,,3,0,0,0,0
"0,-1,0,0,0,-1,-1,-1,0,0,0,0,-1,-1,-1,-1,0,0,0,0,0,0,0,-1,1,-1,-1,0,1,0,1",,,3,0,0,0,0
"0,-1,0,0,0,0,-1,1,1,1,0,0,-1,1,0,-1,0,0,0,0,0,1,0,1,0,0,-1,0,0,0,-1",,,3,0,0,0,0
"0,-1,0,0,0,0,-1,-1,1,0,0,0,-1,-1,-1,-1,0,0,0,0,0,0,0,1,1,-1,0,0,0,0,1",,,3,0,0,0,0
"0,-1,0,0,0,0,0,1,-1,0,0,0,1,0,0,-1,0,0,0,0,0,0,0,0,1,1,-1,0,1,0,-1",,,3,0,0,0,0
"1,-1,1,0,1,0,-1,1,-1,0,0,1,1,0,-1,-1,0,1,1,0,0,0,0,1,1,1,0,0,1,1,-1",,,3,0,0,0,0
"0,1,0,0,0,0,1,1,0,1,0,0,1,0,0,1,0,0,0,0,0,1,0,1,1,1,0,0,1,0,-1",,,3,0,0,0,0
"0,-1,0,0,0,-1,1,1,0,1,0,0,1,0,0,-1,0,0,0,0,0,1,0,1,0,0,-1,0,0,0,-1",,,3,0,0,0,0
"0,-1,0,0,0,1,1,1,1,0,0,0,-1,1,0,-1,0,0,0,0,0,0,0,0,1,1,-1,0,1,0,-1",,,3,0,0,0,0
"0,1,0,0,0,0,0,-1,0,0,0,0,1,0,0,1,0,0,0,0,0,0,0,-1,0,1,0,0,0,0,-1",,,3,0,0,0,0
"0,-1,0,0,0,-1,0,1,1,0,0,0,-1,0,1,-1,0,0,0,0,0,0,0,-1,1,0,-1,0,0,0,1",,,3,0,0,0,0
"0,-1,0,0,0,0,0,-1,0,0,0,0,1,0,0,-1,0,0,0,0,0,0,0,-1,1,1,0,0,0,0,1",,,3,0,0,0,0
"0,-1,0,0,0,0,0,1,0,0,0,0,-1,0,0,-1,0,0,0,0,0,0,0,0,1,1,1,0,1,0,-1",,,3,0,0,0,0
"0,-1,0,0,0,-1,1,1,0,0,0,0,-1,1,-1,-1,0,0,0,0,0,0,0,1,0,0,1,0,0,0,-1",,,3,0,0,0,0
"0,-1,0,0,0,0,1,1,-1,1,0,0,1,0,-1,-1,0,0,0,0,0,1,0,1,0,1,-1,0,0,0,-1",,,3,0,0,0,0
"0,-1,0,0,0,1,0,1,0,0,0,0,-1,1,0,-1,0,0,0,0,0,0,0,0,1,1,-1,0,1,0,-1",,,3,0,0,0,0
"0,1,0,0,0,0,1,1,-1,1,0,0,1,0,-1,1,0,0,0,0,0,1,0,1,1,1,0,0,1,0,-1",,,3,0,0,0,0
"0,-1,0,0,0,-1,0,1,-1,0,0,0,1,0,0,-1,0,0,0,0,0,0,0,-1,0,1,-1,0,0,0,-1",,,3,0,0,0,0
"0,-1,0,0,0,-1,-1,1,-1,1,0,0,1,0,0,-1,0,0,0,0,0,1,0,-1,0,0,-1,1,0,0,1",,,3,0,0,0,0
"0,-1,0,0,0,0,1,1,-1,0,0,0,1,1,1,-1,0,0,0,0,0,0,0,1,0,1,0,0,0,0,-1",,,3,0,0,0,0
"0,-1,0,0,0,0,-1,-1,1,0,0,0,-1,0,-1,-1,0,0,0,0,0,0,0,-1,0,0,-1,1,0,0,1",,,3,0,0,0,0
"0,-1,0,0,0,-1,-1,-1,1,0,0,0,1,0,-1,-1,0,0,0,0,0,0,0,-1,1,0,-1,0,0,0,1",,,3,0,0,0,0
"0,-1,0,0,0,-1,-1,0,0,0,0,0,-1,0,-1,-1,0,0,0,0,0,0,0,-1,1,0,-1,1,0,0,1",,,3,0,0,0,0
"0,-1,0,0,0,-1,1,-1,1,0,0,0,-1,0,-1,-1,0,0,0,0,0,0,0,1,1,1,-1,1,0,0,1",,,3,0,0,0,0
"1,-1,1,0,1,-1,-1,-1,0,1,0,1,1,-1,1,-1,0,1,1,1,0,1,0,-1,1,0,-1,1,1,1,1",,,3,0,0,0,0
"0,-1,0,1,0,0,1,1,1,0,0,0,-1,0,0,-1,0,0,0,0,0,0,0,1,0,-1,1,0,0,0,-1",,,3,0,0,0,0
"0,-1,0,0,0,0,1,1,1,0,0,0,-1,0,0,-1,0,0,0,0,0,0,0,0,0,1,1,1,0,0,-1",,,3,0,0,0,0
"0,-1,0,0,0,-1,-1,1,-1,1,0,0,1,0,1,-1,0,0,0,0,0,1,0,1,0,0,-1,0,0,0,-1",,,3,0,0,0,0
"0,-1,0,0,0,0,1,1,0,1,1,0,-1,1,0,-1,1,0,0,0,0,1,1,1,0,1,-1,0,0,0,-1",,,3,0,0,0,0
"0,1,0,0,0,0,-1,1,-1,0,0,0,1,0,0,1,0,0,0,0,0,0,0,1,0,1,1,0,0,0,-1",,,3,0,0,0,0
"0,-1,0,0,0,0,-1,-1,1,0,0,0,-1,-1,-1,-1,0,0,0,0,0,0,0,-1,0,-1,-1,1,0,0,1",,,3,0,0,0,0
"0,-1,0,1,0,0,0,-1,0,0,0,0,1,-1,0,-1,0,0,0,0,0,0,0,-1,1,-1,-1,1,1,0,1",,,3,0,0,0,0
"0,1,0,0,0,0,0,1,-1,0,0,0,1,0,0,1,0,0,0,0,0,0,0,-1,0,1,1,0,0,0,-1",,,3,0,0,0,0
"0,1,0,0,0,-1,0,-1,0,0,0,0,1,-1,0,1,0,0,0,0,0,0,0,-1,1,0,-1,1,1,0,1",,,3,0,0,0,0
"0,-1,0,0,0,0,-1,-1,0,0,0,0,1,-1,-1,-1,0,0,0,0,0,0,0,-1,0,0,0,1,0,0,1",,,3,0,0,0,0
"0,-1,0,0,0,0,-1,-1,0,0,0,0,1,-1,-1,-1,0,0,0,0,0,0,0,-1,1,-1,-1,1,1,0,1",,,3,0,0,0,0
"1,1,1,0,1,0,-1,-1,-1,0,0,1,1,-1,0,1,0,1,1,0,0,0,0,-1,1,1,0,1,1,0,1",,,3,0,0,0,0
"0,-1,0,0,0,0,-1,1,-1,1,1,0,1,0,0,-1,1,0,0,0,0,1,0,1,0,1,-1,0,0,0,-1",,,3,0,0,0,0
"0,1,0,1,0,0,-1,-1,-1,0,0,0,1,0,1,1,0,0,0,0,0,0,0,1,0,1,-1,0,0,0,1",,,3,0,0,0,0
"0,-1,0,0,0,0,0,-1,1,0,0,0,-1,-1,-1,-1,0,0,0,0,0,0,0,-1,0,-1,0,0,0,0,1",,,3,0,0,0,0
"0,-1,0,0,0,0,0,-1,0,0,0,0,-1,0,0,-1,0,0,0,0,0,0,0,0,1,1,0,0,1,0,-1",,,3,0,0,0,0
"1,-1,1,0,1,0,0,1,1,0,0,1,-1,0,1,-1,0,1,1,0,0,0,0,0,1,1,-1,0,1,0,-1",,,3,0,0,0,0
"0,-1,0,0,0,-1,-1,-1,1,0,0,0,-1,-1,-1,-1,0,0,0,0,0,0,0,-1,0,0,-1,1,0,0,1",,,3,0,0,0,0
"0,-1,0,0,0,-1,0,1,1,0,0,0,-1,0,0,-1,0,0,0,0,0,0,0,0,1,1,-1,0,1,0,-1",,,3,0,0,0,0
"1,1,1,0,1,1,-1,1,-1,0,0,1,1,1,0,1,0,1,1,0,0,0,0,1,1,1,-1,0,1,0,-1",,,3,0,0,0,0
"0,1,0,0,0,1,0,1,-1,0,0,0,1,1,-1,1,0,0,0,0,0,0,0,-1,1,1,1,0,1,0,-1",,,3,0,0,0,0
"0,-1,0,0,0,-1,-1,1,-1,0,0,0,1,0,-1,-1,0,0,0,0,0,0,0,0,1,0,-1,1,1,0,-1",,,3,0,0,0,0
"1,-1,1,0,1,1,1,1,-1,0,0,1,1,1,0,-1,0,1,1,0,0,0,0,1,1,1,1,0,1,0,-1",,,3,0,0,0,0
"0,-1,0,0,0,0,0,1,0,1,1,0,1,1,1,-1,1,0,0,1,0,1,0,-1,1,1,-1,0,1,1,-1",,,3,0,0,0,0
"0,-1,0,0,0,-1,1,1,-1,1,1,0,1,0,-1,-1,1,0,0,1,0,1,0,-1,0,0,-1,0,0,1,-1",,,3,0,0,0,0
"0,1,0,0,0,0,0,1,-1,0,0,0,1,0,0,1,0,0,0,0,0,0,0,-1,0,1,-1,0,0,0,-1",,,3,0,0,0,0
"0,-1,0,0,0,-1,-1,1,1,0,0,0,1,1,0,-1,0,0,0,0,0,0,0,1,0,1,1,1,0,0,-1",,,3,0,0,0,0
"0,1,0,0,0,-1,0,0,-1,0,0,0,1,-1,-1,1,0,0,0,0,0,0,0,1,1,0,-1,0,0,0,1",,,3,0,0,0,0
"0,-1,0,0,0,1,1,1,0,0,0,0,1,0,-1,-1,0,0,0,0,0,0,0,1,0,1,-1,0,0,0,-1",,,3,0,0,0,0
"0,-1,0,0,0,-1,-1,1,-1,0,0,0,1,1,0,-1,0,0,0,0,0,0,0,1,0,1,1,1,0,0,-1",,,3,0,0,0,0
"0,-1,0,0,0,-1,-1,1,0,0,0,0,1,1,0,-1,0,0,0,0,0,0,0,1,0,1,1,1,0,0,-1",,,3,0,0,0,0
"0,-1,0,0,0,-1,0,1,0,0,0,0,1,0,0,-1,0,0,0,0,0,0,0,-1,1,0,-1,0,0,0,1",,,3,0,0,0,0
"0,-1,0,0,0,0,-1,1,-1,0,0,0,1,1,0,-1,0,0,0,0,0,0,0,1,1,-1,1,0,1,0,-1",,,3,0,0,0,0
"0,1,0,0,0,1,-1,1,-1,1,1,0,1,1,-1,1,1,0,0,0,0,1,1,1,0,1,-1,0,0,1,-1",,,3,0,0,0,0
"0,-1,0,0,0,0,1,1,0,0,0,0,1,0,1,-1,0,0,0,0,0,0,0,0,0,1,0,0,0,0,-1",,,3,0,0,0,0
"0,-1,0,0,0,-1,-1,1,0,0,0,0,1,0,-1,-1,0,0,0,0,0,0,0,1,0,0,-1,0,0,0,1",,,3,0,0,0,0
"0,-1,0,0,0,0,0,0,0,0,0,0,-1,-1,-1,-1,0,0,0,0,0,0,0,0,1,-1,-1,0,1,0,1",,,3,0,0,0,0
"0,-1,0,0,0,0,-1,1,1,0,0,0,-1,-1,-1,-1,0,0,0,0,0,0,0,-1,0,-1,0,0,0,0,1",,,3,0,0,0,0
"0,-1,0,0,0,0,-1,-1,0,1,1,0,-1,-1,0,-1,1,0,0,0,0,1,1,-1,0,0,-1,0,0,1,1",,,3,0,0,0,0
"0,1,0,0,0,-1,0,0,0,0,0,0,-1,-1,-1,1,0,0,0,0,0,0,0,1,1,-1,-1,1,1,0,1",,,3,0,0,0,0
"0,-1,0,0,0,0,1,1,0,0,0,0,1,0,0,-1,0,0,0,0,0,0,0,1,0,1,1,1,0,0,-1",,,3,0,0,0,0
"0,-1,0,0,0,0,0,-1,-1,0,0,0,1,1,1,-1,0,0,0,0,0,0,0,0,0,1,1,0,0,0,-1",,,3,0,0,0,0
"0,-1,0,0,0,0,1,-1,1,0,0,0,1,0,0,-1,0,0,0,0,0,0,0,1,1,-1,1,0,1,0,-1",,,3,0,0,0,0
"0,1,0,0,0,1,1,1,-1,0,0,0,1,1,0,1,0,0,0,0,0,0,0,1,0,1,-1,0,0,0,-1",,,3,0,0,0,0
"1,-1,1,0,1,-1,-1,-1,0,0,0,1,1,-1,-1,-1,0,1,1,0,0,0,0,-1,1,1,-1,0,1,0,1",,,3,0,0,0,0
"0,-1,0,0,0,-1,0,0,1,1,1,0,1,-1,0,-1,1,0,0,0,0,1,0,1,0,0,-1,0,0,1,1",,,3,0,0,0,0
"0,-1,0,0,0,0,-1,-1,0,0,0,0,1,-1,0,-1,0,0,0,0,0,0,0,-1,1,0,-1,0,1,0,1",,,3,0,0,0,0
"1,1,1,0,1,0,-1,1,-1,0,0,1,1,0,-1,1,0,1,1,0,0,0,0,1,1,0,-1,0,1,0,-1",,,3,0,0,0,0
"0,-1,0,0,0,0,0,1,0,0,0,0,-1,1,0,-1,0,0,0,0,0,0,0,-1,0,1,-1,0,0,0,-1",,,3,0,0,0,0
"0,-1,0,0,0,-1,-1,1,0,0,0,0,1,1,-1,-1,0,0,0,0,0,0,0,-1,0,0,-1,0,0,0,-1",,,3,0,0,0,0
"0,-1,0,0,0,0,1,1,1,0,0,0,1,0,-1,-1,0,0,0,0,0,0,0,1,1,1,1,0,1,0,-1",,,3,0,0,0,0
"0,-1,0,0,0,0,0,1,-1,0,0,0,1,0,-1,-1,0,0,0,0,0,0,0,-1,0,1,1,0,0,0,-1",,,3,0,0,0,0
"0,-1,0,0,0,-1,-1,-1,1,1,1,0,1,-1,0,-1,1,0,0,0,0,1,0,-1,1,0,-1,0,0,1,1",,,3,0,0,0,0
"0,1,0,0,0,0,1,1,-1,0,0,0,1,0,0,1,0,0,0,0,0,0,0,0,0,1,0,0,0,0,-1",,,3,0,0,0,0
"0,-1,0,0,0,-1,0,0,0,0,0,0,1,-1,0,-1,0,0,0,0,0,0,0,1,1,0,-1,0,0,0,1",,,3,0,0,0,0
"0,-1,0,0,0,-1,-1,1,1,1,1,0,-1,1,1,-1,1,0,0,0,0,1,0,1,1,1,1,1,1,1,-1",,,3,0,0,0,0
"0,-1,0,0,0,-1,0,0,-1,0,0,0,1,-1,0,-1,0,0,0,0,0,0,0,1,1,-1,-1,0,1,0,1",,,3,0,0,0,0
"0,-1,0,0,0,-1,0,-1,1,0,0,0,-1,-1,-1,-1,0,0,0,0,0,0,0,-1,0,-1,-1,0,0,0,1",,,3,0,0,0,0
"0,-1,0,0,0,0,0,1,0,1,1,0,1,0,0,-1,1,0,0,0,0,1,1,-1,1,1,1,1,1,1,-1",,,3,0,0,0,0
"0,-1,0,0,0,-1,-1,-1,1,1,1,0,-1,-1,0,-1,1,0,0,0,0,1,0,-1,1,-1,-1,0,0,1,1",,,3,0,0,0,0
"0,-1,0,0,0,0,-1,-1,1,1,1,0,-1,0,0,-1,1,0,0,0,0,1,0,-1,1,-1,0,1,0,1,1",,,3,0,0,0,0
"0,1,0,0,0,-1,1,1,-1,1,1,0,1,1,-1,1,1,0,0,0,0,1,0,1,1,1,-1,0,1,1,-1",,,3,0,0,0,0
"0,-1,0,0,0,1,-1,1,-1,0,0,0,1,0,0,-1,0,0,0,0,0,0,0,1,1,1,1,0,1,0,-1",,,3,0,0,0,0
"0,-1,0,0,0,-1,0,1,0,0,0,0,-1,0,1,-1,0,0,0,0,0,0,0,-1,1,0,-1,1,0,0,1",,,3,0,0,0,0
"0,1,0,0,0,-1,-1,1,0,0,0,0,1,-1,-1,1,0,0,0,0,0,0,0,-1,1,0,-1,1,0,0,1",,,3,0,0,0,0
"0,-1,0,0,0,-1,-1,-1,1,0,0,0,-1,0,-1,-1,0,0,0,0,0,0,0,-1,1,0,-1,1,0,0,1",,,3,0,0,0,0
"0,-1,0,0,0,0,1,1,1,0,0,0,1,0,1,-1,0,0,0,0,0,0,0,1,0,1,1,1,0,0,-1",,,3,0,0,0,0
"0,-1,0,0,0,1,-1,1,-1,1,1,0,1,0,1,-1,1,0,0,0,0,1,1,1,1,1,-1,0,1,1,-1",,,3,0,0,0,0
"0,-1,0,0,0,-1,-1,-1,0,0,0,0,-1,-1,-1,-1,0,0,0,0,0,0,0,-1,1,-1,-1,1,0,0,1",,,3,0,0,0,0
"0,1,0,0,0,0,-1,1,-1,1,1,0,1,0,-1,1,1,0,0,0,0,1,0,-1,1,1,0,0,1,1,-1",,,3,0,0,0,0
"0,-1,0,0,0,-1,0,-1,0,0,0,0,-1,-1,-1,-1,0,0,0,0,0,0,0,-1,0,0,-1,1,0,0,1",,,3,0,0,0,0
"0,-1,0,0,0,-1,-1,1,0,0,0,0,1,0,-1,-1,0,0,0,0,0,0,0,1,0,0,-1,0,0,0,-1",,,3,0,0,0,0
"0,1,0,0,0,1,1,1,-1,0,0,0,1,0,-1,1,0,0,0,0,0,0,0,1,0,0,-1,0,0,0,-1",,,3,0,0,0,0
"1,-1,1,0,1,0,1,1,0,0,0,1,-1,0,-1,-1,0,1,1,0,0,0,0,0,1,1,0,0,1,0,-1",,,3,0,0,0,0
"0,-1,0,0,0,0,1,1,-1,0,0,0,1,0,1,-1,0,0,0,0,0,0,0,1,1,-1,0,0,1,0,-1",,,3,0,0,0,0
"0,-1,0,0,0,1,1,1,1,0,0,0,-1,1,0,-1,0,0,0,0,0,0,0,1,1,-1,-1,0,1,0,-1",,,3,0,0,0,0
"0,-1,0,0,0,-1,1,-1,-1,0,0,0,1,0,0,-1,0,0,0,0,0,1,0,1,1,0,-1,0,1,0,-1",,,3,0,0,0,0
"1,-1,1,0,1,0,-1,1,-1,0,0,1,1,0,1,-1,0,1,1,0,0,0,0,1,1,1,-1,0,1,0,-1",,,3,0,0,0,0
"0,-1,0,0,0,0,1,1,0,0,0,0,1,0,0,-1,0,0,0,0,0,0,0,0,0,1,0,0,0,0,-1",,,3,0,0,0,0
"0,-1,0,0,0,-1,-1,-1,0,0,0,0,1,0,0,-1,0,0,0,0,0,0,0,-1,0,1,-1,1,0,0,1",,,3,0,0,0,0
"0,-1,0,0,0,-1,-1,-1,0,0,0,0,1,-1,0,-1,0,0,0,0,0,0,0,-1,0,-1,-1,1,0,0,1",,,3,0,0,0,0
"0,-1,0,0,0,0,-1,1,0,0,0,0,1,0,-1,-1,0,0,0,0,0,0,0,1,1,1,-1,0,1,0,-1",,,3,0,0,0,0
"0,-1,0,0,0,-1,-1,-1,1,0,0,0,-1,-1,-1,-1,0,0,0,0,0,0,0,-1,1,-1,-1,1,0,0,1",,,3,0,0,0,0
"1,-1,1,0,1,0,-1,1,1,0,0,1,1,0,1,-1,0,1,1,0,0,0,0,1,1,1,1,0,1,0,-1",,,3,0,0,0,0
"0,-1,0,0,0,-1,0,-1,0,0,0,0,1,-1,0,-1,0,0,0,0,0,0,0,-1,1,1,-1,1,0,0,1",,,3,0,0,0,0
"0,-1,0,0,0,0,0,-1,1,0,0,0,1,-1,-1,-1,0,0,0,0,0,0,0,-1,1,0,-1,0,0,0,1",,,3,0,0,0,0
"0,-1,0,0,0,-1,-1,1,0,0,0,0,1,1,1,-1,0,0,0,0,0,0,0,1,0,1,1,0,0,0,-1",,,3,0,0,0,0
"0,1,0,0,0,-1,-1,-1,0,0,0,0,-1,-1,0,1,0,0,0,0,0,0,0,-1,1,-1,-1,0,0,0,1",,,3,0,0,0,0
"0,-1,0,0,0,0,0,0,1,0,0,0,-1,0,0,-1,0,0,0,0,0,0,0,1,1,-1,0,1,0,0,1",,,3,0,0,0,0
"1,-1,1,0,1,0,1,1,1,0,0,1,-1,0,0,-1,0,1,1,0,0,0,0,0,1,1,-1,0,1,0,-1",,,3,0,0,0,0
"0,-1,0,0,0,0,-1,1,1,0,0,0,-1,0,0,-1,0,0,0,0,0,0,0,1,0,1,0,0,0,0,-1",,,3,0,0,0,0
"0,-1,0,0,0,-1,-1,-1,0,1,1,0,-1,-1,0,-1,1,0,0,0,0,1,0,-1,1,-1,-1,1,0,1,1",,,3,0,0,0,0
"0,-1,0,0,0,-1,-1,-1,-1,1,1,0,1,0,-1,-1,1,0,0,0,0,1,0,-1,1,0,-1,1,0,1,1",,,3,0,0,0,0
"0,-1,0,0,0,1,-1,1,0,1,1,0,1,1,-1,-1,1,0,0,0,0,1,0,1,1,1,-1,0,1,1,-1",,,3,0,0,0,0
"0,-1,0,0,0,-1,0,0,1,0,0,0,-1,-1,0,-1,0,0,0,0,0,0,0,1,0,-1,-1,1,0,0,1",,,3,0,0,0,0
"0,-1,0,0,0,-1,-1,-1,-1,1,1,0,1,-1,-1,-1,1,0,0,0,0,0,0,-1,1,1,-1,1,1,1,1",,,3,0,0,0,0
"0,-1,0,0,0,-1,1,1,0,1,1,0,1,0,-1,-1,1,0,0,0,0,0,0,1,0,1,-1,0,0,1,-1",,,3,0,0,0,0
"0,1,0,0,0,-1,1,1,-1,1,1,0,1,1,0,1,1,0,0,0,0,1,0,0,1,1,1,1,1,1,-1",,,3,0,0,0,0
"0,1,0,0,0,0,1,1,-1,0,0,0,1,1,0,1,0,0,0,0,0,0,0,1,0,1,0,0,0,0,-1",,,3,0,0,0,0
"0,-1,0,0,0,0,-1,1,1,0,0,0,-1,0,0,-1,0,0,0,0,0,0,0,1,0,1,-1,0,0,0,-1",,,3,0,0,0,0
"0,1,0,0,0,1,-1,1,-1,0,0,0,1,1,0,1,0,0,0,0,0,0,0,-1,0,1,-1,0,0,0,-1",,,3,0,0,0,0
"0,-1,0,0,0,-1,0,0,0,1,1,0,-1,-1,0,-1,1,0,0,0,0,1,0,1,0,0,-1,1,0,1,1",,,3,0,0,0,0
"0,-1,0,0,0,0,1,1,1,0,0,0,-1,0,-1,-1,0,0,0,0,0,0,0,1,0,1,-1,0,0,0,-1",,,3,0,0,0,0
"0,1,0,0,0,0,-1,1,-1,1,1,0,1,0,0,1,1,0,0,0,0,0,0,-1,0,1,1,0,0,1,-1",,,3,0,0,0,0
"0,-1,0,0,0,0,-1,1,-1,0,0,0,1,0,1,-1,0,0,0,0,0,0,0,1,0,1,-1,0,0,0,-1",,,3,0,0,0,0
"0,-1,0,0,0,-1,0,0,1,1,1,0,-1,-1,1,-1,1,0,0,0,0,1,0,0,0,-1,-1,1,0,1,1",,,3,0,0,0,0
"1,-1,1,0,1,0,-1,1,1,0,0,1,-1,0,-1,-1,0,1,1,0,0,0,0,1,1,1,1,0,1,0,-1",,,3,0,0,0,0
"0,-1,0,0,0,-1,0,0,1,1,1,0,-1,-1,1,-1,1,0,0,0,0,1,0,1,1,-1,-1,1,0,1,1",,,3,0,0,0,0
"0,-1,0,0,0,-1,-1,-1,1,0,0,0,1,0,0,-1,0,0,0,0,0,0,0,-1,1,1,-1,1,1,0,1",,,3,0,0,0,0
"0,-1,0,0,0,-1,-1,1,-1,0,0,0,1,0,0,-1,0,0,0,0,0,0,0,-1,0,0,-1,0,0,0,-1",,,3,0,0,0,0
"0,-1,0,0,0,-1,-1,-1,0,0,0,0,-1,0,-1,-1,0,0,0,0,0,0,0,-1,0,1,-1,1,0,0,1",,,3,0,0,0,0
"0,1,0,1,0,-1,-1,-1,0,0,0,0,1,-1,0,1,0,0,0,0,0,0,0,-1,0,-1,-1,1,0,0,1",,,3,0,0,0,0
"0,-1,0,0,0,0,-1,-1,0,1,1,0,-1,-1,0,-1,1,0,0,0,0,1,0,-1,1,0,0,1,1,1,1",,,3,0,0,0,0
"1,-1,1,0,1,0,-1,-1,0,1,1,1,-1,-1,1,-1,1,1,1,0,0,1,0,-1,1,0,-1,1,1,1,1",,,3,0,0,0,0
"0,-1,0,1,0,1,-1,1,0,0,0,0,1,1,1,-1,0,0,0,0,0,0,0,1,0,1,-1,0,0,0,-1",,,3,0,0,0,0
"0,-1,0,0,0,0,-1,1,1,1,1,0,-1,0,0,-1,1,0,0,0,0,1,0,1,1,1,1,0,1,1,-1",,,3,0,0,0,0
"0,-1,0,0,0,-1,1,1,-1,0,0,0,1,0,-1,-1,0,0,0,0,0,0,0,1,0,0,-1,0,0,0,1",,,3,0,0,0,0
"0,-1,0,0,0,-1,1,1,0,0,0,0,1,1,-1,-1,0,0,0,0,0,0,0,1,1,1,1,1,1,0,-1",,,3,0,0,0,0
"1,1,1,0,1,1,0,-1,-1,1,1,1,1,1,1,1,1,1,1,0,1,1,1,-1,1,0,-1,0,1,1,-1",,,3,0,0,0,0
"0,-1,0,0,0,-1,-1,1,-1,0,0,0,1,0,-1,-1,0,0,0,0,0,0,0,-1,0,0,-1,1,0,0,1",,,3,0,0,0,0
"0,-1,0,0,0,0,1,1,0,0,0,0,-1,1,0,-1,0,0,0,0,0,0,0,1,1,-1,-1,0,1,0,-1",,,3,0,0,0,0
"0,-1,0,0,0,-1,1,1,1,0,0,0,-1,-1,0,-1,0,0,0,0,0,0,0,1,1,-1,-1,0,0,0,1",,,3,0,0,0,0
"0,-1,0,0,0,1,1,1,0,0,0,0,1,0,1,-1,0,0,0,0,0,0,0,1,0,1,-1,0,0,0,-1",,,3,0,0,0,0
"0,-1,0,0,0,-1,-1,1,1,0,0,0,-1,0,-1,-1,0,0,0,0,0,0,0,-1,0,0,-1,0,0,0,1",,,3,0,0,0,0
"0,-1,0,0,0,-1,-1,-1,1,0,0,0,-1,-1,0,-1,0,0,0,0,0,0,0,-1,0,0,-1,0,0,0,1",,,3,0,0,0,0
"0,-1,0,0,0,0,1,1,-1,1,1,0,1,1,-1,-1,1,0,0,1,0,1,0,1,0,1,-1,0,0,1,-1",,,3,0,0,0,0
"0,-1,0,0,0,0,-1,-1,0,0,0,0,-1,0,-1,-1,0,0,0,0,0,0,0,1,1,-1,1,0,0,0,1",,,3,0,0,0,0
"0,-1,0,0,0,-1,-1,1,0,0,0,0,-1,0,-1,-1,0,0,0,0,0,0,0,-1,1,1,-1,0,0,0,1",,,3,0,0,0,0
"0,-1,0,0,0,0,-1,1,-1,1,1,0,1,1,-1,-1,1,0,0,1,0,1,1,-1,0,1,1,0,0,1,-1",,,3,0,0,0,0
"0,-1,0,0,0,-1,1,-1,0,0,0,0,1,-1,-1,-1,0,0,0,0,0,0,0,1,1,0,-1,0,0,0,1",,,3,0,0,0,0
"0,-1,0,0,0,0,1,-1,0,0,0,0,-1,-1,0,-1,0,0,0,0,0,0,0,1,1,-1,0,0,0,0,1",,,3,0,0,0,0
"0,-1,0,0,0,-1,1,1,1,0,0,0,-1,-1,-1,-1,0,0,0,0,0,0,0,1,1,-1,-1,0,0,0,1",,,3,0,0,0,0
"0,-1,0,0,0,-1,-1,-1,1,0,0,0,1,0,-1,-1,0,0,0,0,0,0,0,-1,0,1,-1,0,0,0,1",,,3,0,0,0,0
"0,-1,0,0,0,0,0,0,1,0,0,0,-1,0,0,-1,0,0,0,0,0,0,0,1,0,-1,1,0,0,0,1",,,3,0,0,0,0
"0,-1,0,0,0,0,-1,1,1,0,0,0,-1,0,-1,-1,0,0,0,0,0,0,0,-1,0,1,-1,0,0,0,1",,,3,0,0,0,0
"0,-1,0,0,0,-1,0,-1,0,0,0,0,-1,-1,0,-1,0,0,0,0,0,0,0,-1,0,1,-1,1,0,0,1",,,3,0,0,0,0
"0,-1,0,0,0,-1,1,1,0,0,0,0,1,0,-1,-1,0,0,0,0,0,0,0,1,1,0,-1,1,0,0,1",,,3,0,0,0,0
"0,-1,0,0,0,0,-1,-1,0,0,0,0,-1,-1,-1,-1,0,0,0,0,0,0,0,-1,1,-1,0,1,0,0,1",,,3,0,0,0,0
"0,-1,0,0,0,-1,0,-1,0,1,1,0,1,-1,0,-1,1,0,0,1,0,1,1,-1,1,-1,-1,1,0,1,1",,,3,0,0,0,0
"0,1,0,0,0,-1,-1,-1,-1,0,0,0,1,-1,0,1,0,0,0,0,0,0,0,-1,1,-1,-1,0,0,0,1",,,3,0,0,0,0
"1,-1,1,0,1,0,1,-1,-1,0,0,1,1,0,0,-1,0,1,1,0,0,0,0,1,1,1,1,0,1,0,-1",,,3,0,0,0,0
"0,-1,0,0,0,1,-1,1,1,1,1,0,-1,0,1,-1,1,0,0,1,0,1,1,1,1,1,-1,0,1,1,-1",,,3,0,0,0,0
"0,-1,0,0,0,-1,-1,1,0,0,0,0,-1,0,-1,-1,0,0,0,0,0,0,0,-1,0,0,-1,0,0,0,1",,,3,0,0,0,0
"0,-1,0,0,0,0,0,-1,0,0,0,0,1,-1,0,-1,0,0,0,0,0,0,0,-1,1,0,-1,0,1,0,1",,,3,0,0,0,0
"0,-1,0,0,0,0,-1,-1,1,0,0,0,-1,-1,-1,-1,0,0,0,0,0,0,0,-1,0,0,-1,0,0,0,1",,,3,0,0,0,0
"1,-1,1,0,1,-1,0,-1,1,1,1,1,-1,-1,1,-1,1,1,1,1,0,1,1,-1,1,-1,-1,0,1,1,1",,,3,0,0,0,0
"0,-1,0,0,0,-1,0,-1,1,0,0,0,-1,-1,-1,-1,0,0,0,0,0,0,0,-1,0,0,-1,0,0,0,1",,,3,0,0,0,0
"0,-1,0,0,0,0,-1,-1,1,0,0,0,-1,-1,-1,-1,0,0,0,0,0,0,0,-1,1,-1,-1,0,1,0,1",,,3,0,0,0,0
"1,-1,1,0,1,0,-1,1,-1,0,0,1,1,1,0,-1,0,1,1,0,0,0,0,1,1,1,-1,0,1,0,-1",,,3,0,0,0,0
"0,-1,0,0,0,-1,1,-1,1,0,0,0,-1,0,-1,-1,0,0,0,0,0,0,0,-1,0,1,-1,0,0,0,1",,,3,0,0,0,0
"0,-1,0,0,0,-1,-1,-1,-1,1,1,0,1,0,1,-1,1,0,0,1,0,1,1,1,1,0,-1,0,1,1,-1",,,3,0,0,0,0
"0,1,0,0,0,0,-1,-1,0,0,0,0,1,-1,-1,1,0,0,0,0,0,0,0,-1,0,-1,-1,0,0,0,1",,,3,0,0,0,0
"0,-1,0,0,0,0,0,0,1,1,1,0,1,-1,0,-1,1,0,0,1,0,1,1,1,0,0,-1,0,0,1,1",,,3,0,0,0,0
"0,-1,0,0,0,0,1,1,0,0,0,0,-1,1,-1,-1,0,0,0,0,0,0,0,1,0,1,-1,0,0,0,-1",,,3,0,0,0,0
"0,-1,0,0,0,1,-1,1,0,1,1,0,1,1,1,-1,1,0,0,1,1,1,1,1,1,1,-1,0,1,1,-1",,,3,0,0,0,0
"0,-1,0,0,0,0,0,1,0,0,0,0,1,0,1,-1,0,0,0,0,0,0,0,-1,1,1,1,0,1,0,-1",,,3,0,0,0,0
"0,-1,0,0,0,1,-1,1,-1,0,0,0,1,0,0,-1,0,0,0,0,0,0,0,1,1,1,-1,0,1,0,-1",,,3,0,0,0,0
"1,-1,1,0,1,0,0,1,0,0,0,1,1,1,1,-1,0,1,1,0,0,0,0,0,1,1,-1,0,1,0,-1",,,3,0,0,0,0
"0,1,0,0,0,0,-1,1,-1,0,0,0,1,0,0,1,0,0,0,0,0,0,0,1,0,1,-1,0,0,0,-1",,,3,0,0,0,0
"0,-1,0,0,0,0,1,1,-1,0,0,0,1,0,0,-1,0,0,0,0,0,0,0,1,0,0,-1,0,0,0,-1",,,3,0,0,0,0
"0,-1,0,0,0,0,-1,1,1,0,0,0,-1,-1,-1,-1,0,0,0,0,0,0,0,-1,0,-1,-1,0,0,0,1",,,3,0,0,0,0
"0,-1,0,0,0,-1,1,1,0,0,0,0,1,1,1,-1,0,0,0,0,0,0,0,1,0,1,1,1,0,0,-1",,,3,0,0,0,0
"0,-1,0,0,0,0,-1,-1,0,0,0,0,-1,-1,0,-1,0,0,0,0,0,0,0,-1,0,-1,-1,0,0,0,1",,,3,0,0,0,0
"0,-1,0,0,0,-1,0,0,1,1,1,0,-1,-1,0,-1,1,0,0,1,0,1,1,1,0,0,-1,0,0,1,1",,,3,0,0,0,0
"0,-1,0,0,0,0,0,0,-1,0,0,0,1,-1,-1,-1,0,0,0,0,0,0,0,1,0,-1,-1,0,0,0,1",,,3,0,0,0,0
"0,-1,0,0,0,0,1,1,1,1,1,0,-1,0,0,-1,1,0,0,1,0,1,1,1,0,-1,0,0,0,1,-1",,,3,0,0,0,0
"0,-1,0,0,0,0,1,1,1,0,0,0,-1,1,1,-1,0,0,0,0,0,0,0,1,0,1,-1,0,0,0,-1",,,3,0,0,0,0
"1,1,1,0,1,0,-1,1,0,0,0,1,1,0,0,1,0,1,1,0,0,0,0,-1,1,1,0,0,1,0,-1",,,3,0,0,0,0
"0,-1,0,0,0,0,1,1,1,0,0,0,-1,-1,0,-1,0,0,0,0,0,0,0,1,1,-1,0,0,1,0,1",,,3,0,0,0,0
"0,-1,0,0,0,-1,-1,-1,1,0,0,0,-1,1,-1,-1,0,0,0,0,0,0,0,1,0,-1,-1,1,0,0,1",,,3,0,0,0,0
"0,-1,0,0,0,0,0,1,1,0,0,0,-1,0,0,-1,0,0,0,0,0,0,0,-1,1,0,1,1,1,0,-1",,,3,0,0,0,0
"1,-1,1,0,1,0,0,1,1,0,0,1,-1,1,1,-1,0,1,1,0,0,0,0,0,1,1,-1,0,1,0,-1",,,3,0,0,0,0
"0,-1,0,0,0,-1,-1,-1,0,0,0,0,1,1,-1,-1,0,0,0,0,0,0,0,-1,0,-1,-1,1,0,0,1",,,3,0,0,0,0
"0,-1,0,0,0,0,0,0,0,0,0,0,1,0,0,-1,0,0,0,0,0,0,0,1,0,-1,0,0,0,0,1",,,3,0,0,0,0
"0,1,0,0,0,-1,0,-1,1,0,0,0,-1,0,-1,1,0,0,0,0,0,0,0,-1,0,0,-1,0,0,0,1",,,3,0,0,0,0
"0,-1,0,0,0,0,1,1,1,0,0,0,-1,0,-1,-1,0,0,0,0,0,0,0,1,0,1,1,1,0,0,-1",,,3,0,0,0,0
"0,-1,0,0,0,0,0,1,-1,0,0,0,1,1,0,-1,0,0,0,0,0,0,0,-1,0,0,-1,0,0,0,-1",,,3,0,0,0,0
"0,-1,0,0,0,0,1,1,1,0,0,0,-1,0,0,-1,0,0,0,0,0,0,0,1,0,1,1,1,0,0,-1",,,3,0,0,0,0
"0,-1,0,0,0,1,0,-1,0,0,0,0,1,1,-1,-1,0,0,0,0,0,0,0,-1,0,0,-1,0,0,0,-1",,,3,0,0,0,0
"0,-1,0,0,0,0,-1,1,1,0,0,0,-1,1,-1,-1,0,0,0,0,0,0,0,1,0,-1,-1,0,0,0,-1",,,3,0,0,0,0
"1,1,1,0,1,0,-1,1,-1,0,0,1,1,1,-1,1,0,1,1,0,0,0,0,1,1,1,-1,0,1,0,-1",,,3,0,0,0,0
"1,-1,1,0,1,1,-1,1,-1,0,0,1,1,1,-1,-1,0,1,1,0,0,0,0,1,1,1,-1,0,1,0,-1",,,3,0,0,0,0
"0,-1,0,0,0,0,-1,-1,-1,0,0,0,1,-1,0,-1,0,0,0,0,0,0,0,-1,0,-1,-1,0,0,0,1",,,3,0,0,0,0
"0,-1,0,0,0,-1,-1,-1,1,0,0,0,-1,-1,-1,-1,0,0,0,0,0,0,0,1,0,-1,-1,0,0,0,1",,,3,0,0,0,0
"0,-1,0,0,0,0,-1,-1,1,0,0,0,1,0,-1,-1,0,0,0,0,0,0,0,0,1,1,-1,0,1,0,1",,,3,0,0,0,0
"0,-1,0,0,0,1,1,1,0,1,1,0,1,1,0,-1,1,0,0,1,0,1,1,1,0,1,-1,0,0,1,-1",,,3,0,0,0,0
"0,-1,0,0,0,1,0,-1,0,0,0,0,-1,1,1,-1,0,0,0,0,0,0,0,-1,1,1,-1,0,1,0,-1",,,3,0,0,0,0
"0,-1,0,0,0,0,-1,1,0,0,0,0,-1,0,-1,-1,0,0,0,0,0,0,0,1,0,1,0,0,0,0,-1",,,3,0,0,0,0
"1,-1,1,0,1,0,-1,1,0,0,0,1,1,0,0,-1,0,1,1,0,0,0,0,1,1,1,0,0,1,0,-1",,,3,0,0,0,0
"0,-1,0,0,0,0,-1,-1,1,1,1,0,-1,-1,0,-1,1,0,0,1,0,1,1,-1,0,-1,0,0,0,1,1",,,3,0,0,0,0
"0,-1,0,0,0,-1,1,-1,1,0,0,0,-1,-1,-1,-1,0,0,0,0,0,0,0,1,0,0,-1,0,0,0,1",,,3,0,0,0,0
"0,-1,0,0,0,-1,-1,-1,1,0,0,0,-1,-1,-1,-1,0,0,0,0,0,0,0,-1,1,-1,-1,0,1,0,1",,,3,0,0,0,0
"0,-1,0,0,0,-1,0,-1,1,1,1,0,-1,-1,0,-1,1,0,0,1,0,1,1,1,1,0,-1,0,1,1,1",,,3,0,0,0,0
"0,-1,0,0,0,0,0,0,1,0,0,0,-1,-1,0,-1,0,0,0,0,0,0,0,1,0,-1,0,0,0,0,1",,,3,0,0,0,0
"0,1,0,0,0,-1,0,0,1,0,0,0,-1,-1,0,1,0,0,0,0,0,0,0,1,0,0,-1,0,0,0,1",,,3,0,0,0,0
"0,-1,0,0,0,-1,-1,-1,1,0,0,0,-1,0,-1,-1,0,0,0,0,0,0,0,0,0,0,-1,0,0,0,1",,,3,0,0,0,0
"0,-1,0,0,0,0,1,-1,1,0,0,0,-1,-1,-1,-1,0,0,0,0,0,0,0,1,0,-1,0,0,0,0,1",,,3,0,0,0,0
"0,-1,0,0,0,0,0,-1,1,0,0,0,1,0,0,-1,0,0,0,0,0,0,0,0,1,1,1,0,1,0,-1",,,3,0,0,0,0
"0,-1,0,0,0,-1,0,-1,1,0,0,0,-1,-1,0,-1,0,0,0,0,0,0,0,-1,1,0,-1,0,1,0,1",,,3,0,0,0,0
"0,-1,0,0,0,-1,-1,1,-1,0,0,0,1,1,0,-1,0,0,0,0,0,0,0,1,1,1,-1,0,1,0,-1",,,3,0,0,0,0
"0,1,0,0,0,-1,1,1,-1,1,1,0,1,0,1,1,1,0,0,1,1,1,1,1,1,0,-1,0,1,1,-1",,,3,0,0,0,0
"0,-1,0,0,0,-1,-1,-1,1,0,0,0,-1,0,-1,-1,0,0,0,0,0,0,0,0,1,0,-1,0,1,0,1",,,3,0,0,0,0
"0,-1,0,0,0,-1,1,-1,1,0,0,0,-1,-1,-1,-1,0,0,0,0,0,0,0,1,0,-1,-1,0,0,0,1",,,3,0,0,0,0
"0,-1,0,0,0,-1,-1,1,1,1,1,0,-1,0,-1,-1,1,0,0,1,0,1,1,-1,0,0,-1,0,0,1,1",,,3,0,0,0,0
"0,-1,0,0,0,-1,-1,1,0,1,1,0,-1,0,1,-1,1,0,0,1,0,1,1,-1,0,0,-1,0,0,1,1",,,3,0,0,0,0
"0,-1,0,0,0,-1,0,-1,1,1,1,0,-1,-1,0,-1,1,0,0,1,0,1,1,-1,0,-1,-1,0,0,1,1",,,3,0,0,0,0
"0,-1,0,0,0,0,0,0,1,0,0,0,-1,0,0,-1,0,0,0,0,0,0,0,1,1,-1,1,0,1,0,1",,,3,0,0,0,0
"0,-1,0,0,0,-1,0,0,0,0,0,0,-1,-1,0,-1,0,0,0,0,0,0,0,1,0,-1,-1,0,0,0,1",,,3,0,0,0,0
"0,-1,0,1,0,0,-1,1,1,0,0,0,-1,1,1,-1,0,0,0,0,0,0,0,-1,0,1,-1,0,0,0,-1",,,3,0,0,0,0
"0,-1,0,0,0,0,1,1,-1,1,1,0,1,0,-1,-1,1,0,0,1,0,1,1,1,1,1,1,0,1,1,-1",,,3,0,0,0,0
"0,1,0,0,0,0,0,-1,0,1,1,0,1,1,-1,1,1,0,0,1,0,1,1,-1,1,1,-1,0,1,1,-1",,,3,0,0,0,0
"0,1,0,0,0,0,-1,-1,-1,0,0,0,1,-1,0,1,0,0,0,0,0,0,0,-1,0,-1,0,0,0,0,1",,,3,0,0,0,0
"0,-1,0,0,0,1,-1,1,1,0,0,0,-1,0,1,-1,0,0,0,0,0,0,0,-1,1,-1,-1,0,1,0,-1",,,3,0,0,0,0
"0,-1,0,0,0,-1,-1,-1,1,0,0,0,-1,-1,-1,-1,0,0,0,0,0,0,0,-1,0,0,-1,0,0,0,1",,,3,0,0,0,0
"0,-1,0,1,0,-1,0,-1,0,0,0,0,1,-1,0,-1,0,0,0,0,0,0,0,-1,1,-1,-1,0,1,0,1",,,3,0,0,0,0
"0,-1,0,0,0,-1,-1,-1,-1,0,0,0,1,0,0,-1,0,0,0,0,0,0,0,1,0,0,-1,0,0,0,1",,,3,0,0,0,0
"1,-1,1,0,1,1,-1,1,0,0,0,1,1,1,-1,-1,0,1,1,0,0,0,0,1,1,1,-1,0,1,0,-1",,,3,0,0,0,0
"0,-1,0,0,0,1,0,1,1,0,0,0,-1,0,-1,-1,0,0,0,0,0,0,0,0,1,1,1,0,1,0,-1",,,3,0,0,0,0
"0,1,0,0,0,0,0,0,-1,0,0,0,1,-1,-1,1,0,0,0,0,0,0,0,1,1,-1,-1,0,1,0,1",,,3,0,0,0,0
"0,-1,0,0,0,-1,-1,-1,1,0,0,0,-1,0,-1,-1,0,0,0,0,0,0,0,0,0,1,-1,0,0,0,-1",,,3,0,0,0,0
"0,1,0,0,0,0,1,1,-1,0,0,0,1,1,1,1,0,0,0,0,0,0,0,0,0,1,-1,0,0,0,-1",,,3,0,0,0,0
"1,-1,1,0,1,-1,1,-1,1,1,1,1,-1,-1,1,-1,1,1,1,1,0,1,1,-1,1,-1,-1,0,1,1,1",,,3,0,0,0,0
"0,1,0,0,0,0,-1,-1,-1,0,0,0,1,0,0,1,0,0,0,0,0,0,0,-1,0,0,0,0,0,0,1",,,3,0,0,0,0
"0,1,0,0,0,-1,0,0,-1,1,1,0,1,-1,1,1,1,0,0,1,0,1,1,1,0,-1,-1,0,0,1,1",,,3,0,0,0,0
"0,-1,0,0,0,1,0,-1,1,0,0,0,-1,0,0,-1,0,0,0,0,0,0,0,0,1,1,-1,0,1,0,-1",,,3,0,0,0,0
"0,-1,0,0,0,0,0,0,1,1,1,0,-1,0,0,-1,1,0,0,1,1,1,1,1,0,-1,0,1,0,1,1",,,3,0,0,0,0
"0,-1,0,0,0,0,-1,-1,0,1,1,0,-1,-1,1,-1,1,0,0,1,1,1,1,-1,0,-1,-1,0,0,1,1",,,3,0,0,0,0
"0,-1,0,0,0,-1,-1,-1,0,0,0,0,-1,0,0,-1,0,0,0,0,0,0,0,-1,0,1,-1,0,0,0,1",,,3,0,0,0,0
"0,-1,0,0,0,0,-1,1,-1,0,0,0,1,1,0,-1,0,0,0,0,0,0,0,1,1,1,1,0,1,0,-1",,,3,0,0,0,0
"0,-1,0,0,0,1,0,1,-1,0,0,0,1,0,0,-1,0,0,0,0,0,0,0,0,0,1,1,0,0,0,-1",,,3,0,0,0,0
"0,-1,0,0,0,-1,-1,1,0,0,0,0,1,0,-1,-1,0,0,0,0,0,0,0,-1,0,1,-1,0,0,0,-1",,,3,0,0,0,0
"0,-1,0,0,0,-1,1,-1,1,0,0,0,1,0,-1,-1,0,0,0,0,0,0,0,-1,0,1,-1,0,0,0,1",,,3,0,0,0,0
"0,-1,0,0,0,-1,-1,-1,1,0,0,0,-1,-1,-1,-1,0,0,0,0,0,0,0,-1,0,1,-1,0,0,0,1",,,3,0,0,0,0
"0,-1,0,0,0,0,0,-1,-1,0,0,0,1,1,0,-1,0,0,0,0,0,0,0,0,0,1,1,0,0,0,-1",,,3,0,0,0,0
"0,1,0,0,0,-1,-1,1,-1,0,0,0,1,0,1,1,0,0,0,0,0,0,0,1,1,0,-1,0,1,0,1",,,3,0,0,0,0
"0,-1,0,1,0,-1,1,1,0,0,0,0,1,1,1,-1,0,0,0,0,0,0,0,1,0,1,-1,0,0,0,-1",,,3,0,0,0,0
"0,-1,0,0,0,0,0,1,0,0,0,0,1,0,-1,-1,0,0,0,0,0,0,0,-1,1,1,1,0,1,0,-1",,,3,0,0,0,0
"0,-1,0,0,0,-1,-1,1,-1,1,1,0,1,0,0,-1,1,0,0,1,1,1,1,1,1,1,-1,0,1,1,-1",,,3,0,0,0,0
"0,-1,0,0,0,-1,0,1,-1,0,0,0,1,0,-1,-1,0,0,0,0,0,0,0,1,0,0,-1,0,0,0,1",,,3,0,0,0,0
"0,-1,0,0,0,0,1,1,0,0,0,0,-1,0,0,-1,0,0,0,0,0,0,0,1,0,1,0,0,0,0,-1",,,3,0,0,0,0
"0,-1,0,0,0,-1,-1,-1,0,0,0,0,-1,-1,1,-1,0,0,0,0,0,0,0,-1,1,-1,-1,0,1,0,1",,,3,0,0,0,0
"0,-1,0,0,0,-1,-1,-1,0,0,0,0,-1,0,-1,-1,0,0,0,0,0,0,0,0,1,1,-1,1,1,0,1",,,3,0,0,0,0
"0,1,0,0,0,0,0,1,0,1,1,0,1,0,0,1,1,0,0,1,0,1,1,-1,1,1,0,0,1,1,-1",,,3,0,0,0,0
"0,1,0,0,0,-1,0,0,-1,0,0,0,1,-1,0,1,0,0,0,0,0,0,0,0,0,-1,-1,0,0,0,1",,,3,0,0,0,0
"0,-1,0,0,0,0,-1,-1,1,0,0,0,-1,0,0,-1,0,0,0,0,0,0,0,-1,0,-1,0,1,0,0,1",,,3,0,0,0,0
"0,-1,0,0,0,0,-1,-1,0,0,0,0,-1,-1,-1,-1,0,0,0,0,0,0,0,1,0,-1,0,0,0,0,1",,,3,0,0,0,0
"0,-1,0,0,0,0,0,-1,1,0,0,0,-1,-1,-1,-1,0,0,0,0,0,0,0,-1,0,-1,-1,0,0,0,1",,,3,0,0,0,0
"0,-1,0,0,0,-1,1,-1,-1,0,0,0,1,0,1,-1,0,0,0,0,0,0,0,1,0,0,-1,0,0,0,1",,,3,0,0,0,0
"1,-1,1,0,1,1,0,1,0,0,0,1,1,1,-1,-1,0,1,1,0,0,0,0,-1,1,1,-1,0,1,0,-1",,,3,0,0,0,0
"0,-1,0,0,0,1,0,1,1,1,1,0,-1,1,1,-1,1,0,0,1,0,1,1,0,1,1,-1,0,1,1,-1",,,3,0,0,0,0
"0,-1,0,0,0,0,-1,1,0,0,0,0,1,0,1,-1,0,0,0,0,0,0,0,1,0,1,1,0,0,0,-1",,,3,0,0,0,0
"0,-1,0,1,0,-1,0,0,1,0,0,0,-1,-1,0,-1,0,0,0,0,0,0,0,1,0,-1,-1,0,0,0,1",,,3,0,0,0,0
"0,1,0,0,0,-1,0,0,-1,0,0,0,1,1,0,1,0,0,0,0,0,0,0,1,0,-1,-1,0,0,0,1",,,3,0,0,0,0
"0,1,0,0,0,1,1,1,-1,0,0,0,1,1,0,1,0,0,0,0,0,0,0,1,1,-1,-1,0,1,0,-1",,,3,0,0,0,0
"0,-1,0,0,0,-1,0,-1,1,0,0,0,-1,0,1,-1,0,0,0,0,0,0,0,1,1,1,-1,0,1,0,1",,,3,0,0,0,0
"0,-1,0,0,0,0,0,1,1,0,0,0,-1,0,1,-1,0,0,0,0,0,0,0,-1,1,1,1,0,1,0,-1",,,3,0,0,0,0
"0,1,0,0,0,0,-1,-1,0,1,1,0,-1,-1,0,1,1,0,0,1,0,1,1,-1,0,-1,-1,0,0,1,1",,,3,0,0,0,0
"0,1,0,1,0,-1,0,0,0,0,0,0,1,-1,0,1,0,0,0,0,0,0,0,1,0,-1,-1,0,0,0,1",,,3,0,0,0,0
"0,1,0,0,0,-1,-1,-1,0,0,0,0,1,-1,-1,1,0,0,0,0,0,0,0,-1,1,-1,-1,0,1,0,1",,,3,0,0,0,0
"1,-1,1,0,1,1,1,1,-1,0,0,1,1,1,1,-1,0,1,1,0,0,0,0,1,1,1,-1,0,1,0,-1",,,3,0,0,0,0
"0,-1,0,0,0,-1,-1,-1,-1,0,0,0,1,-1,-1,-1,0,0,0,0,0,0,0,-1,1,-1,-1,0,1,0,1",,,3,0,0,0,0
"0,-1,0,0,0,0,0,-1,0,0,0,0,1,-1,1,-1,0,0,0,0,0,0,0,-1,1,-1,0,0,1,0,1",,,3,0,0,0,0
"0,-1,0,0,0,0,1,-1,-1,0,0,0,1,0,1,-1,0,0,0,0,0,0,0,1,1,-1,-1,0,1,0,-1",,,3,0,0,0,0
"0,-1,0,0,0,-1,0,1,1,0,0,0,1,-1,-1,-1,0,0,0,0,0,0,0,-1,0,0,-1,0,0,0,1",,,3,0,0,0,0
"0,-1,0,0,0,-1,-1,-1,1,0,0,0,-1,-1,0,-1,0,0,0,0,0,0,0,1,0,-1,-1,0,0,0,1",,,3,0,0,0,0
"0,1,0,1,0,-1,0,0,0,0,0,0,1,-1,0,1,0,0,0,0,0,0,0,0,0,-1,-1,0,0,0,1",,,3,0,0,0,0
"0,-1,0,0,0,0,0,1,0,1,1,0,1,0,0,-1,1,0,0,1,0,1,1,-1,1,1,1,0,1,1,-1",,,3,0,0,0,0
"0,1,0,1,0,-1,0,-1,-1,0,0,0,1,-1,0,1,0,0,0,0,0,0,0,-1,0,-1,-1,0,0,0,1",,,3,0,0,0,0
"0,-1,0,1,0,-1,-1,-1,1,0,0,0,-1,-1,0,-1,0,0,0,0,0,0,0,-1,1,-1,-1,0,1,0,1",,,3,0,0,0,0
"0,-1,0,0,0,-1,-1,-1,0,0,0,0,-1,-1,0,-1,0,0,0,0,0,0,0,-1,0,-1,-1,0,0,0,1",,,3,0,0,0,0
"0,-1,0,0,0,-1,0,-1,1,0,0,0,-1,-1,0,-1,0,0,0,0,0,0,0,-1,0,-1,-1,0,0,0,1",,,3,0,0,0,0
"0,-1,0,0,0,-1,1,1,-1,1,1,0,1,1,1,-1,1,0,0,1,1,1,1,1,1,1,1,0,1,1,-1",,,3,0,0,0,0
"0,-1,0,0,0,-1,-1,-1,0,1,1,0,-1,-1,0,-1,1,0,0,1,1,1,1,-1,0,0,-1,0,0,1,1",,,3,0,0,0,0
"0,-1,0,0,0,0,0,-1,1,0,0,0,-1,-1,-1,-1,0,0,0,0,0,0,0,-1,0,0,-1,0,0,0,1",,,3,0,0,0,0
"0,-1,0,0,0,0,-1,-1,0,0,0,0,-1,-1,-1,-1,0,0,0,0,0,0,0,-1,0,-1,-1,0,0,0,1",,,3,0,0,0,0
"0,-1,0,0,0,-1,-1,-1,-1,1,1,0,1,1,-1,-1,1,0,0,1,1,1,1,-1,1,1,-1,0,1,1,1",,,3,0,0,0,0
"1,-1,1,0,1,0,0,0,0,0,0,1,-1,-1,1,-1,0,1,1,0,0,0,0,1,0,-1,0,0,0,0,1",,,3,0,0,0,0
"0,-1,0,1,0,0,0,0,-1,0,0,0,1,-1,0,-1,0,0,0,0,0,0,0,1,0,-1,0,0,0,0,1",,,3,0,0,0,0
"0,-1,0,0,0,-1,-1,-1,0,0,0,0,1,-1,0,-1,0,0,0,0,0,0,0,-1,1,-1,-1,0,1,0,1",,,3,0,0,0,0
"0,1,0,0,0,0,-1,-1,1,0,0,0,-1,-1,0,1,0,0,0,0,0,0,0,-1,0,-1,-1,0,0,0,1",,,3,0,0,0,0
"0,-1,0,0,0,0,1,1,-1,0,0,0,1,0,-1,-1,0,0,0,0,0,0,0,1,1,0,0,0,1,0,-1",,,3,0,0,0,0
"0,-1,0,0,0,-1,-1,-1,0,0,0,0,-1,-1,0,-1,0,0,0,0,0,0,0,-1,1,-1,-1,0,1,0,1",,,3,0,0,0,0
"0,-1,0,0,0,0,0,1,0,1,1,0,1,0,-1,-1,1,0,0,1,1,1,1,0,0,1,-1,0,0,1,-1",,,3,0,0,0,0
"0,1,0,0,0,-1,0,1,-1,0,0,0,1,1,0,1,0,0,0,0,0,0,0,-1,0,1,1,1,0,0,-1",,,3,0,0,0,0
"0,-1,0,0,0,-1,-1,-1,0,0,0,0,1,0,-1,-1,0,0,0,0,0,0,0,-1,0,1,-1,1,0,0,1",,,3,0,0,0,0
"0,-1,0,0,0,0,0,0,-1,0,0,0,1,-1,0,-1,0,0,0,0,0,0,0,0,0,-1,-1,0,0,0,1",,,3,0,0,0,0
"0,-1,0,0,0,0,0,1,0,1,1,0,1,1,0,-1,1,0,0,1,1,1,1,-1,1,1,-1,0,1,1,-1",,,3,0,0,0,0
"0,-1,0,0,0,-1,-1,1,0,0,0,0,-1,-1,-1,-1,0,0,0,0,0,0,0,-1,0,0,-1,0,0,0,1",,,3,0,0,0,0
"0,-1,0,0,0,0,0,-1,0,1,1,0,1,-1,0,-1,1,0,0,1,1,1,1,-1,0,-1,-1,0,0,1,1",,,3,0,0,0,0
"0,-1,0,0,0,-1,-1,-1,-1,0,0,0,1,0,0,-1,0,0,0,0,0,0,0,-1,0,1,-1,1,0,0,1",,,3,0,0,0,0
"1,-1,1,0,1,-1,-1,-1,0,0,0,1,-1,-1,1,-1,0,1,1,0,0,0,0,-1,0,-1,-1,0,0,0,1",,,3,0,0,0,0
"0,-1,0,1,0,0,-1,1,0,0,0,0,1,1,1,-1,0,0,0,0,0,0,0,1,0,1,1,0,0,0,-1",,,3,0,0,0,0
"1,1,1,0,1,0,0,1,-1,0,0,1,1,0,-1,1,0,1,1,0,0,0,0,-1,1,1,1,1,1,0,-1",,,3,0,0,0,0
"0,1,0,0,0,1,-1,1,-1,0,0,0,1,-1,0,1,0,0,0,0,0,0,0,1,1,1,-1,0,1,0,-1",,,3,0,0,0,0
"0,-1,0,0,0,1,1,1,-1,1,1,0,1,0,-1,-1,1,0,0,1,1,1,1,1,1,1,-1,0,1,1,-1",,,3,0,0,0,0
"0,-1,0,0,0,-1,0,1,1,0,0,0,-1,0,-1,-1,0,0,0,0,0,0,0,-1,0,0,-1,1,0,0,1",,,3,0,0,0,0
"0,-1,0,0,0,-1,-1,-1,0,0,0,0,1,0,-1,-1,0,0,0,0,0,0,0,-1,0,0,-1,1,0,0,-1",,,3,0,0,0,0
"0,-1,0,0,0,-1,-1,-1,0,0,0,0,1,0,-1,-1,0,0,0,0,0,0,0,0,0,1,-1,1,0,0,1",,,3,0,0,0,0
"0,-1,0,0,0,0,-1,-1,0,0,0,0,1,-1,-1,-1,0,0,0,0,0,0,0,-1,0,1,-1,0,0,0,1",,,3,0,0,0,0
"0,-1,0,0,0,-1,1,1,0,0,0,0,1,0,1,-1,0,0,0,0,0,0,0,1,0,0,-1,0,0,0,1",,,3,0,0,0,0
"0,-1,0,0,0,-1,-1,-1,0,0,0,0,1,-1,1,-1,0,0,0,0,0,0,0,-1,1,-1,-1,0,1,0,1",,,3,0,0,0,0
"1,-1,1,0,1,1,1,-1,-1,0,0,1,1,1,0,-1,0,1,1,0,0,0,0,1,1,1,-1,0,1,0,-1",,,3,0,0,0,0
"0,-1,0,0,0,0,1,1,1,0,0,0,-1,0,0,-1,0,0,0,0,0,0,0,1,0,0,1,0,0,0,-1",,,3,0,0,0,0
"0,-1,0,1,0,0,-1,1,-1,0,0,0,1,1,1,-1,0,0,0,0,0,0,0,-1,0,1,1,0,0,0,-1",,,3,0,0,0,0
"0,-1,0,0,0,1,1,1,1,0,0,0,-1,1,1,-1,0,0,0,0,0,0,0,0,0,1,-1,0,0,0,-1",,,3,0,0,0,0
"0,-1,0,0,0,0,0,1,-1,0,0,0,1,0,0,-1,0,0,0,0,0,0,0,-1,0,1,1,1,0,0,-1",,,3,0,0,0,0
"0,1,0,0,0,1,1,1,0,0,0,0,1,1,0,1,0,0,0,0,0,0,0,1,0,-1,1,0,0,0,-1",,,3,0,0,0,0
"0,-1,0,0,0,-1,1,1,-1,0,0,0,1,0,1,-1,0,0,0,0,0,0,0,1,0,0,-1,0,0,0,1",,,3,0,0,0,0
"0,-1,0,0,0,0,0,1,-1,1,1,0,1,0,1,-1,1,0,0,1,1,1,1,-1,1,1,-1,0,1,1,-1",,,3,0,0,0,0
"0,-1,0,0,0,1,1,1,1,0,0,0,-1,1,-1,-1,0,0,0,0,0,0,0,1,1,-1,-1,0,1,0,-1",,,3,0,0,0,0
"0,-1,0,0,0,0,-1,1,1,0,0,0,1,0,1,-1,0,0,0,0,0,0,0,-1,1,-1,-1,0,1,0,-1",,,3,0,0,0,0
"0,1,0,0,0,0,1,-1,-1,0,0,0,1,1,1,1,0,0,0,0,0,0,0,1,1,1,-1,0,1,0,-1",,,3,0,0,0,0
"0,-1,0,0,0,0,0,1,-1,0,0,0,1,1,-1,-1,0,0,0,0,0,0,0,-1,0,0,-1,0,0,0,-1",,,3,0,0,0,0
"0,1,0,1,0,0,0,1,-1,0,0,0,1,0,1,1,0,0,0,0,0,0,0,-1,0,1,1,0,0,0,-1",,,3,0,0,0,0
"1,1,1,0,1,0,-1,1,0,0,0,1,1,1,0,1,0,1,1,0,0,0,0,1,1,1,0,0,1,0,-1",,,3,0,0,0,0
"0,-1,0,0,0,-1,0,-1,0,0,0,0,1,-1,0,-1,0,0,0,0,0,0,0,-1,0,-1,-1,0,0,0,1",,,3,0,0,0,0
"0,-1,0,0,0,-1,-1,-1,1,1,1,0,-1,-1,0,-1,1,0,0,1,1,1,1,-1,1,0,-1,0,1,1,1",,,3,0,0,0,0
"0,-1,0,0,0,1,-1,1,-1,0,0,0,1,0,-1,-1,0,0,0,0,0,0,0,1,1,1,1,0,1,0,-1",,,3,0,0,0,0
"0,-1,0,0,0,-1,-1,-1,1,0,0,0,-1,0,-1,-1,0,0,0,0,0,0,0,-1,1,1,-1,0,1,0,1",,,3,0,0,0,0
"0,1,0,0,0,-1,0,0,0,0,0,0,1,-1,0,1,0,0,0,0,0,0,0,1,0,-1,-1,0,0,0,1",,,3,0,0,0,0
"0,-1,0,0,0,0,1,1,-1,0,0,0,1,1,0,-1,0,0,0,0,0,0,0,1,1,-1,-1,0,1,0,-1",,,3,0,0,0,0
"0,-1,0,0,0,0,1,1,1,0,0,0,-1,0,1,-1,0,0,0,0,0,0,0,1,1,1,1,0,1,0,-1",,,3,0,0,0,0
"0,-1,0,0,0,0,-1,-1,1,0,0,0,1,0,0,-1,0,0,0,0,0,0,0,-1,1,1,-1,1,1,0,-1",,,3,0,0,0,0
"0,-1,0,0,0,1,1,1,1,0,0,0,-1,1,1,-1,0,0,0,0,0,0,0,1,1,-1,-1,0,1,0,-1",,,3,0,0,0,0
"0,-1,0,0,0,0,0,0,0,0,0,0,-1,-1,0,-1,0,0,0,0,0,0,0,1,0,0,-1,0,0,0,1",,,3,0,0,0,0
"0,1,0,0,0,1,0,1,-1,0,0,0,1,0,-1,1,0,0,0,0,0,0,0,-1,0,0,-1,0,0,0,-1",,,3,0,0,0,0
"0,-1,0,0,0,0,1,1,-1,0,0,0,1,1,0,-1,0,0,0,0,0,0,0,1,0,1,-1,0,0,0,-1",,,3,0,0,0,0
"0,-1,0,0,0,-1,-1,-1,-1,0,0,0,1,-1,0,-1,0,0,0,0,0,0,0,-1,0,-1,-1,0,0,0,1",,,3,0,0,0,0
"0,-1,0,0,0,0,0,-1,0,0,0,0,1,1,0,-1,0,0,0,0,0,0,0,-1,0,1,-1,0,0,0,-1",,,3,0,0,0,0
"0,-1,0,0,0,0,-1,-1,0,0,0,0,-1,0,-1,-1,0,0,0,0,0,0,0,-1,1,-1,0,0,1,0,1",,,3,0,0,0,0
"0,-1,0,0,0,0,0,0,0,1,1,0,1,-1,-1,-1,1,0,0,1,1,1,1,0,0,1,-1,0,0,1,1",,,3,0,0,0,0
"0,0,0,0,0,-1,-1,-1,1,0,0,1,-1,0,-1,-1,0,0,0,0,0,0,0,-1,1,0,-1,0,0,0,1",,,3,0,0,0,0
"0,1,1,0,0,-1,-1,1,0,0,0,0,1,0,1,-1,0,0,0,0,0,0,0,1,1,0,-1,0,0,0,1",,,3,0,0,0,0
"0,1,1,0,0,-1,1,-1,0,0,0,0,1,-1,-1,-1,1,1,0,0,0,0,0,-1,1,-1,-1,0,0,1,1",,,3,0,0,0,0
"1,1,1,0,1,0,0,0,1,0,0,1,-1,-1,1,-1,0,0,0,1,0,1,0,0,1,-1,-1,0,0,0,1",,,3,0,0,0,0
"0,1,1,0,0,0,0,-1,1,0,0,0,-1,-1,-1,-1,0,0,0,0,0,0,0,-1,1,0,-1,0,1,0,1",,,3,0,0,0,0
"0,1,1,0,0,1,-1,1,-1,0,0,1,1,0,1,1,0,0,0,0,0,0,0,1,1,1,-1,0,-1,0,-1",,,3,0,0,0,0
"0,1,0,0,0,0,-1,1,1,0,0,1,-1,0,-1,-1,1,1,0,0,0,0,0,1,1,-1,1,0,-1,1,-1",,,3,0,0,0,0
"0,1,0,0,0,-1,-1,1,-1,0,0,0,1,0,0,-1,1,1,0,1,1,1,1,1,1,0,-1,0,0,1,-1",,,3,0,0,0,0
"0,0,1,0,0,0,0,1,0,0,0,0,1,0,0,-1,1,1,0,1,0,1,0,-1,0,1,-1,0,-1,1,-1",,,3,0,0,0,0
"0,0,0,0,0,0,0,1,1,0,0,1,-1,0,-1,-1,1,1,0,0,0,0,0,-1,0,-1,0,0,0,1,-1",,,3,0,0,0,0
"0,1,0,0,0,-1,-1,-1,-1,0,0,1,1,0,0,-1,0,0,0,0,0,0,0,1,0,0,-1,0,-1,0,-1",,,3,0,0,0,0
"0,-1,1,1,0,0,1,1,0,0,0,1,-1,0,0,-1,0,0,0,0,0,0,0,1,0,-1,-1,0,0,0,-1",,,3,0,0,0,0
"0,-1,0,0,0,-1,0,-1,1,0,0,1,-1,-1,-1,-1,1,1,0,0,0,0,0,1,0,0,-1,0,-1,1,1",,,3,0,0,0,0
"0,1,0,0,0,-1,-1,1,-1,1,0,0,1,1,0,1,0,0,0,1,0,1,0,1,0,1,1,0,1,0,-1",,,3,0,0,0,0
"0,-1,0,1,0,0,0,0,0,0,0,0,-1,-1,1,-1,0,0,0,0,0,0,0,1,0,1,-1,0,0,0,1",,,3,0,0,0,0
"0,-1,0,0,0,0,1,1,-1,0,0,0,1,1,-1,-1,0,0,0,0,0,0,0,1,0,1,-1,0,1,0,-1",,,3,0,0,0,0
"0,-1,0,0,0,0,0,1,1,0,0,0,-1,0,0,-1,0,0,0,0,0,0,0,-1,0,1,0,0,1,0,-1",,,3,0,0,0,0
"0,-1,0,0,0,-1,-1,-1,1,0,0,0,1,0,0,-1,0,0,0,0,0,0,0,-1,0,1,-1,0,0,0,1",,,3,0,0,0,0
"0,-1,0,0,0,0,1,1,0,0,0,0,1,0,-1,-1,0,0,0,0,0,0,0,1,0,1,1,0,0,0,-1",,,3,0,0,0,0
"0,-1,0,0,0,-1,0,-1,1,0,0,0,-1,0,-1,-1,0,0,0,0,0,0,0,-1,1,1,-1,0,0,0,1",,,3,0,0,0,0
"0,1,0,0,0,0,1,1,1,1,0,0,-1,0,0,1,0,0,0,1,0,1,0,1,0,1,-1,0,0,0,-1",,,3,0,0,0,0
"0,-1,0,0,0,0,1,1,0,0,0,0,1,1,0,-1,0,0,0,0,0,0,0,1,0,1,1,0,0,0,-1",,,3,0,0,0,0
"0,1,0,0,0,-1,0,0,-1,0,0,0,1,-1,-1,1,0,0,0,0,0,0,0,1,1,-1,-1,0,0,0,1",,,3,0,0,0,0
"0,-1,0,0,0,0,-1,1,1,1,0,0,-1,-1,0,-1,0,0,0,0,0,1,0,-1,1,-1,0,0,0,0,1",,,3,0,0,0,0
"0,-1,0,0,0,-1,-1,1,-1,1,0,0,1,1,1,-1,0,0,0,0,0,1,0,1,0,1,1,0,1,0,-1",,,3,0,0,0,0
"1,-1,1,0,1,0,1,1,1,1,0,1,-1,0,1,-1,0,1,1,0,0,1,0,1,0,0,-1,0,1,1,-1",,,3,0,0,0,0
"0,-1,0,0,0,0,-1,1,1,0,0,0,-1,0,0,-1,0,0,0,0,0,0,0,-1,0,-1,-1,0,0,0,-1",,,3,0,0,0,0
"0,-1,0,0,0,-1,1,1,1,0,0,0,-1,1,-1,-1,0,0,0,0,0,0,0,1,0,0,1,0,0,0,-1",,,3,0,0,0,0
"0,1,0,0,0,0,-1,1,-1,0,0,0,1,1,1,1,0,0,0,0,0,0,0,1,0,1,1,0,0,0,-1",,,3,0,0,0,0
"0,-1,0,0,0,0,0,-1,0,0,0,0,1,1,0,-1,0,0,0,0,0,0,0,0,0,1,-1,0,0,0,-1",,,3,0,0,0,0
"0,-1,0,0,0,0,0,1,0,0,0,0,-1,0,-1,-1,0,0,0,0,0,0,0,-1,0,0,-1,1,0,0,-1",,,3,0,0,0,0
"0,-1,0,0,0,-1,0,0,1,0,0,0,-1,-1,-1,-1,0,0,0,0,0,0,0,1,1,1,-1,0,0,0,1",,,3,0,0,0,0
"0,-1,0,0,0,0,0,1,0,0,0,0,-1,0,1,-1,0,0,0,0,0,0,0,-1,1,1,1,0,0,0,-1",,,3,0,0,0,0
"0,-1,0,0,0,-1,1,1,-1,1,1,0,1,0,1,-1,1,0,0,0,0,1,0,1,1,0,-1,0,1,0,1",,,3,0,0,0,0
"0,-1,0,0,0,-1,-1,-1,1,0,0,0,1,-1,-1,-1,0,0,0,0,0,0,0,-1,1,-1,-1,0,0,0,1",,,3,0,0,0,0
"0,-1,0,0,0,-1,-1,1,-1,0,0,0,1,1,0,-1,0,0,0,0,0,0,0,1,0,1,1,0,0,0,-1",,,3,0,0,0,0
"0,-1,0,0,0,-1,-1,1,0,0,0,0,1,1,0,-1,0,0,0,0,0,0,0,1,0,1,1,0,0,0,-1",,,3,0,0,0,0
"0,-1,0,0,0,-1,0,1,0,0,0,0,1,0,0,-1,0,0,0,0,0,0,0,-1,0,0,-1,0,0,0,1",,,3,0,0,0,0
"0,-1,0,0,0,0,1,1,0,0,0,0,1,0,1,-1,0,0,0,0,0,0,0,0,1,1,0,0,0,0,-1",,,3,0,0,0,0
"0,1,0,0,0,-1,0,0,0,0,0,0,-1,-1,-1,1,0,0,0,0,0,0,0,1,1,-1,-1,0,1,0,1",,,3,0,0,0,0
"0,-1,0,0,0,-1,0,0,1,1,1,0,1,-1,0,-1,1,0,0,0,0,1,0,1,1,0,-1,0,0,1,1",,,3,0,0,0,0
"0,1,0,0,0,-1,1,1,-1,1,1,0,1,1,0,1,1,0,0,0,0,1,0,0,0,1,1,0,1,1,-1",,,3,0,0,0,0
"0,-1,0,0,0,-1,0,0,0,1,1,0,-1,-1,0,-1,1,0,0,0,0,1,0,1,1,0,-1,0,0,1,1",,,3,0,0,0,0
"0,-1,0,0,0,0,1,1,1,0,0,0,-1,0,-1,-1,0,0,0,0,0,0,0,1,0,1,-1,1,0,0,-1",,,3,0,0,0,0
"0,-1,0,0,0,-1,0,0,1,1,1,0,-1,-1,1,-1,1,0,0,0,0,1,0,0,1,-1,-1,0,0,1,1",,,3,0,0,0,0
"1,-1,1,0,1,0,-1,1,1,0,0,1,-1,0,-1,-1,0,1,1,0,0,0,0,1,0,1,1,0,1,0,-1",,,3,0,0,0,0
"0,-1,0,0,0,-1,0,0,1,1,1,0,-1,-1,1,-1,1,0,0,0,0,1,0,1,0,-1,-1,0,0,1,1",,,3,0,0,0,0
"0,-1,0,0,0,-1,-1,-1,1,0,0,0,-1,0,-1,-1,0,0,0,0,0,0,0,-1,0,0,-1,0,0,0,1",,,3,0,0,0,0
"0,-1,0,0,0,-1,-1,-1,1,0,0,0,1,0,0,-1,0,0,0,0,0,0,0,-1,0,1,-1,0,1,0,1",,,3,0,0,0,0
"0,-1,0,0,0,-1,-1,-1,0,0,0,0,-1,0,-1,-1,0,0,0,0,0,0,0,-1,1,1,-1,0,0,0,1",,,3,0,0,0,0
"0,1,0,1,0,-1,-1,-1,0,0,0,0,1,-1,0,1,0,0,0,0,0,0,0,-1,1,-1,-1,0,0,0,1",,,3,0,0,0,0
"0,-1,0,0,0,0,-1,-1,0,1,1,0,-1,-1,0,-1,1,0,0,0,0,1,0,-1,1,0,0,0,1,1,1",,,3,0,0,0,0
"1,-1,1,0,1,0,-1,-1,0,1,1,1,-1,-1,1,-1,1,1,1,0,0,1,0,-1,1,0,-1,0,1,1,1",,,3,0,0,0,0
"0,-1,0,0,0,0,-1,1,1,1,1,0,-1,0,0,-1,1,0,0,0,0,1,0,1,0,1,1,0,1,1,-1",,,3,0,0,0,0
"0,-1,0,0,0,-1,1,1,0,0,0,0,1,1,-1,-1,0,0,0,0,0,0,0,1,0,1,1,1,1,0,-1",,,3,0,0,0,0
"1,1,1,0,1,1,0,-1,-1,1,1,1,1,1,1,1,1,1,1,0,1,1,1,-1,0,0,-1,1,1,1,-1",,,3,0,0,0,0
"0,-1,0,0,0,0,0,0,-1,0,0,0,1,-1,-1,-1,0,0,0,0,0,0,0,1,1,-1,-1,0,0,0,1",,,3,0,0,0,0
"0,-1,0,0,0,-1,-1,-1,1,0,0,0,-1,1,-1,-1,0,0,0,0,0,0,0,1,0,-1,-1,0,0,0,1",,,3,0,0,0,0
"0,-1,0,0,0,0,0,1,1,0,0,0,-1,0,0,-1,0,0,0,0,0,0,0,-1,1,0,1,0,1,0,-1",,,3,0,0,0,0
"0,-1,0,0,0,0,0,0,0,0,0,0,1,0,0,-1,0,0,0,0,0,0,0,1,1,-1,0,0,0,0,1",,,3,0,0,0,0
"0,1,0,0,0,-1,0,-1,1,0,0,0,-1,0,-1,1,0,0,0,0,0,0,0,-1,1,0,-1,0,0,0,1",,,3,0,0,0,0
"0,-1,0,0,0,0,-1,-1,-1,0,0,0,1,-1,0,-1,0,0,0,0,0,0,0,-1,1,-1,-1,0,0,0,1",,,3,0,0,0,0
"0,-1,0,0,0,1,1,1,0,1,1,0,1,1,0,-1,1,0,0,1,0,1,1,1,1,1,-1,0,0,1,-1",,,3,0,0,0,0
"0,-1,0,0,0,0,-1,1,0,0,0,0,-1,0,-1,-1,0,0,0,0,0,0,0,1,1,1,0,0,0,0,-1",,,3,0,0,0,0
"0,-1,0,0,0,-1,0,-1,0,0,0,0,1,-1,-1,-1,0,0,0,0,0,0,0,-1,1,0,-1,0,0,0,1",,,3,0,0,0,0
"1,-1,1,0,1,0,0,-1,-1,0,0,1,1,1,0,-1,0,1,1,0,0,0,0,0,1,1,-1,0,1,0,-1",,,3,0,0,0,0
"0,-1,0,0,0,-1,-1,-1,1,0,0,0,1,-1,0,-1,0,0,0,0,0,0,0,-1,1,0,-1,0,0,0,1",,,3,0,0,0,0
"0,-1,0,0,0,0,0,1,1,0,0,0,-1,0,1,-1,0,0,0,0,0,0,0,-1,0,1,-1,0,0,0,-1",,,3,0,0,0,0
"1,-1,1,0,1,0,1,1,1,0,0,1,-1,0,1,-1,0,1,1,0,0,0,0,0,1,1,1,0,1,0,-1",,,3,0,0,0,0
"0,-1,0,0,0,0,0,0,0,0,0,0,1,-1,0,-1,0,0,0,0,0,0,0,1,0,-1,-1,0,0,0,1",,,3,0,0,0,0
"0,-1,0,0,0,0,0,1,1,1,1,0,-1,1,0,-1,1,0,0,1,0,1,1,-1,1,1,-1,1,1,1,-1",,,3,0,0,0,0
"0,-1,0,0,0,-1,-1,1,0,0,0,0,1,0,0,-1,0,0,0,0,0,0,0,1,0,1,-1,0,0,0,-1",,,3,0,0,0,0
"0,1,0,0,0,0,0,-1,0,0,0,0,1,-1,-1,1,0,0,0,0,0,0,0,-1,0,0,-1,0,0,0,1",,,3,0,0,0,0
"0,-1,0,0,0,-1,-1,-1,0,0,0,0,-1,0,-1,-1,0,0,0,0,0,0,0,-1,1,0,-1,0,1,0,1",,,3,0,0,0,0
"0,-1,0,0,0,-1,0,-1,-1,0,0,0,1,-1,0,-1,0,0,0,0,0,0,0,-1,0,-1,-1,0,0,0,1",,,3,0,0,0,0
"0,-1,0,0,0,-1,0,1,-1,0,0,0,1,0,1,-1,0,0,0,0,0,0,0,-1,0,1,-1,0,0,0,-1",,,3,0,0,0,0
"0,1,0,1,0,1,1,1,1,0,0,0,-1,1,1,1,0,0,0,0,0,0,0,1,0,1,-1,0,0,0,-1",,,3,0,0,0,0
"0,1,0,0,0,1,-1,1,-1,0,0,0,1,1,0,1,0,0,0,0,0,0,0,1,1,-1,-1,0,1,0,-1",,,3,0,0,0,0
"0,-1,0,0,0,-1,0,1,0,0,0,0,1,0,-1,-1,0,0,0,0,0,0,0,1,1,1,-1,0,1,0,1",,,3,0,0,0,0
"0,-1,0,0,0,-1,0,-1,1,0,0,0,-1,0,-1,-1,0,0,0,0,0,0,0,-1,0,0,-1,1,0,0,1",,,3,0,0,0,0
"0,1,0,0,0,-1,0,0,-1,0,0,0,1,1,0,1,0,0,0,0,0,0,0,1,0,-1,-1,1,0,0,1",,,3,0,0,0,0
"0,-1,0,0,0,-1,0,-1,1,0,0,0,-1,0,1,-1,0,0,0,0,0,0,0,1,1,1,-1,1,1,0,1",,,3,0,0,0,0
"0,1,0,1,0,-1,0,0,0,0,0,0,1,-1,0,1,0,0,0,0,0,0,0,1,1,-1,-1,0,0,0,1",,,3,0,0,0,0
"0,-1,0,0,0,-1,0,-1,0,0,0,0,1,-1,0,-1,0,0,0,0,0,0,0,-1,1,-1,-1,0,0,0,1",,,3,0,0,0,0
"0,1,0,0,0,-1,0,0,0,0,0,0,1,-1,0,1,0,0,0,0,0,0,0,1,1,-1,-1,0,0,0,1",,,3,0,0,0,0
"0,-1,0,0,0,-1,-1,1,1,0,0,0,-1,-1,0,-1,0,0,0,0,0,0,0,-1,1,0,-1,0,0,0,1",,,3,0,0,0,0
"0,-1,0,0,0,0,-1,-1,1,0,0,0,-1,0,-1,-1,0,0,0,0,0,0,0,-1,1,1,-1,0,1,0,1",,,3,0,0,0,0
"0,-1,0,0,0,-1,0,0,-1,1,1,0,1,-1,-1,-1,1,0,0,1,1,1,1,0,0,1,-1,0,1,1,1",,,3,0,0,0,0
"0,1,0,0,0,1,1,1,-1,0,0,0,1,0,1,1,0,0,0,0,0,0,0,1,0,-1,-1,0,1,0,-1",,,3,0,0,0,0
"0,-1,0,0,0,-1,1,1,1,0,0,0,-1,1,1,-1,0,0,0,0,0,0,0,1,0,1,1,1,0,0,-1",,,3,0,0,0,0
"1,-1,1,0,1,0,-1,1,0,0,0,1,1,0,1,-1,0,1,1,0,0,0,0,1,1,1,-1,0,1,0,-1",,,3,0,0,0,0
"0,-1,0,0,0,0,0,0,1,0,0,0,-1,-1,1,-1,0,0,0,0,0,0,0,0,1,-1,-1,0,1,0,1",,,3,0,0,0,0
"0,-1,0,0,0,0,0,1,1,0,0,0,-1,0,0,-1,0,0,0,0,0,0,0,-1,0,-1,-1,0,0,0,-1",,,3,0,0,0,0
"0,-1,0,0,0,-1,0,0,1,1,1,0,-1,-1,-1,-1,1,0,0,1,1,1,1,1,1,1,-1,1,1,1,1",,,3,0,0,0,0
"0,-1,0,0,0,-1,-1,-1,0,0,0,0,-1,0,0,-1,0,0,0,0,0,0,0,-1,0,0,-1,1,0,0,1",,,3,0,0,0,0
"0,-1,0,0,0,0,0,-1,1,0,0,0,-1,-1,-1,-1,0,0,0,0,0,0,0,-1,0,1,0,0,0,0,1",,,3,0,0,0,0
"0,-1,0,1,0,0,0,0,1,0,0,0,-1,-1,0,-1,0,0,0,0,0,0,0,0,1,-1,0,0,1,0,1",,,3,0,0,0,0
"0,-1,0,0,0,0,0,1,0,0,0,0,1,0,1,-1,0,0,0,0,0,0,0,-1,0,1,0,0,0,0,-1",,,3,0,0,0,0
"0,-1,0,0,0,0,-1,-1,1,0,0,0,1,-1,-1,-1,0,0,0,0,0,0,0,1,0,-1,-1,0,0,0,1",,,3,0,0,0,0
"0,-1,0,0,0,0,0,1,0,0,0,0,1,0,0,-1,0,0,0,0,0,0,0,-1,0,1,1,0,0,0,-1",,,3,0,0,0,0
"1,-1,1,0,1,-1,1,-1,1,1,1,1,-1,-1,1,-1,1,1,1,1,0,1,1,-1,1,-1,-1,1,1,1,1",,,3,0,0,0,0
"0,1,0,0,0,0,-1,-1,-1,0,0,0,1,0,0,1,0,0,0,0,0,0,0,-1,0,0,0,1,0,0,1",,,3,0,0,0,0
"0,1,0,0,0,-1,0,0,-1,1,1,0,1,-1,1,1,1,0,0,1,0,1,1,1,0,-1,-1,1,0,1,1",,,3,0,0,0,0
"0,-1,0,0,0,1,0,-1,1,0,0,0,-1,0,0,-1,0,0,0,0,0,0,0,0,1,1,-1,1,1,0,-1",,,3,0,0,0,0
"0,-1,0,0,0,0,-1,-1,0,1,1,0,-1,-1,1,-1,1,0,0,1,1,1,1,-1,0,-1,-1,1,0,1,1",,,3,0,0,0,0
"0,-1,0,0,0,-1,1,-1,1,0,0,0,1,0,-1,-1,0,0,0,0,0,0,0,-1,1,1,-1,1,0,0,1",,,3,0,0,0,0
"0,-1,0,0,0,-1,-1,-1,1,0,0,0,-1,-1,-1,-1,0,0,0,0,0,0,0,-1,1,1,-1,0,0,0,1",,,3,0,0,0,0
"0,-1,0,0,0,0,0,-1,-1,0,0,0,1,1,0,-1,0,0,0,0,0,0,0,0,1,1,1,0,0,0,-1",,,3,0,0,0,0
"0,1,0,0,0,-1,-1,1,-1,0,0,0,1,0,1,1,0,0,0,0,0,0,0,1,1,0,-1,1,1,0,1",,,3,0,0,0,0
"0,-1,0,1,0,-1,1,1,0,0,0,0,1,1,1,-1,0,0,0,0,0,0,0,1,1,1,-1,0,0,0,-1",,,3,0,0,0,0
"0,-1,0,0,0,-1,0,1,-1,0,0,0,1,0,-1,-1,0,0,0,0,0,0,0,1,1,0,-1,0,0,0,1",,,3,0,0,0,0
"0,-1,0,0,0,-1,-1,-1,0,0,0,0,-1,0,-1,-1,0,0,0,0,0,0,0,0,1,1,-1,0,1,0,1",,,3,0,0,0,0
"0,1,0,0,0,0,0,1,0,1,1,0,1,0,0,1,1,0,0,1,0,1,1,-1,0,1,0,0,1,1,-1",,,3,0,0,0,0
"0,1,0,0,0,-1,0,0,-1,0,0,0,1,-1,0,1,0,0,0,0,0,0,0,0,1,-1,-1,0,0,0,1",,,3,0,0,0,0
"0,-1,0,0,0,0,1,1,1,0,0,0,-1,1,1,-1,0,0,0,0,0,0,0,1,1,-1,1,0,1,0,-1",,,3,0,0,0,0
"0,-1,0,0,0,0,-1,1,0,0,0,0,-1,0,1,-1,0,0,0,0,0,0,0,1,0,1,1,0,0,0,-1",,,3,0,0,0,0
"0,-1,0,0,0,-1,0,0,-1,0,0,0,1,-1,-1,-1,0,0,0,0,0,0,0,1,0,-1,-1,1,0,0,1",,,3,0,0,0,0
"0,1,0,0,0,0,-1,1,-1,1,1,0,1,0,-1,1,1,0,0,1,1,1,1,1,1,1,0,0,1,1,-1",,,3,0,0,0,0
"0,-1,0,0,0,1,-1,1,-1,1,1,0,1,1,0,-1,1,0,0,1,1,1,1,1,1,1,-1,0,1,1,-1",,,3,0,0,0,0
"1,-1,1,0,1,-1,0,-1,0,1,1,1,1,-1,1,-1,1,1,1,1,1,1,1,1,1,-1,-1,1,1,1,1",,,3,0,0,0,0
"0,1,0,1,0,0,-1,1,-1,0,0,0,1,0,1,1,0,0,0,0,0,0,0,1,0,1,1,0,0,0,-1",,,3,0,0,0,0
"0,-1,0,0,0,0,-1,-1,1,0,0,0,-1,-1,-1,-1,0,0,0,0,0,0,0,1,0,-1,-1,1,0,0,1",,,3,0,0,0,0
"1,-1,1,0,1,-1,0,0,1,1,1,1,-1,-1,1,-1,1,1,1,1,1,1,1,1,1,0,-1,1,1,1,1",,,3,0,0,0,0
"0,-1,0,0,0,-1,1,1,-1,0,0,0,1,0,1,-1,0,0,0,0,0,0,0,1,0,0,-1,1,0,0,1",,,3,0,0,0,0
"0,-1,0,0,0,0,-1,1,1,0,0,0,1,0,1,-1,0,0,0,0,0,0,0,-1,1,-1,-1,1,1,0,-1",,,3,0,0,0,0
"0,-1,0,0,0,-1,-1,-1,1,0,0,0,-1,-1,0,-1,0,0,0,0,0,0,0,-1,1,0,-1,1,0,0,1",,,3,0,0,0,0
"0,1,0,1,0,0,0,1,-1,0,0,0,1,0,1,1,0,0,0,0,0,0,0,-1,1,1,1,0,0,0,-1",,,3,0,0,0,0
"0,1,0,0,0,1,0,1,-1,0,0,0,1,0,-1,1,0,0,0,0,0,0,0,-1,0,0,-1,1,0,0,-1",,,3,0,0,0,0
"0,-1,0,0,0,0,1,1,-1,0,0,0,1,1,0,-1,0,0,0,0,0,0,0,1,0,1,-1,1,0,0,-1",,,3,0,0,0,0
"0,-1,0,0,1,0,-1,1,0,0,0,0,-1,0,-1,-1,0,0,1,0,0,0,0,-1,1,1,-1,1,0,0,1",,,3,0,0,0,0
"0,-1,0,0,1,-1,-1,0,1,0,0,0,-1,0,-1,-1,0,0,1,0,0,0,0,-1,0,0,-1,1,1,0,1",,,3,0,0,0,0
"0,-1,0,0,0,0,-1,1,1,0,0,1,-1,1,1,-1,0,0,0,0,0,0,0,1,1,1,0,0,1,0,-1",,,3,0,0,0,0
"0,-1,0,0,1,-1,1,-1,0,0,0,0,1,0,0,-1,1,0,1,0,0,0,0,-1,0,0,-1,1,0,0,1",,,3,0,0,0,0
"0,-1,0,0,1,-1,1,1,-1,0,0,0,1,1,0,-1,0,0,1,0,0,0,0,1,0,1,1,1,-1,0,-1",,,3,0,0,0,0
"0,-1,0,0,0,-1,-1,-1,0,0,0,0,1,0,-1,-1,0,0,0,0,0,0,0,-1,0,1,-1,0,0,0,1",,,3,0,0,0,0
"0,-1,0,0,0,-1,0,0,1,0,0,0,-1,-1,-1,-1,1,0,0,0,0,0,0,1,0,-1,-1,0,1,0,1",,,3,0,0,0,0
"0,-1,0,0,0,-1,-1,1,1,0,0,0,1,0,-1,-1,1,0,0,0,0,0,0,-1,0,0,-1,0,1,0,1",,,3,0,0,0,0
"0,-1,0,0,0,0,-1,-1,-1,0,0,0,1,-1,0,-1,1,0,0,0,0,0,0,-1,0,1,0,0,-1,0,1",,,3,0,0,0,0
"0,-1,0,0,0,-1,-1,1,-1,0,0,0,1,0,0,-1,1,0,0,0,0,0,0,1,0,1,-1,0,-1,0,-1",,,3,0,0,0,0
"0,1,0,0,0,-1,1,1,0,0,0,0,1,0,-1,1,1,0,0,0,0,0,0,1,0,0,-1,1,0,0,-1",,,3,0,0,0,0
"0,-1,0,0,0,0,0,1,-1,0,0,0,1,0,1,-1,0,0,0,0,0,0,0,-1,0,1,1,0,0,0,-1",,,3,0,0,0,0
"0,-1,0,0,0,0,1,1,0,0,0,0,1,1,0,-1,0,0,0,0,0,0,0,1,0,1,0,0,0,0,-1",,,3,0,0,0,0
"0,-1,0,0,0,0,-1,1,1,0,0,1,-1,0,1,-1,1,0,0,0,0,0,0,1,0,1,0,0,0,0,-1",,,3,0,0,0,0
"0,-1,0,0,0,1,0,1,-1,0,0,0,1,1,0,-1,0,0,0,0,0,0,0,-1,0,1,-1,0,0,0,-1",,,3,0,0,0,0
"0,-1,0,0,0,-1,0,-1,0,0,0,0,1,-1,-1,-1,0,0,0,0,0,0,0,-1,1,1,-1,0,0,0,1",,,3,0,0,0,0
"0,-1,0,0,0,0,-1,-1,0,1,1,0,1,0,-1,-1,1,0,0,0,0,1,0,0,0,1,0,1,0,0,-1",,,3,0,0,0,0
"0,-1,0,0,0,0,1,1,-1,0,0,0,1,1,-1,-1,0,0,0,0,0,0,0,1,1,0,1,1,1,0,-1",,,3,0,0,0,0
"0,-1,0,0,0,-1,-1,-1,1,0,0,0,-1,1,-1,-1,0,0,0,0,0,0,0,-1,1,-1,-1,1,1,0,1",,,3,0,0,0,0
"0,-1,0,0,0,0,0,-1,0,0,0,0,-1,-1,0,-1,0,0,0,0,0,1,0,-1,1,0,-1,0,1,0,1",,,3,0,0,0,0
"0,-1,0,0,0,-1,1,1,1,0,0,0,1,0,0,-1,0,0,0,0,0,0,0,0,1,0,-1,0,1,0,-1",,,3,0,0,0,0
"1,1,1,0,1,1,1,1,0,0,0,1,-1,0,1,1,0,1,1,0,0,0,0,1,1,1,-1,0,1,1,-1",,,3,0,0,0,0
"0,-1,0,0,0,0,-1,-1,1,0,0,0,-1,0,-1,-1,0,0,0,0,0,0,0,-1,1,-1,0,1,1,0,1",,,3,0,0,0,0
"0,-1,0,1,0,-1,0,0,1,0,0,0,-1,-1,0,-1,0,0,0,0,0,0,0,0,1,-1,-1,0,1,0,1",,,3,0,0,0,0
"0,-1,0,0,0,0,0,-1,-1,1,0,0,1,-1,1,-1,0,0,0,0,0,1,0,-1,0,-1,-1,0,0,0,1",,,3,0,0,0,0
"0,-1,0,1,0,-1,-1,1,-1,0,0,0,1,1,1,-1,0,0,0,0,0,0,0,1,0,1,-1,0,0,0,-1",,,3,0,0,0,0
"1,1,1,0,1,1,0,-1,0,0,0,1,1,1,1,1,0,1,1,0,0,0,0,0,1,1,-1,0,1,1,-1",,,3,0,0,0,0
"0,-1,0,0,0,0,1,1,-1,1,1,0,1,1,0,-1,1,0,0,0,0,1,1,1,1,1,-1,0,1,0,-1",,,3,0,0,0,0
"0,-1,0,0,0,-1,-1,-1,0,0,0,0,-1,0,-1,-1,0,0,0,0,0,0,0,-1,0,0,-1,0,0,0,1",,,3,0,0,0,0
"0,1,0,0,0,0,-1,1,-1,0,0,0,1,0,1,1,0,0,0,0,0,0,0,1,1,1,-1,0,1,0,-1",,,3,0,0,0,0
"0,1,0,1,0,1,-1,1,-1,0,0,0,1,0,1,1,0,0,0,0,0,0,0,-1,1,1,-1,0,0,0,-1",,,3,0,0,0,0
"0,-1,0,0,0,-1,-1,-1,0,0,0,0,1,-1,-1,-1,0,0,0,0,0,0,0,-1,1,-1,-1,1,0,0,1",,,3,0,0,0,0
"0,-1,0,0,0,0,0,1,1,0,0,0,-1,0,0,-1,0,0,0,0,0,0,0,-1,1,1,0,0,0,0,-1",,,3,0,0,0,0
"1,-1,1,0,1,0,-1,1,-1,0,0,1,1,1,-1,-1,0,1,1,0,0,0,0,1,1,1,1,0,1,0,-1",,,3,0,0,0,0
"0,-1,0,0,0,0,0,1,0,1,1,0,1,1,-1,-1,1,0,0,1,0,1,0,-1,1,1,-1,0,1,1,-1",,,3,0,0,0,0
"0,-1,0,0,0,-1,-1,1,0,0,0,0,1,0,0,-1,0,0,0,0,0,0,0,1,1,0,-1,1,1,0,1",,,3,0,0,0,0
"0,1,0,0,0,0,-1,-1,0,0,0,0,1,-1,-1,1,0,0,0,0,0,0,0,-1,1,-1,-1,1,1,0,1",,,3,0,0,0,0
"0,-1,0,0,0,-1,0,0,1,0,0,0,-1,-1,0,-1,0,0,0,0,0,0,0,0,1,-1,-1,1,0,0,1",,,3,0,0,0,0
"0,-1,0,0,0,-1,-1,-1,-1,1,1,0,1,-1,0,-1,1,0,0,0,0,1,0,-1,1,-1,-1,1,0,0,1",,,3,0,0,0,0
"0,-1,0,0,0,0,0,0,-1,0,0,0,1,-1,0,-1,0,0,0,0,0,0,0,1,1,-1,-1,1,0,0,1",,,3,0,0,0,0
"0,1,0,0,0,-1,0,0,-1,0,0,0,1,-1,0,1,0,0,0,0,0,0,0,1,1,1,-1,1,1,0,1",,,3,0,0,0,0
"0,-1,0,0,0,-1,-1,0,0,0,0,0,-1,0,-1,-1,0,0,0,0,0,0,0,-1,0,1,-1,1,0,0,1",,,3,0,0,0,0
"0,-1,0,0,0,-1,-1,-1,-1,0,0,0,1,0,-1,-1,0,0,0,0,0,0,0,-1,1,0,-1,1,0,0,1",,,3,0,0,0,0
"0,-1,0,0,0,0,-1,-1,0,0,0,0,1,-1,-1,-1,0,0,0,0,0,0,0,1,1,0,0,1,1,0,1",,,3,0,0,0,0
"0,-1,0,0,0,-1,-1,-1,-1,1,1,0,1,-1,0,-1,1,0,0,0,0,0,0,-1,0,1,-1,1,0,1,1",,,3,0,0,0,0
"0,1,0,0,0,-1,-1,-1,0,0,0,0,1,-1,-1,1,0,0,0,0,0,0,0,-1,0,0,-1,0,0,0,1",,,3,0,0,0,0
"0,-1,0,0,0,-1,0,-1,1,0,0,0,-1,-1,0,-1,0,0,0,0,0,0,0,-1,0,0,-1,0,0,0,1",,,3,0,0,0,0
"0,-1,0,0,0,0,-1,-1,1,0,0,0,-1,-1,0,-1,0,0,0,0,0,0,0,-1,1,-1,0,0,0,0,1",,,3,0,0,0,0
"1,1,1,0,1,-1,0,0,0,0,0,1,-1,-1,1,1,0,1,1,0,0,0,0,0,1,-1,-1,0,0,0,1",,,3,0,0,0,0
"0,-1,0,1,0,-1,-1,-1,1,0,0,0,-1,-1,0,-1,0,0,0,0,0,0,0,-1,0,-1,-1,0,0,0,1",,,3,0,0,0,0
"0,-1,0,0,0,0,-1,-1,1,0,0,0,-1,-1,-1,-1,0,0,0,0,0,0,0,-1,0,0,0,0,0,0,1",,,3,0,0,0,0
"0,-1,0,0,0,0,0,0,1,0,0,0,-1,-1,0,-1,0,0,0,0,0,0,0,1,0,1,-1,0,0,0,1",,,3,0,0,0,0
"0,-1,0,0,0,-1,-1,-1,-1,0,0,0,1,-1,-1,-1,0,0,0,0,0,0,0,-1,1,1,-1,0,0,0,1",,,3,0,0,0,0
"1,-1,1,0,1,0,1,1,1,0,0,1,-1,0,1,-1,0,1,1,0,0,0,0,1,0,-1,-1,0,0,0,-1",,,3,0,0,0,0
"0,-1,0,0,0,1,-1,1,0,1,1,0,-1,1,1,-1,1,0,0,1,1,1,1,1,1,1,-1,0,1,1,-1",,,3,0,0,0,0
"0,-1,0,0,0,1,0,1,0,0,0,0,1,1,0,-1,0,0,0,0,0,0,0,0,1,1,-1,0,1,0,-1",,,3,0,0,0,0
"0,-1,0,0,0,-1,-1,-1,0,0,0,0,1,-1,-1,-1,0,0,0,0,0,0,0,-1,0,0,-1,0,0,0,1",,,3,0,0,0,0
"0,-1,0,0,0,-1,-1,-1,1,0,0,0,-1,-1,0,-1,0,0,0,0,0,0,0,1,1,-1,-1,0,1,0,1",,,3,0,0,0,0
"0,-1,0,0,0,0,-1,1,-1,0,0,0,1,0,0,-1,0,0,0,0,0,0,0,-1,0,1,1,0,0,0,-1",,,3,0,0,0,0
"0,1,0,0,0,-1,-1,-1,-1,0,0,0,1,-1,-1,1,0,0,0,0,0,0,0,-1,1,-1,-1,0,1,0,1",,,3,0,0,0,0
"0,1,0,0,0,1,-1,1,-1,0,0,0,1,0,0,1,0,0,0,0,0,0,0,1,0,1,1,0,0,0,-1",,,3,0,0,0,0
"0,-1,0,0,0,-1,0,-1,1,0,0,0,1,-1,-1,-1,0,0,0,0,0,0,0,-1,0,0,-1,0,0,0,1",,,3,0,0,0,0
"0,-1,0,0,0,-1,-1,-1,0,0,0,0,1,1,0,-1,0,0,0,0,0,0,0,-1,0,1,-1,1,0,0,1",,,3,0,0,0,0
"0,-1,0,0,0,-1,-1,1,-1,0,0,0,1,0,0,-1,0,0,0,0,0,0,0,1,0,0,-1,0,0,0,1",,,3,0,0,0,0
"0,-1,0,0,0,-1,-1,-1,0,1,1,0,1,1,0,-1,1,0,0,1,1,1,1,-1,0,0,-1,1,0,1,1",,,3,0,0,0,0
"0,-1,0,1,0,-1,-1,-1,1,0,0,0,1,-1,0,-1,0,0,0,0,0,0,0,-1,1,-1,-1,0,1,0,1",,,3,0,0,0,0
"0,-1,0,0,0,0,-1,-1,0,1,1,0,1,-1,0,-1,1,0,0,1,0,1,1,-1,1,0,0,0,1,1,1",,,3,0,0,0,0
"0,-1,0,0,0,-1,-1,1,0,0,0,0,1,0,-1,-1,0,0,0,0,0,0,0,1,0,1,-1,0,0,0,1",,,3,0,0,0,0
"0,-1,0,0,0,-1,-1,-1,1,1,1,0,-1,-1,1,-1,1,0,0,1,0,1,1,1,0,-1,-1,0,0,1,1",,,3,0,0,0,0
"0,-1,0,0,0,-1,1,1,-1,0,0,0,1,0,0,-1,0,0,0,0,0,0,0,-1,0,0,-1,0,0,0,-1",,,3,0,0,0,0
"0,-1,0,0,0,-1,0,-1,0,0,0,0,1,-1,-1,-1,0,0,0,0,0,0,0,-1,0,0,-1,0,0,0,1",,,3,0,0,0,0
"0,-1,0,0,0,-1,-1,-1,1,0,0,0,1,-1,0,-1,0,0,0,0,0,0,0,-1,0,0,-1,0,0,0,1",,,3,0,0,0,0
"0,-1,0,0,0,0,0,1,1,1,1,0,-1,1,0,-1,1,0,0,1,0,1,1,-1,1,1,-1,0,1,1,-1",,,3,0,0,0,0
"0,-1,0,0,0,-1,-1,-1,0,0,0,0,-1,0,-1,-1,0,0,0,0,0,0,0,-1,1,0,-1,1,1,0,1",,,3,0,0,0,0
"0,-1,0,0,0,-1,-1,-1,0,0,0,0,1,-1,0,-1,0,0,0,0,0,0,0,-1,0,1,-1,0,0,0,1",,,3,0,0,0,0
"1,-1,1,0,1,0,-1,1,-1,0,0,1,1,1,1,-1,0,1,1,0,0,0,0,1,1,1,-1,0,1,0,-1",,,3,0,0,0,0
"1,1,1,0,1,-1,1,1,-1,0,0,1,1,0,-1,1,0,1,1,0,0,0,0,1,1,0,-1,0,1,0,-1",,,3,0,0,0,0
"0,-1,0,0,0,0,0,1,0,0,0,0,-1,0,0,-1,0,0,0,0,0,0,0,-1,0,1,0,0,0,0,-1",,,3,0,0,0,0
"0,-1,0,0,0,-1,0,-1,0,1,1,0,1,-1,0,-1,1,0,0,1,1,1,1,-1,0,1,-1,0,0,1,1",,,3,0,0,0,0
"0,-1,0,0,0,-1,-1,-1,0,0,0,0,-1,-1,-1,-1,0,0,0,0,0,0,0,-1,0,0,-1,0,0,0,1",,,3,0,0,0,0
"0,-1,0,0,0,-1,0,-1,0,1,1,0,1,-1,1,-1,1,0,0,1,1,1,1,-1,0,-1,-1,0,0,1,1",,,3,0,0,0,0
"0,-1,0,0,0,-1,0,-1,0,0,0,0,1,-1,1,-1,0,0,0,0,0,0,0,-1,0,1,-1,0,0,0,1",,,3,0,0,0,0
"0,-1,0,0,0,-1,0,0,-1,0,0,0,1,-1,-1,-1,0,0,0,0,0,0,0,1,0,-1,-1,0,0,0,1",,,3,0,0,0,0
"1,-1,1,0,1,-1,0,-1,0,1,1,1,1,-1,1,-1,1,1,1,1,1,1,1,1,1,-1,-1,0,1,1,1",,,3,0,0,0,0
"0,-1,0,0,0,0,-1,-1,1,0,0,0,-1,-1,-1,-1,0,0,0,0,0,0,0,1,0,-1,-1,0,0,0,1",,,3,0,0,0,0
"1,-1,1,0,1,-1,0,0,1,1,1,1,-1,-1,1,-1,1,1,1,1,1,1,1,1,1,0,-1,0,1,1,1",,,3,0,0,0,0
"0,-1,0,0,0,-1,-1,1,1,0,0,0,-1,-1,0,-1,0,0,0,0,0,0,0,-1,0,0,-1,0,0,0,1",,,3,0,0,0,0
"0,-1,0,0,0,-1,0,0,-1,1,1,0,1,-1,-1,-1,1,0,0,1,1,1,1,0,1,1,-1,0,1,1,1",,,3,0,0,0,0
"0,1,0,0,0,1,1,1,-1,0,0,0,1,0,1,1,0,0,0,0,0,0,0,1,1,-1,-1,0,1,0,-1",,,3,0,0,0,0
,,,3,0,0,0,0
"@attribute having_IP_Address  { -1,1 }",,,3,0,0,0,0
"@attribute Shortining_Service { 1,-1 }",,,3,0,0,0,0
"@attribute having_At_Symbol   { 1,-1 }",,,3,0,0,0,0
"@attribute double_slash_redirecting { -1,1 }",,,3,0,0,0,0
"@attribute Prefix_Suffix  { -1,1 }",,,3,0,0,0,0
"@attribute Domain_registeration_length { -1,1 }",,,3,0,0,0,0
"@attribute Favicon { 1,-1 }",,,3,0,0,0,0
"@attribute port { 1,-1 }",,,3,0,0,0,0
"@attribute HTTPS_token { -1,1 }",,,3,0,0,0,0
"@attribute SFH  { -1,1,0 }",,,3,0,0,0,0
"@attribute Submitting_to_email { -1,1 }",,,3,0,0,0,0
"@attribute Abnormal_URL { -1,1 }",,,3,0,0,0,0
"@attribute on_mouseover  { 1,-1 }",,,3,0,0,0,0
"@attribute RightClick  { 1,-1 }",,,3,0,0,0,0
"@attribute popUpWidnow  { 1,-1 }",,,3,0,0,0,0
"@attribute Iframe { 1,-1 }",,,3,0,0,0,0
"@attribute age_of_domain  { -1,1 }",,,3,0,0,0,0
"@attribute DNSRecord   { -1,1 }",,,3,0,0,0,0
"@attribute Page_Rank { -1,1 }",,,3,0,0,0,0
"@attribute Google_Index { 1,-1 }",,,3,0,0,0,0
"@attribute Statistical_report { -1,1 }",,,3,0,0,0,0
"@attribute Result  { -1,1 }",,,3,0,0,0,0
"-1,1,1,1,-1,-1,-1,-1,-1,1,1,-1,1,-1,1,-1,-1,-1,0,1,1,1,1,-1,-1,-1,-1,1,1,-1,-1",,,3,0,0,0,0
"1,1,1,1,1,-1,0,1,-1,1,1,-1,1,0,-1,-1,1,1,0,1,1,1,1,-1,-1,0,-1,1,1,1,-1",,,3,0,0,0,0
"1,0,1,1,1,-1,-1,-1,-1,1,1,-1,1,0,-1,-1,-1,-1,0,1,1,1,1,1,-1,1,-1,1,0,-1,-1",,,3,0,0,0,0
"1,0,1,1,1,-1,-1,-1,1,1,1,-1,-1,0,0,-1,1,1,0,1,1,1,1,-1,-1,1,-1,1,-1,1,-1",,,3,0,0,0,0
"1,0,-1,1,1,-1,1,1,-1,1,1,1,1,0,0,-1,1,1,0,-1,1,-1,1,-1,-1,0,-1,1,1,1,1",,,3,0,0,0,0
"-1,0,-1,1,-1,-1,1,1,-1,1,1,-1,1,0,0,-1,-1,-1,0,1,1,1,1,1,1,1,-1,1,-1,-1,1",,,3,0,0,0,0
"1,0,-1,1,1,-1,-1,-1,1,1,1,1,-1,-1,0,-1,-1,-1,0,1,1,1,1,1,-1,-1,-1,1,0,-1,-1",,,3,0,0,0,0
"1,0,1,1,1,-1,-1,-1,1,1,1,-1,-1,0,-1,-1,1,1,0,1,1,1,1,-1,-1,0,-1,1,0,1,-1",,,3,0,0,0,0
"1,0,-1,1,1,-1,1,1,-1,1,1,-1,1,0,1,-1,1,1,0,1,1,1,1,1,-1,1,1,1,0,1,1",,,3,0,0,0,0
"1,1,-1,1,1,-1,-1,1,-1,1,1,1,1,0,1,-1,1,1,0,1,1,1,1,1,-1,0,-1,1,0,1,-1",,,3,0,0,0,0
"1,1,1,1,1,-1,0,1,1,1,1,1,-1,0,0,-1,-1,-1,0,1,1,1,1,-1,1,1,1,1,-1,-1,1",,,3,0,0,0,0
"1,1,-1,1,1,-1,1,-1,-1,1,1,1,1,-1,-1,-1,-1,-1,0,1,1,1,1,-1,-1,-1,-1,1,0,-1,-1",,,3,0,0,0,0
"-1,1,-1,1,-1,-1,0,0,1,1,1,-1,-1,-1,1,-1,1,1,0,-1,1,-1,1,1,-1,-1,-1,1,0,1,-1",,,3,0,0,0,0
"1,1,-1,1,1,-1,0,-1,1,1,1,1,-1,-1,-1,-1,1,1,0,1,1,1,1,-1,-1,0,-1,1,1,1,-1",,,3,0,0,0,0
"1,1,-1,1,1,1,-1,1,-1,1,1,-1,1,0,1,1,1,1,0,1,1,1,1,1,-1,1,-1,1,-1,1,1",,,3,0,0,0,0
"1,-1,-1,-1,1,-1,0,0,1,1,1,1,-1,-1,0,-1,1,1,0,1,1,1,1,1,-1,-1,-1,1,0,1,-1",,,3,0,0,0,0
"1,-1,-1,1,1,-1,1,1,-1,1,1,-1,1,0,-1,-1,-1,-1,0,1,1,1,1,1,-1,0,-1,1,1,-1,-1",,,3,0,0,0,0
"1,-1,1,1,1,-1,-1,0,1,1,-1,1,1,0,-1,-1,-1,-1,0,1,1,1,1,-1,1,1,-1,1,1,-1,-1",,,3,0,0,0,0
"1,1,1,1,1,-1,-1,1,1,1,1,-1,-1,0,-1,-1,-1,-1,0,1,1,1,1,1,-1,-1,1,1,-1,-1,1",,,3,0,0,0,0
"1,1,1,1,1,-1,-1,1,-1,1,1,1,1,0,0,-1,-1,-1,0,-1,-1,-1,-1,1,-1,0,-1,1,0,-1,1",,,3,0,0,0,0
"1,0,-1,1,1,-1,0,1,-1,1,1,1,1,0,0,-1,-1,-1,0,-1,1,-1,1,-1,1,1,-1,1,-1,-1,1",,,3,0,0,0,0
"1,0,1,1,1,-1,0,1,1,1,1,-1,-1,0,-1,-1,-1,-1,0,1,1,1,1,-1,1,-1,-1,1,0,-1,1",,,3,0,0,0,0
"1,1,1,1,1,-1,-1,-1,-1,1,1,-1,1,0,0,-1,1,1,0,1,1,1,1,1,1,0,-1,1,-1,1,1",,,3,0,0,0,0
"1,1,1,1,1,-1,1,0,-1,1,1,1,1,0,0,-1,1,1,0,1,1,1,1,1,1,1,-1,1,-1,1,1",,,3,0,0,0,0
"1,-1,-1,-1,1,-1,1,1,-1,1,1,-1,-1,0,0,-1,1,1,0,1,1,1,1,1,1,-1,-1,1,0,1,1",,,3,0,0,0,0
"1,-1,1,1,1,-1,0,1,-1,1,1,1,1,1,0,-1,1,1,0,1,1,1,1,-1,1,1,-1,1,0,1,1",,,3,0,0,0,0
"1,-1,1,1,1,-1,0,-1,1,1,1,-1,-1,-1,-1,-1,-1,-1,0,1,1,1,1,1,1,0,-1,1,-1,-1,-1",,,3,0,0,0,0
"1,-1,-1,1,1,1,-1,1,1,1,1,1,-1,1,0,-1,-1,-1,0,1,1,1,1,1,-1,0,-1,1,0,-1,1",,,3,0,0,0,0
"1,-1,-1,1,-1,1,-1,1,-1,1,1,1,1,1,0,-1,1,1,1,1,1,1,1,-1,-1,1,-1,1,-1,1,1",,,3,0,0,0,0
"1,-1,1,1,1,-1,-1,1,-1,1,1,1,1,1,0,-1,1,1,0,1,1,1,1,-1,1,1,1,1,0,1,1",,,3,0,0,0,0
"1,-1,1,1,1,-1,-1,1,-1,1,1,-1,1,0,1,-1,1,1,0,1,1,1,1,-1,-1,-1,-1,1,0,1,1",,,3,0,0,0,0
"1,-1,1,1,1,-1,-1,1,-1,-1,1,-1,1,0,-1,-1,-1,-1,0,-1,1,-1,-1,1,-1,1,1,1,0,-1,1",,,3,0,0,0,0
"1,-1,1,1,1,1,1,1,-1,1,1,1,1,1,1,1,-1,-1,0,1,1,1,1,1,1,-1,-1,1,-1,-1,1",,,3,0,0,0,0
"1,0,1,1,1,-1,-1,1,-1,1,1,1,1,0,1,-1,-1,-1,0,1,1,1,1,1,1,1,-1,1,0,-1,1",,,3,0,0,0,0
"1,0,1,1,1,-1,0,0,1,1,1,1,-1,-1,-1,-1,-1,-1,0,1,1,1,1,1,-1,1,-1,1,1,-1,-1",,,3,0,0,0,0
"1,0,1,1,1,-1,-1,-1,-1,1,1,-1,1,-1,0,-1,1,1,0,1,1,1,1,-1,-1,-1,-1,1,1,1,-1",,,3,0,0,0,0
"1,0,1,1,1,-1,-1,1,-1,-1,1,-1,-1,-1,0,-1,1,1,0,-1,1,-1,-1,-1,-1,0,-1,1,0,1,-1",,,3,0,0,0,0
"1,0,1,1,1,-1,-1,-1,1,-1,1,1,-1,-1,0,-1,1,1,0,-1,1,-1,1,-1,-1,0,-1,1,0,1,-1",,,3,0,0,0,0
"1,1,1,1,1,1,-1,1,-1,1,1,1,1,1,-1,1,-1,-1,0,1,1,1,1,1,-1,1,-1,-1,1,-1,1",,,3,0,0,0,0
"1,-1,1,1,1,-1,0,-1,-1,1,1,-1,-1,1,0,-1,1,1,0,1,1,1,1,-1,-1,1,-1,1,0,1,1",,,3,0,0,0,0
"1,-1,1,1,1,1,1,1,-1,1,1,-1,1,1,0,-1,1,1,0,1,1,1,1,1,-1,1,-1,1,0,1,1",,,3,0,0,0,0
"-1,-1,-1,1,-1,-1,1,1,-1,1,1,-1,1,0,-1,-1,1,1,1,1,1,1,1,1,-1,1,-1,-1,-1,1,1",,,3,0,0,0,0
"1,-1,1,1,1,-1,-1,-1,1,-1,-1,1,-1,-1,-1,-1,-1,-1,0,-1,1,-1,1,-1,-1,1,-1,1,-1,-1,-1",,,3,0,0,0,0
"1,-1,1,1,1,-1,0,0,1,-1,1,-1,-1,-1,0,-1,-1,-1,0,-1,1,-1,1,1,-1,-1,-1,1,0,-1,-1",,,3,0,0,0,0
"1,-1,1,-1,1,-1,0,-1,-1,1,1,1,1,-1,1,-1,-1,-1,0,1,1,1,1,-1,1,1,-1,1,1,-1,-1",,,3,0,0,0,0
"1,1,1,1,1,-1,0,1,-1,-1,1,1,1,0,-1,1,1,1,0,-1,1,-1,1,-1,1,1,-1,1,0,1,1",,,3,0,0,0,0
"-1,1,-1,1,-1,1,-1,1,-1,1,1,-1,1,0,0,1,-1,-1,0,1,1,1,1,1,1,1,-1,1,1,-1,1",,,3,0,0,0,0
"1,-1,1,1,1,-1,-1,-1,-1,1,1,-1,-1,0,-1,-1,1,1,0,1,1,1,1,-1,-1,1,-1,1,0,1,-1",,,3,0,0,0,0
"1,-1,1,1,1,-1,-1,1,-1,1,1,1,1,-1,-1,-1,1,1,0,1,1,1,1,-1,-1,0,-1,1,0,1,-1",,,3,0,0,0,0
"1,-1,1,1,1,-1,1,1,-1,1,1,1,1,0,1,-1,-1,-1,0,1,1,1,1,1,1,1,-1,-1,-1,-1,1",,,3,0,0,0,0
"1,-1,1,1,1,-1,1,1,-1,1,1,-1,1,0,-1,-1,1,1,0,1,1,1,1,1,1,0,-1,1,0,1,-1",,,3,0,0,0,0
"1,1,1,1,1,-1,1,1,-1,-1,1,1,1,0,0,1,1,1,0,-1,1,-1,-1,1,-1,0,-1,-1,0,1,1",,,3,0,0,0,0
"-1,-1,-1,1,-1,1,-1,1,-1,1,1,-1,1,1,1,-1,-1,-1,0,1,1,1,1,1,-1,1,-1,-1,0,-1,1",,,3,0,0,0,0
"1,-1,1,1,1,-1,1,-1,1,1,1,1,-1,0,0,-1,1,1,0,1,1,1,1,-1,1,1,-1,1,0,1,-1",,,3,0,0,0,0
"1,-1,1,1,1,-1,0,-1,1,-1,-1,-1,-1,-1,0,-1,-1,-1,0,-1,1,-1,1,-1,-1,0,-1,1,0,-1,-1",,,3,0,0,0,0
"1,-1,1,1,1,-1,0,0,-1,-1,-1,1,-1,-1,0,-1,-1,-1,0,-1,1,-1,1,1,-1,0,-1,1,0,-1,-1",,,3,0,0,0,0
"-1,-1,-1,1,-1,1,1,1,1,1,1,-1,1,0,0,-1,1,1,0,1,1,1,1,1,1,1,-1,1,1,1,1",,,3,0,0,0,0
"1,-1,1,1,1,-1,1,1,-1,-1,-1,1,1,0,1,-1,-1,-1,0,-1,1,-1,1,1,1,1,1,1,0,-1,1",,,3,0,0,0,0
"1,-1,1,1,1,-1,-1,-1,-1,-1,-1,-1,1,0,0,-1,-1,-1,0,-1,1,-1,1,-1,-1,0,-1,1,0,-1,-1",,,3,0,0,0,0
"-1,-1,-1,1,-1,-1,0,0,-1,-1,-1,-1,-1,-1,1,-1,-1,-1,0,-1,1,-1,1,1,-1,0,-1,1,-1,-1,-1",,,3,0,0,0,0
"1,-1,1,1,1,-1,1,-1,1,1,1,1,1,0,-1,-1,1,1,0,1,1,1,1,-1,-1,0,-1,1,1,1,-1",,,3,0,0,0,0
"1,-1,1,1,1,-1,1,-1,-1,1,1,-1,-1,0,-1,-1,1,1,0,1,1,1,1,1,-1,0,-1,1,0,1,-1",,,3,0,0,0,0
"1,1,1,1,1,1,0,1,-1,1,1,1,1,0,0,1,-1,-1,0,1,1,1,1,-1,1,0,-1,1,0,-1,1",,,3,0,0,0,0
"1,-1,1,1,1,-1,-1,1,-1,-1,1,1,-1,0,-1,-1,1,1,0,-1,1,-1,-1,-1,-1,1,-1,1,-1,1,-1",,,3,0,0,0,0
"1,1,1,1,-1,1,1,1,-1,-1,1,1,1,1,1,1,1,1,1,-1,1,-1,1,1,-1,1,-1,1,0,1,1",,,3,0,0,0,0
"1,-1,1,1,1,-1,0,1,1,1,1,1,-1,1,0,-1,-1,-1,0,1,1,1,1,-1,1,1,-1,1,0,-1,1",,,3,0,0,0,0
"1,1,1,1,-1,-1,-1,-1,-1,-1,-1,1,1,-1,-1,1,-1,-1,1,-1,1,-1,1,-1,-1,1,-1,1,-1,-1,-1",,,3,0,0,0,0
"1,-1,1,1,-1,-1,0,-1,1,1,1,1,-1,0,0,-1,1,1,0,1,1,1,1,1,-1,1,-1,1,0,1,-1",,,3,0,0,0,0
"1,-1,1,1,1,1,-1,1,-1,1,1,-1,-1,1,-1,-1,-1,-1,0,1,1,1,1,1,1,0,-1,1,0,-1,1",,,3,0,0,0,0
"1,-1,1,1,-1,-1,-1,-1,1,1,1,1,-1,-1,-1,-1,1,1,0,1,1,1,1,-1,-1,-1,-1,1,-1,1,-1",,,3,0,0,0,0
"1,-1,1,1,1,-1,1,1,-1,1,1,1,1,1,0,-1,-1,-1,0,1,1,1,1,1,1,1,1,1,0,-1,1",,,3,0,0,0,0
"-1,-1,-1,1,-1,-1,1,1,-1,1,1,-1,1,0,-1,-1,-1,-1,0,1,1,1,1,1,1,1,1,1,-1,-1,1",,,3,0,0,0,0
"1,-1,1,1,1,-1,-1,-1,-1,1,1,1,1,0,-1,-1,-1,-1,0,1,1,1,1,-1,1,-1,-1,1,0,-1,-1",,,3,0,0,0,0
"1,-1,1,1,-1,1,-1,1,-1,1,1,1,1,1,0,-1,1,1,0,1,1,1,1,1,1,1,-1,1,0,1,1",,,3,0,0,0,0
"1,-1,1,1,-1,-1,0,0,-1,1,1,-1,-1,-1,1,-1,1,1,0,1,1,1,1,1,1,-1,-1,1,0,1,-1",,,3,0,0,0,0
"1,-1,1,1,-1,-1,1,-1,1,1,1,-1,-1,0,-1,-1,1,1,1,1,1,1,1,-1,-1,1,-1,1,1,1,-1",,,3,0,0,0,0
"1,-1,1,1,-1,1,0,1,1,-1,-1,-1,-1,0,1,-1,-1,-1,1,-1,1,-1,1,-1,1,1,1,1,0,-1,1",,,3,0,0,0,0
"1,-1,1,1,-1,1,1,1,-1,-1,-1,1,1,1,-1,-1,-1,-1,1,-1,1,-1,1,1,-1,1,1,1,1,-1,1",,,3,0,0,0,0
"1,-1,1,1,1,-1,-1,-1,-1,1,1,1,1,-1,0,-1,1,1,0,1,1,1,1,-1,-1,-1,-1,1,-1,1,-1",,,3,0,0,0,0
"-1,-1,-1,1,-1,-1,-1,1,-1,1,1,-1,1,1,0,-1,-1,-1,1,1,1,1,1,-1,-1,1,-1,1,-1,-1,1",,,3,0,0,0,0
"1,-1,1,1,-1,-1,0,-1,1,1,1,1,-1,-1,0,-1,1,1,0,1,1,1,1,-1,-1,-1,-1,1,0,1,-1",,,3,0,0,0,0
"1,1,1,1,1,-1,0,1,-1,1,1,1,1,0,1,1,1,1,0,1,1,1,1,-1,-1,1,1,1,-1,1,1",,,3,0,0,0,0
"1,-1,1,1,1,1,-1,1,-1,1,1,1,1,0,0,-1,1,1,0,1,1,1,1,-1,-1,1,-1,1,-1,1,1",,,3,0,0,0,0
"1,1,1,-1,1,-1,1,1,-1,1,1,-1,1,0,1,1,1,1,0,1,1,1,1,1,-1,1,-1,1,-1,1,1",,,3,0,0,0,0
"1,1,1,1,1,-1,1,1,-1,-1,1,-1,1,0,0,1,1,1,0,-1,1,-1,1,1,1,1,-1,1,-1,1,1",,,3,0,0,0,0
"-1,-1,-1,1,1,-1,0,0,-1,1,1,-1,-1,-1,1,-1,-1,-1,0,1,1,1,1,1,-1,-1,-1,1,0,-1,-1",,,3,0,0,0,0
"1,-1,1,1,-1,-1,1,-1,-1,-1,-1,-1,1,0,-1,-1,-1,-1,0,-1,1,-1,1,1,-1,0,-1,1,-1,-1,-1",,,3,0,0,0,0
"1,1,1,1,-1,-1,-1,1,-1,-1,1,-1,1,0,1,1,1,1,0,-1,1,-1,1,1,1,1,-1,1,0,1,1",,,3,0,0,0,0
"1,-1,1,1,1,1,1,1,-1,1,1,1,1,1,1,-1,1,1,0,1,1,1,1,1,1,1,-1,1,0,1,1",,,3,0,0,0,0
"-1,1,-1,1,-1,-1,0,0,-1,1,1,-1,1,-1,0,1,1,1,0,1,1,1,1,1,-1,1,-1,1,-1,1,-1",,,3,0,0,0,0
"1,-1,1,1,1,-1,1,-1,-1,1,1,-1,1,0,1,-1,1,1,0,1,1,1,1,1,1,0,-1,1,-1,1,-1",,,3,0,0,0,0
"-1,-1,-1,1,-1,1,1,1,1,1,1,-1,-1,1,0,-1,-1,-1,0,1,1,1,1,1,1,1,1,1,1,-1,1",,,3,0,0,0,0
"1,-1,1,1,1,-1,1,1,-1,1,1,-1,-1,1,0,-1,-1,-1,0,1,1,1,1,1,1,-1,-1,1,0,-1,1",,,3,0,0,0,0
"1,-1,1,1,1,-1,-1,-1,-1,1,1,1,1,-1,0,-1,1,1,0,1,1,1,1,-1,1,-1,-1,1,0,1,-1",,,3,0,0,0,0
"1,-1,1,1,1,-1,1,1,-1,1,1,1,1,0,1,-1,1,1,0,1,1,1,1,1,1,-1,1,1,-1,1,1",,,3,0,0,0,0
"1,-1,1,1,1,-1,-1,-1,1,1,1,1,-1,-1,0,-1,1,1,0,1,1,1,1,-1,1,-1,-1,1,1,1,-1",,,3,0,0,0,0
"1,-1,1,1,1,-1,1,1,-1,1,1,1,1,0,1,-1,1,1,0,1,1,1,1,1,-1,0,-1,1,-1,1,-1",,,3,0,0,0,0
"1,1,1,1,1,-1,-1,-1,-1,1,1,-1,1,-1,-1,1,1,1,0,1,1,1,1,-1,-1,-1,-1,1,-1,1,-1",,,3,0,0,0,0
"-1,-1,-1,1,-1,-1,-1,-1,-1,-1,1,-1,-1,-1,1,-1,-1,-1,1,-1,1,-1,1,-1,-1,0,-1,1,0,-1,-1",,,3,0,0,0,0
"1,-1,1,1,1,-1,1,1,-1,1,1,-1,1,0,1,-1,1,1,0,1,1,1,1,1,1,1,-1,1,0,1,1",,,3,0,0,0,0
"1,-1,1,1,1,-1,-1,-1,-1,1,1,-1,1,0,-1,-1,1,1,0,1,1,1,1,-1,-1,0,-1,1,0,1,-1",,,3,0,0,0,0
"1,-1,1,1,1,-1,-1,-1,1,1,1,-1,-1,-1,-1,-1,1,1,0,1,1,1,1,1,-1,-1,-1,1,1,1,-1",,,3,0,0,0,0
"1,-1,1,1,1,-1,0,1,1,1,1,1,-1,0,-1,-1,1,1,0,1,1,1,1,-1,-1,1,1,1,1,1,1",,,3,0,0,0,0
"1,-1,1,1,1,-1,-1,-1,1,1,1,1,-1,-1,0,-1,1,1,0,1,1,1,1,-1,-1,-1,-1,1,1,1,-1",,,3,0,0,0,0
"1,-1,1,1,1,-1,-1,1,-1,1,1,1,1,0,1,-1,-1,1,0,1,1,1,1,1,1,1,-1,1,-1,1,1",,,3,0,0,0,0
"1,-1,1,1,1,-1,-1,-1,-1,1,1,1,-1,0,0,-1,1,1,0,1,1,1,1,-1,1,0,-1,-1,0,1,-1",,,3,0,0,0,0
"1,-1,1,1,1,-1,-1,-1,-1,1,1,1,1,0,-1,-1,-1,1,0,1,1,1,1,1,-1,1,-1,1,-1,1,-1",,,3,0,0,0,0
"1,-1,1,1,1,-1,1,-1,-1,1,1,1,-1,-1,0,-1,-1,1,0,1,1,1,1,-1,1,-1,-1,1,0,1,-1",,,3,0,0,0,0
"1,-1,1,1,1,-1,0,1,-1,1,1,1,1,0,1,-1,-1,1,0,1,1,1,1,-1,1,1,-1,1,-1,1,1",,,3,0,0,0,0
"1,-1,1,1,1,-1,-1,-1,1,1,1,1,-1,1,-1,-1,1,1,0,1,1,1,1,-1,1,-1,-1,1,1,1,-1",,,3,0,0,0,0
"1,-1,1,1,1,-1,1,1,-1,1,1,-1,-1,1,1,-1,1,1,0,1,1,1,1,1,-1,1,-1,1,0,1,1",,,3,0,0,0,0
"1,-1,1,1,1,-1,-1,-1,1,1,1,1,-1,0,0,-1,1,1,0,1,1,1,1,1,-1,1,-1,1,1,1,-1",,,3,0,0,0,0
"1,-1,1,1,1,-1,1,1,-1,1,1,1,1,0,-1,-1,1,1,0,1,1,1,1,-1,1,0,-1,1,0,1,-1",,,3,0,0,0,0
"1,-1,1,1,1,1,-1,1,-1,1,1,1,1,1,1,-1,1,1,0,1,1,1,1,1,1,1,-1,1,-1,1,1",,,3,0,0,0,0
"1,1,1,1,1,-1,-1,1,-1,-1,1,1,1,0,1,1,1,-1,0,-1,1,-1,1,-1,-1,0,-1,1,-1,-1,-1",,,3,0,0,0,0
"1,-1,1,1,1,-1,0,1,-1,-1,1,1,1,0,0,-1,-1,-1,0,-1,1,-1,1,-1,1,0,-1,1,-1,-1,1",,,3,0,0,0,0
"-1,1,-1,1,-1,-1,1,-1,-1,1,1,-1,1,-1,1,1,1,-1,1,-1,1,-1,1,1,1,1,-1,1,0,-1,-1",,,3,0,0,0,0
"1,-1,1,1,1,-1,0,0,1,1,1,1,-1,-1,-1,-1,1,1,0,1,1,1,1,1,1,1,-1,1,1,1,-1",,,3,0,0,0,0
"1,-1,1,1,1,1,1,1,-1,1,1,1,-1,0,-1,-1,-1,1,0,1,1,1,1,1,1,0,-1,1,0,1,1",,,3,0,0,0,0
"1,-1,1,1,1,-1,1,1,-1,-1,-1,1,1,1,-1,-1,-1,1,0,-1,1,-1,1,1,1,1,1,1,0,1,1",,,3,0,0,0,0
"1,-1,1,1,1,-1,-1,-1,1,1,1,-1,-1,0,-1,-1,1,1,0,1,1,1,1,-1,1,0,-1,1,1,1,1",,,3,0,0,0,0
"1,-1,1,1,1,1,0,1,-1,1,1,1,1,1,0,-1,1,1,0,1,1,1,1,-1,1,1,1,1,0,1,1",,,3,0,0,0,0
"1,1,1,1,1,1,0,-1,-1,1,1,1,1,0,0,1,1,1,0,1,1,1,1,1,1,1,-1,1,-1,1,1",,,3,0,0,0,0
"1,-1,1,1,1,-1,-1,1,-1,1,1,1,-1,0,-1,-1,-1,1,0,1,1,1,1,1,1,-1,-1,1,0,1,1",,,3,0,0,0,0
"1,-1,1,1,1,-1,-1,-1,1,-1,1,1,-1,-1,1,-1,1,1,0,-1,1,-1,1,-1,-1,-1,-1,1,1,1,-1",,,3,0,0,0,0
"1,1,1,1,1,-1,0,1,-1,-1,-1,1,1,0,-1,1,-1,1,0,-1,1,-1,-1,-1,-1,1,-1,1,-1,1,1",,,3,0,0,0,0
"1,-1,1,1,1,-1,0,1,-1,1,1,1,1,0,1,-1,1,1,0,1,1,1,1,-1,1,1,-1,1,0,1,1",,,3,0,0,0,0
"1,1,1,1,1,-1,1,1,-1,-1,1,1,1,0,0,1,1,1,0,-1,1,-1,1,1,-1,1,-1,1,-1,1,1",,,3,0,0,0,0
"1,-1,1,1,1,1,0,-1,1,1,1,1,-1,0,-1,-1,1,1,0,1,1,1,1,1,1,-1,-1,1,1,1,1",,,3,0,0,0,0
"1,-1,1,1,-1,-1,-1,1,-1,1,1,1,-1,0,-1,-1,1,1,1,1,1,1,1,-1,-1,1,-1,1,0,1,-1",,,3,0,0,0,0
"1,-1,1,1,-1,-1,-1,0,1,1,1,1,-1,0,-1,-1,1,1,1,1,1,1,1,-1,-1,0,-1,1,1,1,-1",,,3,0,0,0,0
"1,-1,1,1,1,-1,-1,1,1,1,1,-1,-1,1,1,-1,1,1,0,1,1,1,1,1,1,1,-1,1,1,1,1",,,3,0,0,0,0
"1,-1,1,1,-1,-1,1,-1,-1,1,1,1,1,0,0,-1,-1,1,1,1,1,1,1,-1,-1,0,-1,1,0,1,-1",,,3,0,0,0,0
"-1,-1,-1,1,1,-1,-1,1,1,1,1,-1,-1,0,-1,-1,-1,1,0,1,1,1,1,1,-1,1,-1,1,1,1,1",,,3,0,0,0,0
"1,-1,1,1,1,-1,0,-1,1,1,1,1,-1,-1,-1,-1,1,1,0,1,1,1,1,-1,-1,-1,-1,1,1,1,-1",,,3,0,0,0,0
"1,-1,1,1,-1,-1,1,1,-1,1,1,1,1,1,0,-1,1,1,1,1,1,1,1,1,1,1,1,1,-1,1,1",,,3,0,0,0,0
"1,-1,1,1,1,-1,-1,-1,-1,1,1,1,1,0,-1,-1,1,1,0,1,1,1,1,-1,-1,1,-1,1,0,1,-1",,,3,0,0,0,0
"-1,-1,-1,1,1,1,1,1,-1,1,1,-1,1,0,-1,-1,1,1,0,1,1,1,1,1,-1,1,-1,1,-1,1,1",,,3,0,0,0,0
"1,-1,1,1,1,-1,0,0,1,1,1,1,-1,-1,-1,-1,-1,1,0,1,1,1,1,1,-1,-1,-1,1,1,1,-1",,,3,0,0,0,0
"1,-1,1,1,-1,-1,-1,1,-1,1,1,-1,-1,0,-1,-1,1,1,1,1,1,1,1,-1,-1,1,-1,1,0,1,-1",,,3,0,0,0,0
"1,-1,1,1,1,-1,-1,1,-1,1,1,1,1,0,0,-1,1,1,0,1,1,1,1,-1,-1,0,-1,1,-1,1,-1",,,3,0,0,0,0
"1,1,1,-1,1,-1,0,0,-1,1,1,1,1,-1,0,1,1,1,0,1,1,1,1,1,-1,-1,-1,1,-1,1,-1",,,3,0,0,0,0
"1,-1,1,1,1,-1,1,-1,-1,-1,1,1,1,0,0,-1,1,1,0,-1,1,-1,1,1,-1,0,-1,1,-1,1,-1",,,3,0,0,0,0
"1,-1,1,1,1,-1,1,-1,1,1,1,1,-1,0,-1,-1,1,1,0,1,1,1,1,1,-1,0,-1,1,1,1,-1",,,3,0,0,0,0
"1,1,1,1,1,-1,-1,-1,1,1,1,1,-1,-1,0,1,1,1,0,1,1,1,1,-1,-1,0,-1,1,1,1,-1",,,3,0,0,0,0
"1,-1,1,1,1,-1,-1,1,1,1,1,1,1,0,-1,-1,-1,1,0,1,1,1,1,-1,-1,0,-1,1,1,1,-1",,,3,0,0,0,0
"1,-1,1,1,1,-1,-1,-1,-1,1,1,1,1,-1,0,-1,-1,1,0,1,1,1,1,-1,-1,1,-1,1,-1,1,-1",,,3,0,0,0,0
"1,-1,1,1,1,-1,0,1,1,1,1,1,-1,0,1,-1,-1,1,0,1,1,1,1,-1,-1,-1,-1,1,1,1,1",,,3,0,0,0,0
"1,-1,1,1,1,-1,-1,1,-1,1,1,1,1,0,0,-1,-1,1,0,1,1,1,1,1,-1,1,-1,1,-1,1,1",,,3,0,0,0,0
"1,1,1,1,1,-1,1,1,-1,1,1,1,1,0,-1,1,-1,1,0,1,1,1,1,1,-1,0,-1,1,0,1,1",,,3,0,0,0,0
"-1,1,-1,1,-1,-1,-1,1,-1,1,1,-1,1,1,-1,1,1,1,1,1,1,1,1,1,-1,1,1,1,-1,1,1",,,3,0,0,0,0
"1,-1,1,1,1,-1,1,1,-1,1,1,1,1,0,-1,-1,1,1,0,1,1,1,1,1,-1,1,-1,1,0,1,1",,,3,0,0,0,0
"1,-1,1,1,1,-1,-1,1,-1,-1,1,-1,1,1,-1,-1,1,1,0,-1,1,-1,1,1,-1,1,-1,1,-1,1,1",,,3,0,0,0,0
"1,-1,1,1,1,-1,-1,1,-1,1,1,1,1,-1,0,-1,1,1,0,1,1,1,1,1,1,1,-1,1,-1,1,1",,,3,0,0,0,0
"1,-1,1,-1,1,-1,-1,-1,1,1,1,1,-1,-1,0,-1,1,1,0,1,1,1,1,1,-1,-1,-1,1,1,1,-1",,,3,0,0,0,0
"1,-1,1,1,1,-1,1,1,-1,1,1,1,1,0,0,-1,1,1,0,1,1,1,1,1,1,0,-1,1,-1,1,1",,,3,0,0,0,0
"-1,-1,-1,1,-1,-1,-1,-1,-1,-1,1,-1,1,-1,1,-1,1,1,1,-1,1,-1,1,-1,-1,1,-1,1,-1,1,-1",,,3,0,0,0,0
"1,-1,1,1,1,-1,0,0,-1,1,1,1,1,-1,0,-1,1,1,0,1,1,1,1,1,-1,-1,-1,1,-1,1,-1",,,3,0,0,0,0
"1,-1,1,1,1,-1,0,1,1,-1,1,1,-1,0,-1,-1,-1,1,0,-1,1,-1,1,-1,-1,1,-1,1,1,1,1",,,3,0,0,0,0
"1,-1,1,1,1,-1,0,1,-1,1,1,1,1,0,-1,-1,1,1,0,1,1,1,1,-1,-1,1,-1,1,-1,1,1",,,3,0,0,0,0
"1,-1,1,1,1,-1,1,1,-1,-1,1,1,1,0,-1,-1,1,1,0,-1,1,-1,1,1,-1,1,1,1,0,1,1",,,3,0,0,0,0
"1,-1,1,1,1,-1,1,1,-1,1,1,-1,1,0,1,-1,1,1,0,1,1,1,1,1,1,0,-1,1,-1,1,1",,,3,0,0,0,0
"-1,-1,-1,1,-1,-1,0,0,-1,1,1,-1,-1,-1,1,-1,1,1,1,-1,1,-1,1,1,-1,-1,-1,1,0,1,-1",,,3,0,0,0,0
"1,1,1,1,1,1,-1,1,-1,1,1,-1,1,0,0,1,1,1,0,1,1,1,1,-1,1,1,1,1,-1,1,1",,,3,0,0,0,0
"1,-1,1,1,1,-1,0,0,1,-1,1,-1,-1,-1,0,-1,1,1,0,-1,1,-1,1,1,1,-1,-1,1,1,1,-1",,,3,0,0,0,0
"1,1,1,1,1,1,-1,1,-1,1,1,1,1,1,-1,1,1,1,0,1,1,1,1,-1,-1,1,1,1,-1,1,1",,,3,0,0,0,0
"-1,-1,-1,1,-1,-1,-1,1,1,1,1,-1,-1,0,1,-1,1,1,1,1,1,1,1,1,-1,1,-1,1,1,1,1",,,3,0,0,0,0
"1,-1,1,1,1,-1,1,1,-1,1,1,1,1,1,0,-1,1,1,0,1,1,1,1,1,1,1,-1,1,0,1,1",,,3,0,0,0,0
"1,-1,1,1,1,-1,-1,1,1,1,1,1,-1,-1,-1,-1,1,1,0,1,1,1,1,-1,1,0,-1,-1,1,1,-1",,,3,0,0,0,0
"1,-1,1,1,1,1,0,1,-1,1,1,1,1,0,0,-1,1,1,0,1,1,1,1,1,1,1,1,1,0,1,1",,,3,0,0,0,0
"-1,-1,-1,1,-1,-1,0,0,-1,-1,1,-1,1,-1,1,-1,1,-1,0,-1,1,-1,1,1,-1,1,-1,1,0,-1,-1",,,3,0,0,0,0
"1,-1,1,1,1,-1,1,1,-1,1,1,1,1,1,-1,-1,1,1,0,1,1,1,1,1,1,0,1,1,0,1,1",,,3,0,0,0,0
"1,-1,1,1,1,-1,-1,1,1,1,1,1,-1,0,-1,-1,1,1,0,1,1,1,1,1,-1,1,-1,1,1,1,1",,,3,0,0,0,0
"-1,-1,-1,1,-1,1,-1,1,-1,1,1,-1,-1,0,0,-1,1,-1,0,1,1,1,1,1,-1,1,-1,1,0,-1,1",,,3,0,0,0,0
"1,-1,1,1,1,-1,0,1,1,1,1,-1,-1,0,-1,-1,1,-1,0,1,1,1,1,-1,1,0,-1,1,1,-1,-1",,,3,0,0,0,0
"1,-1,1,1,1,1,-1,1,-1,-1,1,-1,1,1,1,-1,1,-1,0,-1,1,-1,1,1,-1,1,-1,1,-1,-1,1",,,3,0,0,0,0
"1,-1,1,1,1,-1,-1,-1,1,1,1,1,-1,0,1,-1,1,1,0,1,1,1,1,1,1,1,-1,1,1,1,-1",,,3,0,0,0,0
"1,-1,1,1,1,-1,0,-1,1,1,1,1,1,0,-1,-1,1,1,0,1,1,1,1,-1,1,1,-1,1,1,1,-1",,,3,0,0,0,0
"1,-1,1,1,1,-1,-1,1,-1,1,1,1,1,0,0,-1,1,1,0,1,1,1,1,1,1,1,1,1,0,1,1",,,3,0,0,0,0
"1,-1,1,1,1,-1,0,1,-1,1,1,1,-1,1,-1,-1,1,1,0,1,1,1,1,-1,1,0,1,1,0,1,1",,,3,0,0,0,0
"1,-1,1,1,1,1,-1,1,1,1,1,1,-1,0,-1,-1,1,1,0,1,1,1,1,1,-1,-1,-1,1,1,1,1",,,3,0,0,0,0
"-1,-1,-1,1,-1,-1,1,1,-1,1,1,-1,1,0,0,-1,1,-1,0,1,1,1,1,1,-1,1,-1,1,-1,-1,1",,,3,0,0,0,0
"1,-1,1,1,1,-1,-1,1,-1,1,1,1,1,0,-1,-1,1,1,0,1,1,1,1,-1,1,0,-1,1,0,1,-1",,,3,0,0,0,0
"1,-1,1,1,1,-1,1,1,1,1,1,1,-1,0,1,-1,1,1,0,1,1,1,1,1,1,1,-1,1,1,1,1",,,3,0,0,0,0
"1,-1,1,1,1,-1,-1,1,-1,1,1,1,-1,0,0,-1,1,1,0,1,1,1,1,-1,1,0,-1,1,0,1,-1",,,3,0,0,0,0
"1,-1,1,1,1,-1,0,1,-1,1,1,1,1,1,0,-1,1,1,0,1,1,1,1,1,1,1,-1,1,-1,1,1",,,3,0,0,0,0
"1,-1,1,1,1,-1,1,1,1,1,1,1,1,0,0,-1,1,1,0,1,1,1,1,1,-1,0,-1,-1,1,1,-1",,,3,0,0,0,0
"-1,-1,-1,1,-1,-1,0,-1,1,-1,1,-1,-1,-1,1,-1,1,-1,0,-1,1,-1,-1,-1,-1,1,-1,-1,1,-1,-1",,,3,0,0,0,0
"1,-1,1,1,1,-1,0,1,-1,1,1,1,1,0,0,-1,1,1,0,1,1,1,1,1,-1,1,-1,1,1,1,1",,,3,0,0,0,0
"1,-1,1,1,1,-1,-1,1,-1,1,1,1,1,0,0,-1,1,1,0,1,1,1,1,-1,1,1,-1,1,0,1,1",,,3,0,0,0,0
"1,-1,1,1,1,-1,0,0,-1,1,1,1,1,0,-1,-1,1,1,0,1,1,1,1,1,-1,-1,-1,1,1,1,-1",,,3,0,0,0,0
"1,-1,1,1,1,1,1,1,-1,-1,-1,1,1,0,0,-1,-1,1,0,-1,1,-1,1,1,-1,1,-1,1,1,1,1",,,3,0,0,0,0
"1,-1,1,1,1,-1,0,0,-1,1,1,1,1,-1,1,-1,1,1,0,1,1,1,1,1,1,1,-1,1,0,1,-1",,,3,0,0,0,0
"1,-1,1,1,1,-1,-1,-1,-1,1,1,1,-1,-1,0,-1,1,1,0,1,1,1,1,-1,-1,0,-1,1,0,1,-1",,,3,0,0,0,0
"-1,-1,-1,1,-1,-1,0,-1,-1,1,1,-1,1,0,0,-1,1,-1,0,1,1,1,1,1,-1,1,-1,1,1,-1,1",,,3,0,0,0,0
"1,1,1,1,1,-1,0,1,-1,1,1,1,1,0,-1,1,1,1,0,1,1,1,1,-1,-1,1,-1,1,1,1,1",,,3,0,0,0,0
"1,-1,1,1,1,-1,-1,-1,-1,1,1,1,1,-1,1,-1,1,1,0,1,1,1,1,-1,-1,-1,-1,1,1,1,-1",,,3,0,0,0,0
"1,-1,1,1,1,-1,0,0,-1,1,1,1,1,-1,0,-1,-1,1,0,1,1,1,1,1,-1,-1,-1,1,0,1,-1",,,3,0,0,0,0
"1,-1,1,1,1,1,1,1,-1,1,1,1,1,0,0,-1,-1,1,0,1,1,1,1,1,-1,1,-1,1,0,1,1",,,3,0,0,0,0
"1,-1,1,1,1,-1,0,0,-1,1,1,1,-1,-1,-1,-1,-1,1,0,1,1,1,1,1,-1,-1,-1,1,0,1,-1",,,3,0,0,0,0
"1,1,1,1,1,-1,0,-1,-1,-1,1,1,1,0,0,1,-1,1,0,-1,1,-1,1,-1,-1,1,-1,1,0,1,1",,,3,0,0,0,0
"1,-1,1,1,1,1,0,1,1,1,1,1,-1,0,0,-1,1,1,0,1,1,1,1,-1,1,1,-1,1,0,1,1",,,3,0,0,0,0
"1,-1,1,1,1,-1,-1,0,1,1,1,1,1,0,-1,-1,1,1,0,1,1,1,1,-1,1,1,-1,1,0,1,-1",,,3,0,0,0,0
"-1,1,-1,1,-1,-1,0,-1,-1,-1,1,-1,1,-1,1,1,1,-1,0,-1,1,-1,1,-1,-1,1,-1,1,1,-1,-1",,,3,0,0,0,0
"1,-1,1,1,1,-1,1,1,1,1,1,1,-1,0,0,-1,1,1,0,1,1,1,1,1,-1,1,-1,1,0,1,1",,,3,0,0,0,0
"1,-1,1,1,1,-1,1,1,-1,1,1,1,1,0,1,-1,1,1,0,1,1,1,1,1,-1,1,-1,1,0,1,1",,,3,0,0,0,0
"1,1,1,1,1,-1,1,1,-1,1,1,-1,1,0,0,1,1,-1,0,1,1,1,1,1,1,1,-1,1,0,-1,1",,,3,0,0,0,0
"1,-1,1,1,1,-1,-1,-1,1,1,1,-1,-1,-1,0,-1,1,-1,0,1,1,1,1,-1,-1,-1,-1,1,1,-1,-1",,,3,0,0,0,0
"1,-1,1,1,1,-1,0,1,1,1,1,-1,-1,0,0,-1,1,-1,0,1,1,1,1,-1,1,1,-1,1,0,-1,1",,,3,0,0,0,0
"-1,-1,-1,1,-1,-1,0,1,1,1,1,-1,-1,1,-1,-1,1,-1,0,1,1,1,1,-1,-1,1,1,1,1,-1,1",,,3,0,0,0,0
"1,-1,1,1,1,-1,-1,-1,1,1,1,1,-1,0,0,-1,1,1,0,1,1,1,1,-1,1,1,-1,1,0,1,1",,,3,0,0,0,0
"1,-1,1,1,1,-1,0,1,1,1,1,1,-1,1,0,-1,1,1,0,1,1,1,1,1,-1,-1,1,1,1,1,1",,,3,0,0,0,0
"1,1,1,1,1,-1,-1,1,-1,-1,1,1,1,1,0,1,1,1,0,-1,1,-1,1,1,1,1,1,1,1,1,1",,,3,0,0,0,0
"1,-1,1,-1,1,-1,0,0,-1,1,1,1,-1,-1,1,-1,1,1,0,1,1,1,1,1,1,1,-1,1,0,1,-1",,,3,0,0,0,0
"1,-1,1,1,1,-1,1,1,-1,1,1,1,1,1,-1,-1,1,1,0,1,1,1,1,1,1,1,-1,1,1,1,1",,,3,0,0,0,0
"1,-1,1,1,1,-1,0,1,1,1,1,1,-1,0,0,-1,1,1,0,1,1,1,1,-1,1,1,-1,1,1,1,1",,,3,0,0,0,0
"1,-1,1,1,1,-1,-1,-1,1,1,1,1,1,0,0,-1,1,1,0,1,1,1,1,-1,1,1,-1,1,0,1,-1",,,3,0,0,0,0
"1,-1,1,1,1,-1,1,1,-1,1,1,1,1,0,-1,-1,1,1,0,1,1,1,1,1,1,1,1,1,0,1,1",,,3,0,0,0,0
"1,-1,1,1,1,-1,0,-1,1,1,1,1,-1,0,-1,-1,1,1,0,1,1,1,1,-1,-1,1,-1,1,0,1,-1",,,3,0,0,0,0
"1,1,1,1,1,-1,1,1,1,-1,1,1,-1,0,0,1,1,1,0,-1,1,-1,1,1,1,1,-1,1,0,1,1",,,3,0,0,0,0
"1,-1,1,1,1,-1,1,1,-1,1,1,1,1,1,0,-1,1,1,0,1,1,1,1,1,1,1,1,1,0,1,1",,,3,0,0,0,0
"1,1,1,1,1,-1,0,0,-1,1,1,1,1,-1,-1,1,1,1,0,1,1,1,1,1,-1,-1,-1,1,0,1,-1",,,3,0,0,0,0
"1,-1,1,1,1,-1,0,-1,1,1,1,-1,-1,-1,-1,-1,1,-1,0,1,1,1,1,-1,-1,0,-1,1,1,-1,-1",,,3,0,0,0,0
"1,-1,1,1,1,-1,-1,1,-1,1,1,1,-1,0,0,-1,1,1,0,1,1,1,1,-1,-1,1,-1,1,0,1,-1",,,3,0,0,0,0
"1,-1,1,1,1,-1,-1,1,1,-1,1,1,-1,-1,0,-1,1,1,0,1,1,-1,1,-1,-1,-1,-1,1,0,1,-1",,,3,0,0,0,0
"1,-1,1,1,1,-1,-1,1,-1,-1,1,1,1,1,1,-1,1,1,0,1,1,-1,1,1,1,1,1,1,1,1,1",,,3,0,0,0,0
"-1,-1,-1,1,-1,-1,1,1,1,-1,1,-1,-1,0,1,-1,1,-1,1,1,1,-1,1,1,1,0,-1,1,1,-1,1",,,3,0,0,0,0
"1,-1,1,1,1,-1,-1,1,1,1,1,1,-1,0,0,-1,1,1,0,1,1,1,1,1,-1,0,-1,1,1,1,-1",,,3,0,0,0,0
"1,-1,1,1,1,-1,-1,-1,-1,-1,1,1,1,0,0,-1,1,1,0,1,1,-1,1,-1,-1,0,1,1,1,1,-1",,,3,0,0,0,0
"1,-1,1,1,1,1,1,1,-1,1,1,1,1,1,0,-1,1,1,0,1,1,1,1,1,1,1,-1,1,0,1,1",,,3,0,0,0,0
"1,-1,1,1,1,-1,0,1,-1,-1,1,1,1,0,-1,-1,1,1,0,1,1,-1,1,-1,-1,1,-1,1,1,1,1",,,3,0,0,0,0
"1,-1,1,1,1,-1,-1,1,1,1,1,1,-1,0,-1,-1,1,1,0,1,1,1,1,1,1,1,-1,1,0,1,1",,,3,0,0,0,0
"-1,1,-1,1,-1,-1,0,1,1,-1,1,-1,-1,1,1,1,1,-1,1,1,1,-1,1,-1,-1,1,1,1,1,-1,1",,,3,0,0,0,0
"1,-1,1,1,1,-1,-1,1,1,1,1,1,-1,0,0,-1,1,1,0,1,1,1,1,-1,1,-1,-1,1,0,1,1",,,3,0,0,0,0
"1,-1,1,1,1,-1,-1,1,-1,1,1,1,-1,0,0,-1,1,1,0,1,1,1,1,-1,1,0,-1,1,0,1,1",,,3,0,0,0,0
"1,-1,1,1,1,1,-1,1,-1,-1,1,1,1,0,1,-1,1,-1,0,1,1,-1,1,1,-1,1,-1,1,1,-1,1",,,3,0,0,0,0
"-1,-1,-1,1,-1,1,1,1,1,1,1,-1,-1,0,0,-1,1,1,1,1,1,1,1,1,-1,1,-1,1,1,1,1",,,3,0,0,0,0
"1,-1,1,-1,1,-1,0,0,-1,1,1,-1,-1,-1,0,-1,1,1,0,1,1,1,1,1,-1,-1,-1,1,1,1,-1",,,3,0,0,0,0
"1,-1,1,1,1,-1,1,1,-1,1,1,1,1,0,1,-1,1,1,0,1,1,1,1,1,1,1,1,1,0,1,1",,,3,0,0,0,0
"1,-1,1,1,1,-1,0,-1,1,-1,1,1,-1,-1,0,-1,1,-1,0,1,1,-1,1,-1,-1,0,-1,1,1,-1,-1",,,3,0,0,0,0
"1,-1,1,1,1,-1,1,1,-1,1,1,1,1,0,0,-1,1,1,0,1,1,1,1,1,-1,0,-1,1,0,1,-1",,,3,0,0,0,0
"1,-1,1,1,1,-1,1,1,1,1,1,1,1,1,-1,-1,1,1,0,1,1,1,1,1,-1,-1,-1,1,1,1,1",,,3,0,0,0,0
"1,-1,1,1,1,-1,-1,-1,-1,1,1,1,1,-1,-1,-1,1,1,0,1,1,1,1,-1,1,-1,-1,1,0,1,-1",,,3,0,0,0,0
"1,-1,1,1,1,-1,0,-1,1,1,1,1,1,0,-1,-1,1,1,0,1,1,1,1,-1,1,0,-1,1,0,1,-1",,,3,0,0,0,0
"1,1,1,1,1,-1,1,1,-1,1,1,1,1,0,1,1,1,1,0,1,1,-1,1,1,-1,0,-1,1,1,1,-1",,,3,0,0,0,0
"-1,1,-1,1,-1,-1,-1,1,-1,1,1,-1,1,0,-1,1,1,1,1,1,1,1,1,-1,-1,0,-1,1,1,1,-1",,,3,0,0,0,0
"1,-1,1,1,1,-1,-1,-1,-1,1,1,1,-1,0,-1,-1,1,1,0,1,1,1,1,-1,1,0,-1,-1,0,1,-1",,,3,0,0,0,0
"1,-1,1,1,1,-1,-1,-1,1,1,1,1,-1,0,0,-1,1,1,0,1,1,1,1,-1,1,1,-1,1,0,1,-1",,,3,0,0,0,0
"1,-1,1,1,1,-1,-1,-1,-1,1,1,-1,-1,-1,0,-1,1,1,0,1,1,1,1,-1,1,-1,-1,1,0,1,-1",,,3,0,0,0,0
"-1,-1,-1,1,-1,-1,0,-1,-1,1,1,-1,1,-1,1,-1,1,-1,1,1,1,-1,1,-1,-1,-1,-1,1,1,-1,-1",,,3,0,0,0,0
"1,-1,1,1,1,-1,-1,-1,1,1,1,1,-1,0,0,-1,1,1,0,1,1,1,1,1,-1,1,-1,1,1,1,1",,,3,0,0,0,0
"1,-1,1,1,1,1,-1,1,1,1,1,1,-1,1,0,-1,1,1,0,1,1,1,1,-1,1,1,1,1,0,1,1",,,3,0,0,0,0
"1,-1,1,1,1,-1,-1,-1,1,1,1,1,-1,0,0,-1,1,1,0,1,1,1,1,-1,1,1,-1,-1,0,1,-1",,,3,0,0,0,0
"1,-1,1,1,1,-1,1,1,-1,1,1,1,1,0,0,-1,1,1,0,1,1,1,1,1,-1,1,-1,1,0,1,1",,,3,0,0,0,0
"1,-1,1,1,1,-1,0,0,1,1,1,1,-1,-1,-1,-1,1,1,0,1,1,1,1,1,-1,-1,-1,1,1,1,-1",,,3,0,0,0,0
"1,-1,1,1,1,-1,0,-1,1,1,1,1,-1,-1,1,-1,1,1,0,1,1,1,1,-1,-1,-1,-1,1,1,1,-1",,,3,0,0,0,0
"1,-1,1,1,1,-1,0,1,-1,1,1,1,1,0,1,-1,1,1,0,1,1,1,1,-1,-1,1,-1,1,1,1,1",,,3,0,0,0,0
"1,-1,1,1,1,-1,0,1,-1,1,1,1,1,0,1,-1,1,1,0,1,1,1,1,-1,-1,1,1,1,0,1,1",,,3,0,0,0,0
"1,1,1,1,1,-1,0,1,-1,-1,1,1,1,0,0,1,1,-1,0,1,-1,-1,-1,-1,-1,1,-1,1,1,-1,1",,,3,0,0,0,0
"1,-1,1,1,1,-1,1,1,-1,1,1,1,1,1,0,-1,1,1,0,1,1,1,1,1,-1,1,-1,1,0,1,1",,,3,0,0,0,0
"1,-1,1,1,1,-1,0,-1,1,1,1,1,-1,0,-1,-1,1,1,0,1,1,1,1,1,-1,1,-1,1,1,1,1",,,3,0,0,0,0
"1,-1,1,1,1,-1,-1,1,1,1,1,-1,-1,0,1,-1,-1,1,0,1,1,1,1,1,-1,1,-1,1,0,1,1",,,3,0,0,0,0
"1,-1,1,1,1,-1,-1,-1,-1,1,1,-1,1,-1,-1,-1,-1,1,0,1,1,1,1,-1,-1,1,-1,1,0,1,-1",,,3,0,0,0,0
"1,-1,1,1,1,1,0,1,-1,-1,1,-1,1,1,-1,-1,-1,1,0,1,-1,-1,-1,-1,-1,1,-1,1,1,1,1",,,3,0,0,0,0
"1,-1,1,1,1,-1,-1,-1,-1,1,1,1,1,0,0,-1,-1,1,0,1,1,1,1,-1,-1,1,-1,1,0,1,-1",,,3,0,0,0,0
"1,-1,1,1,1,1,0,1,-1,1,1,1,1,1,0,-1,1,1,0,1,1,1,1,-1,-1,1,-1,1,0,1,1",,,3,0,0,0,0
"1,-1,1,-1,1,1,1,1,-1,1,1,1,1,1,1,-1,1,1,0,1,1,1,1,1,1,1,-1,1,0,1,1",,,3,0,0,0,0
"-1,1,-1,1,-1,1,0,1,-1,1,1,-1,1,0,-1,1,1,-1,1,1,1,1,1,-1,-1,1,-1,1,1,-1,1",,,3,0,0,0,0
"1,-1,1,1,1,-1,0,-1,-1,1,1,1,1,-1,-1,-1,1,1,0,1,1,1,1,-1,1,1,-1,1,0,1,-1",,,3,0,0,0,0
"-1,1,-1,1,-1,1,1,1,-1,1,1,-1,1,0,1,1,1,-1,1,1,1,1,1,1,-1,1,-1,1,1,-1,1",,,3,0,0,0,0
"1,-1,1,1,1,-1,0,1,1,-1,1,1,-1,1,0,-1,1,1,0,1,1,-1,-1,-1,-1,1,1,-1,1,1,1",,,3,0,0,0,0
"1,-1,1,1,1,-1,-1,-1,-1,-1,-1,1,1,0,-1,-1,-1,1,0,1,1,-1,1,1,1,1,-1,1,0,1,1",,,3,0,0,0,0
"1,-1,1,1,1,-1,0,1,-1,1,1,1,1,0,0,-1,1,1,0,1,1,1,1,-1,1,1,1,1,0,1,1",,,3,0,0,0,0
"1,-1,1,1,1,-1,1,1,-1,1,1,1,1,1,-1,-1,1,1,0,1,1,1,1,1,-1,0,1,1,1,1,1",,,3,0,0,0,0
"1,-1,1,1,1,-1,1,1,-1,-1,-1,1,-1,0,1,-1,-1,1,0,1,1,-1,1,1,-1,1,1,1,1,1,1",,,3,0,0,0,0
"1,-1,1,1,1,-1,0,-1,-1,1,1,1,1,0,1,-1,1,1,0,1,1,1,1,-1,1,1,-1,1,0,1,1",,,3,0,0,0,0
"1,-1,1,1,1,-1,-1,-1,1,1,1,1,-1,1,-1,-1,1,1,0,1,1,1,1,-1,-1,-1,-1,1,1,1,-1",,,3,0,0,0,0
"1,-1,1,1,1,-1,1,1,-1,1,1,1,1,1,1,-1,1,1,0,1,1,1,1,1,-1,1,1,-1,1,1,1",,,3,0,0,0,0
"1,-1,1,1,1,-1,1,1,1,-1,1,1,-1,0,0,-1,1,1,0,1,1,-1,1,1,-1,0,1,1,1,1,1",,,3,0,0,0,0
"1,-1,1,1,1,-1,0,-1,-1,1,1,1,-1,-1,0,-1,1,1,0,1,1,-1,1,-1,1,0,-1,1,1,1,-1",,,3,0,0,0,0
"1,-1,1,1,1,-1,1,1,1,1,1,1,1,0,0,-1,1,1,0,1,1,1,1,1,1,0,-1,1,1,1,1",,,3,0,0,0,0
"-1,1,-1,1,-1,1,1,1,-1,1,1,-1,-1,0,1,1,1,-1,1,1,1,1,1,1,1,1,-1,1,1,-1,1",,,3,0,0,0,0
"1,-1,1,1,1,-1,-1,-1,1,1,1,1,-1,0,-1,-1,1,1,0,1,1,1,1,-1,1,-1,-1,1,1,1,-1",,,3,0,0,0,0
"1,-1,1,1,1,-1,-1,1,-1,1,1,1,1,0,1,-1,1,1,0,1,1,1,1,-1,1,0,-1,1,0,1,-1",,,3,0,0,0,0
"1,-1,1,-1,1,-1,0,0,1,1,1,1,-1,-1,0,-1,1,1,0,1,1,1,1,1,1,-1,-1,1,1,1,-1",,,3,0,0,0,0
"1,-1,1,-1,1,-1,-1,1,-1,1,1,1,1,1,1,-1,1,1,0,1,1,1,1,1,1,1,-1,1,0,1,1",,,3,0,0,0,0
"1,-1,1,1,1,-1,1,1,-1,1,1,1,1,0,1,-1,1,1,0,1,1,1,1,1,1,1,-1,1,0,1,1",,,3,0,0,0,0
"1,-1,1,1,1,-1,0,-1,-1,-1,1,1,1,-1,1,-1,1,1,0,1,1,-1,1,-1,-1,-1,-1,1,0,1,-1",,,3,0,0,0,0
"1,-1,1,-1,1,-1,-1,1,-1,1,1,1,1,1,1,-1,1,1,0,1,1,1,1,1,1,1,-1,-1,0,1,1",,,3,0,0,0,0
"-1,1,-1,1,-1,1,0,-1,-1,1,1,-1,1,1,1,1,1,-1,1,1,1,1,1,1,1,1,-1,-1,1,-1,1",,,3,0,0,0,0
"1,-1,1,1,1,-1,1,1,-1,-1,-1,1,1,1,0,-1,-1,1,0,1,1,-1,-1,1,1,1,-1,1,1,1,1",,,3,0,0,0,0
"1,-1,1,1,1,-1,-1,-1,-1,1,1,1,-1,0,-1,-1,1,1,0,1,1,1,1,-1,-1,0,-1,1,0,1,-1",,,3,0,0,0,0
"1,-1,1,1,1,1,-1,1,1,-1,-1,1,-1,1,0,-1,-1,1,0,1,1,-1,-1,-1,1,0,-1,1,0,1,1",,,3,0,0,0,0
"1,-1,1,1,1,-1,-1,1,-1,1,1,1,1,0,0,-1,-1,1,0,1,1,-1,-1,1,1,1,1,-1,0,1,1",,,3,0,0,0,0
"1,1,1,1,1,-1,-1,1,-1,1,1,1,1,0,1,1,1,1,0,1,1,1,1,1,1,1,-1,1,1,1,1",,,3,0,0,0,0
"1,-1,1,1,1,-1,0,-1,1,1,1,1,-1,-1,-1,-1,1,1,0,1,1,1,1,-1,-1,-1,-1,1,0,1,-1",,,3,0,0,0,0
"1,-1,1,1,1,-1,-1,1,1,-1,1,1,1,0,-1,-1,1,1,0,1,-1,-1,-1,1,-1,0,-1,1,1,1,1",,,3,0,0,0,0
"1,-1,1,1,1,-1,0,0,1,1,1,1,-1,0,-1,-1,1,1,0,1,1,1,1,1,-1,-1,-1,1,1,1,-1",,,3,0,0,0,0
"1,1,1,-1,1,1,-1,1,-1,1,1,1,1,0,1,1,1,1,0,1,1,1,1,-1,1,1,-1,1,0,1,1",,,3,0,0,0,0
"1,-1,1,1,1,-1,0,-1,-1,1,1,1,1,-1,-1,-1,1,1,0,1,1,1,1,-1,-1,-1,-1,1,0,1,-1",,,3,0,0,0,0
"1,-1,1,1,1,-1,1,1,-1,-1,1,1,1,0,1,-1,1,1,0,1,1,-1,-1,1,-1,0,-1,1,1,1,1",,,3,0,0,0,0
"1,-1,1,1,1,-1,-1,-1,-1,1,1,1,1,-1,-1,-1,1,1,0,1,1,1,1,-1,-1,-1,-1,1,0,1,-1",,,3,0,0,0,0
"1,-1,1,1,1,-1,0,1,1,1,1,1,-1,0,0,-1,1,1,0,1,1,1,1,-1,1,1,-1,1,0,1,1",,,3,0,0,0,0
"1,1,1,1,1,-1,0,1,-1,-1,1,1,1,0,0,1,1,1,0,-1,1,-1,-1,-1,-1,1,-1,1,1,1,1",,,3,0,0,0,0
"1,-1,1,1,1,-1,1,1,-1,1,1,-1,1,1,1,-1,1,1,0,1,1,1,1,1,-1,-1,-1,1,1,1,1",,,3,0,0,0,0
"1,-1,1,1,1,-1,-1,1,1,1,1,1,-1,1,1,-1,1,1,0,1,1,1,1,1,1,1,1,1,0,1,1",,,3,0,0,0,0
"1,-1,1,-1,1,-1,-1,1,-1,1,1,1,-1,0,1,-1,1,1,0,1,1,1,1,1,1,1,1,1,0,1,1",,,3,0,0,0,0
"1,-1,1,1,1,-1,-1,1,-1,1,1,1,1,0,0,-1,1,1,0,1,1,1,1,1,-1,1,-1,1,1,1,1",,,3,0,0,0,0
"1,-1,1,1,1,-1,1,1,-1,-1,1,1,1,0,-1,-1,1,1,0,-1,1,-1,1,1,-1,1,-1,1,1,1,1",,,3,0,0,0,0
"1,-1,1,1,1,-1,0,0,-1,-1,1,1,1,-1,0,-1,1,1,0,-1,1,-1,1,1,1,0,-1,1,0,1,-1",,,3,0,0,0,0
"1,-1,1,1,1,-1,-1,-1,1,1,1,1,1,0,0,-1,1,1,0,1,1,1,1,1,-1,1,-1,1,1,1,-1",,,3,0,0,0,0
"1,-1,1,1,1,-1,-1,1,1,1,1,1,-1,0,0,-1,1,1,0,1,1,1,1,-1,1,1,-1,-1,0,1,1",,,3,0,0,0,0
"1,1,1,1,1,-1,-1,1,-1,1,1,1,1,0,0,1,1,1,0,1,1,1,1,-1,1,1,-1,-1,0,1,1",,,3,0,0,0,0
"1,-1,1,1,1,-1,-1,-1,1,1,1,1,-1,-1,0,-1,1,1,0,1,1,1,1,-1,1,0,-1,1,0,1,-1",,,3,0,0,0,0
"1,-1,1,1,1,-1,1,-1,-1,1,1,1,1,-1,0,-1,1,1,0,1,1,1,1,1,1,-1,-1,1,0,1,-1",,,3,0,0,0,0
"1,-1,1,1,1,-1,1,1,-1,1,1,1,-1,0,0,-1,1,1,0,1,1,1,1,1,1,1,-1,1,0,1,1",,,3,0,0,0,0
"1,-1,1,1,1,1,1,1,-1,1,1,1,1,0,0,-1,1,1,0,1,1,1,1,1,1,0,-1,1,0,1,1",,,3,0,0,0,0
"1,-1,1,1,1,-1,0,1,1,1,1,1,1,0,-1,-1,1,1,0,1,1,1,1,-1,-1,1,-1,1,0,1,-1",,,3,0,0,0,0
"-1,-1,-1,1,-1,-1,-1,1,1,1,1,-1,-1,0,0,-1,1,-1,1,1,1,1,1,-1,-1,1,-1,1,1,-1,1",,,3,0,0,0,0
"-1,1,-1,1,-1,1,0,1,-1,-1,1,-1,1,1,1,1,-1,-1,1,1,1,-1,1,-1,-1,0,-1,1,1,-1,1",,,3,0,0,0,0
"1,-1,1,1,1,-1,1,1,1,-1,1,1,-1,1,-1,-1,1,1,0,1,1,-1,1,1,-1,1,-1,1,1,1,1",,,3,0,0,0,0
"-1,-1,-1,1,-1,-1,0,1,-1,1,1,-1,1,0,-1,-1,1,-1,1,1,1,1,1,-1,-1,1,-1,1,1,-1,1",,,3,0,0,0,0
"1,-1,1,1,1,1,-1,1,1,1,1,1,-1,1,0,-1,-1,1,0,1,1,1,1,1,-1,-1,-1,1,1,1,1",,,3,0,0,0,0
"1,1,1,1,1,-1,0,0,1,1,1,1,-1,-1,0,1,1,1,0,1,1,1,1,1,-1,-1,-1,1,0,1,-1",,,3,0,0,0,0
"-1,1,-1,1,-1,-1,0,-1,-1,1,1,-1,1,-1,1,1,1,-1,1,1,1,1,1,-1,-1,-1,-1,1,0,-1,-1",,,3,0,0,0,0
"1,-1,1,1,1,-1,-1,1,-1,1,1,1,-1,0,-1,-1,1,1,0,1,1,1,1,-1,-1,0,-1,1,0,1,-1",,,3,0,0,0,0
"1,1,1,-1,1,-1,-1,1,-1,1,1,1,1,0,1,1,1,1,0,1,1,1,1,-1,1,1,-1,1,0,1,1",,,3,0,0,0,0
"1,1,1,1,1,-1,-1,1,-1,-1,1,1,1,0,1,1,1,1,0,1,1,-1,1,1,-1,1,-1,1,1,1,1",,,3,0,0,0,0
"-1,-1,-1,1,-1,-1,0,1,1,1,1,-1,-1,1,-1,-1,1,-1,1,1,1,1,1,-1,-1,1,-1,1,1,-1,1",,,3,0,0,0,0
"1,-1,1,1,1,1,-1,1,-1,-1,1,1,1,1,0,-1,1,1,0,1,1,-1,1,-1,1,1,-1,-1,0,1,1",,,3,0,0,0,0
"1,-1,1,-1,1,-1,1,1,-1,1,1,1,1,0,1,-1,1,1,0,1,1,1,1,1,1,1,1,1,0,1,1",,,3,0,0,0,0
"1,1,1,1,1,-1,-1,-1,-1,1,1,1,1,-1,-1,1,1,1,0,1,1,1,1,1,-1,-1,-1,1,1,1,-1",,,3,0,0,0,0
"1,-1,1,1,1,-1,1,-1,1,1,1,1,-1,-1,-1,-1,1,1,0,1,1,1,1,-1,-1,-1,-1,-1,1,1,-1",,,3,0,0,0,0
"1,-1,1,1,1,-1,1,0,-1,1,1,1,1,0,-1,-1,1,1,0,1,1,1,1,1,1,1,-1,1,0,1,1",,,3,0,0,0,0
"1,-1,1,1,1,-1,0,0,1,1,1,1,-1,-1,0,-1,1,1,0,1,1,1,1,1,-1,-1,-1,-1,0,1,-1",,,3,0,0,0,0
"1,-1,1,1,1,-1,-1,-1,1,1,1,1,-1,0,0,-1,1,1,0,1,1,1,1,-1,1,-1,1,1,0,1,-1",,,3,0,0,0,0
"-1,1,-1,1,-1,-1,1,1,-1,1,1,-1,1,0,-1,1,1,-1,1,1,1,1,1,1,-1,1,-1,1,1,-1,1",,,3,0,0,0,0
"1,-1,1,1,1,-1,-1,1,-1,-1,1,1,1,0,0,-1,1,1,0,1,1,-1,1,1,1,0,-1,1,0,1,1",,,3,0,0,0,0
"1,-1,1,1,1,-1,1,1,-1,-1,1,1,1,1,1,-1,1,1,0,1,1,-1,1,1,-1,1,-1,1,1,1,1",,,3,0,0,0,0
"1,1,1,1,1,-1,1,1,-1,1,1,1,1,0,0,1,1,1,0,1,1,1,1,1,1,1,-1,1,0,1,1",,,3,0,0,0,0
"1,-1,1,1,1,-1,1,1,1,1,1,1,-1,1,-1,-1,1,1,0,1,1,1,1,1,1,0,1,1,0,1,1",,,3,0,0,0,0
"1,-1,1,1,1,-1,0,1,1,1,1,1,-1,0,1,-1,1,1,0,1,1,1,1,-1,-1,1,-1,1,1,1,1",,,3,0,0,0,0
"1,1,1,1,1,-1,-1,1,-1,1,1,1,1,1,1,1,1,1,0,1,1,1,1,1,1,1,1,1,0,1,1",,,3,0,0,0,0
"1,1,1,1,1,-1,-1,-1,-1,-1,1,1,1,-1,1,1,1,1,0,1,1,-1,1,-1,-1,-1,-1,1,0,1,-1",,,3,0,0,0,0
"1,-1,1,1,1,-1,0,-1,-1,1,1,1,1,1,0,-1,1,1,0,1,1,1,1,1,1,1,-1,1,0,1,1",,,3,0,0,0,0
"1,-1,1,1,1,1,1,1,-1,-1,1,1,1,0,1,-1,1,1,0,1,1,-1,1,1,-1,1,-1,1,1,1,1",,,3,0,0,0,0
"1,-1,1,1,1,-1,0,1,-1,1,1,1,-1,0,-1,-1,1,1,0,1,1,1,1,-1,1,0,-1,-1,0,1,1",,,3,0,0,0,0
"1,-1,1,1,1,-1,0,0,1,-1,-1,1,1,-1,1,-1,-1,1,0,1,1,-1,1,1,-1,1,-1,1,1,1,-1",,,3,0,0,0,0
"1,-1,1,1,1,-1,-1,1,-1,1,1,1,1,1,-1,-1,1,1,0,1,1,1,1,1,-1,1,-1,1,1,1,1",,,3,0,0,0,0
"1,-1,1,1,1,-1,0,0,1,1,1,1,-1,-1,-1,-1,1,1,0,1,1,1,1,1,-1,1,-1,1,0,1,-1",,,3,0,0,0,0
"1,-1,1,1,1,-1,0,1,-1,1,1,1,-1,0,1,-1,1,1,0,1,1,1,1,-1,-1,1,1,1,0,1,1",,,3,0,0,0,0
"1,-1,1,1,1,-1,-1,1,-1,1,1,1,1,1,0,-1,1,1,0,1,1,1,1,-1,1,0,-1,1,0,1,1",,,3,0,0,0,0
"1,-1,1,1,1,-1,1,1,-1,-1,-1,1,1,0,1,-1,-1,1,0,1,1,-1,1,1,-1,0,-1,1,1,1,-1",,,3,0,0,0,0
"1,-1,1,-1,1,-1,0,1,-1,1,1,1,1,0,1,-1,1,1,0,1,1,1,1,-1,1,1,1,1,0,1,1",,,3,0,0,0,0
"1,-1,1,1,1,1,0,1,-1,1,1,1,1,0,0,-1,1,1,0,1,1,1,1,1,1,1,-1,1,0,1,1",,,3,0,0,0,0
"1,-1,1,1,1,-1,1,1,-1,1,1,1,1,1,-1,-1,1,1,0,1,1,1,1,1,-1,1,1,1,1,1,1",,,3,0,0,0,0
"1,-1,1,1,1,-1,-1,1,-1,-1,-1,1,-1,0,0,-1,-1,1,0,1,1,-1,1,1,-1,1,-1,1,1,1,1",,,3,0,0,0,0
"1,-1,1,1,1,-1,-1,-1,1,1,1,1,1,-1,-1,-1,1,1,0,1,1,1,1,-1,-1,-1,-1,1,0,1,-1",,,3,0,0,0,0
"1,-1,1,1,1,-1,-1,-1,-1,1,1,1,-1,-1,-1,-1,1,1,0,1,1,1,1,-1,-1,-1,-1,1,1,1,-1",,,3,0,0,0,0
"1,-1,1,1,1,-1,-1,1,1,-1,1,1,-1,1,0,-1,1,1,0,1,1,-1,1,1,1,0,-1,1,0,1,1",,,3,0,0,0,0
"1,-1,1,1,1,-1,-1,-1,1,1,1,1,-1,-1,-1,-1,1,1,0,1,1,1,1,1,-1,-1,-1,1,0,1,-1",,,3,0,0,0,0
"-1,-1,-1,1,-1,-1,-1,1,-1,1,1,-1,1,0,-1,-1,1,-1,1,1,1,1,1,1,-1,1,-1,1,1,-1,1",,,3,0,0,0,0
"1,1,1,1,1,-1,1,1,-1,-1,1,1,1,0,0,1,1,1,0,1,1,-1,1,1,-1,1,-1,1,1,1,1",,,3,0,0,0,0
"1,-1,1,1,1,-1,1,1,-1,-1,1,1,1,0,0,-1,1,1,0,1,1,-1,1,1,1,0,-1,-1,0,1,1",,,3,0,0,0,0
"-1,-1,-1,1,-1,-1,-1,1,-1,-1,1,-1,1,-1,1,-1,1,-1,1,1,1,-1,1,-1,-1,0,-1,1,1,-1,-1",,,3,0,0,0,0
"1,-1,1,1,1,-1,-1,-1,1,1,1,1,1,-1,0,-1,1,1,0,1,1,1,1,-1,-1,-1,-1,1,0,1,-1",,,3,0,0,0,0
"1,-1,1,1,1,1,1,1,1,1,1,1,-1,1,0,-1,1,1,0,1,1,1,1,1,-1,1,-1,-1,1,1,1",,,3,0,0,0,0
"1,-1,1,1,1,-1,1,-1,-1,1,1,1,1,0,0,-1,1,1,0,1,1,1,1,1,1,0,-1,1,0,1,1",,,3,0,0,0,0
"1,-1,1,-1,1,-1,-1,-1,-1,1,1,1,-1,-1,0,-1,1,1,0,1,1,1,1,-1,-1,-1,-1,1,1,1,-1",,,3,0,0,0,0
"1,-1,1,1,1,-1,1,1,1,1,1,1,1,1,-1,-1,1,1,0,1,1,1,1,1,1,1,-1,1,0,1,1",,,3,0,0,0,0
"1,-1,1,1,1,-1,-1,-1,-1,1,1,1,-1,-1,0,-1,1,1,0,1,1,1,1,-1,-1,1,-1,1,0,1,-1",,,3,0,0,0,0
"1,1,1,1,1,-1,0,-1,-1,1,1,1,1,0,0,1,1,1,0,1,1,1,1,-1,-1,1,-1,1,0,1,1",,,3,0,0,0,0
"1,-1,1,1,1,1,1,1,-1,1,1,1,1,1,-1,-1,1,1,0,1,1,1,1,1,1,0,1,1,0,1,1",,,3,0,0,0,0
"-1,-1,-1,1,-1,-1,0,0,1,-1,-1,-1,-1,-1,1,-1,-1,-1,1,1,1,-1,1,1,-1,-1,-1,1,1,-1,-1",,,3,0,0,0,0
"-1,-1,-1,1,-1,1,1,1,-1,1,1,-1,1,0,0,-1,1,-1,1,1,1,1,1,1,-1,1,-1,1,1,-1,1",,,3,0,0,0,0
"1,-1,1,1,1,-1,-1,1,-1,1,1,1,1,0,0,-1,1,1,0,1,1,1,1,1,-1,0,-1,1,1,1,1",,,3,0,0,0,0
"1,-1,1,1,1,-1,0,1,-1,1,1,1,1,1,1,-1,1,1,0,1,1,1,1,-1,1,1,-1,1,0,1,1",,,3,0,0,0,0
"1,-1,1,1,1,-1,-1,-1,-1,-1,1,1,-1,-1,-1,-1,1,1,0,1,1,-1,1,-1,-1,1,-1,1,1,1,-1",,,3,0,0,0,0
"1,-1,1,1,1,-1,0,1,1,1,1,1,-1,0,1,-1,1,1,0,1,1,1,1,-1,1,0,-1,1,0,1,-1",,,3,0,0,0,0
"1,-1,1,1,1,-1,0,-1,-1,1,1,1,1,0,0,-1,1,1,0,1,1,1,1,-1,1,1,-1,1,0,1,-1",,,3,0,0,0,0
"-1,-1,-1,1,-1,-1,-1,1,1,1,1,-1,-1,1,1,-1,1,-1,1,1,1,1,1,1,-1,1,-1,1,1,-1,1",,,3,0,0,0,0
"-1,1,-1,1,-1,-1,0,0,-1,1,1,-1,1,-1,1,1,1,-1,1,1,1,1,1,1,-1,1,-1,1,1,-1,-1",,,3,0,0,0,0
"1,-1,1,1,1,-1,0,1,-1,1,1,1,-1,0,0,-1,1,1,0,1,1,1,1,1,-1,1,1,-1,1,1,1",,,3,0,0,0,0
"1,-1,1,1,1,-1,1,1,-1,1,1,1,1,1,1,-1,1,1,0,1,1,1,1,1,1,1,-1,1,0,1,1",,,3,0,0,0,0
"1,-1,1,1,1,-1,-1,-1,-1,1,1,1,-1,1,-1,-1,1,1,0,1,1,1,1,-1,-1,0,-1,1,0,1,-1",,,3,0,0,0,0
"1,-1,1,1,1,-1,0,0,-1,-1,1,1,1,-1,1,-1,1,1,0,1,1,-1,1,1,-1,1,-1,1,1,1,-1",,,3,0,0,0,0
"1,-1,1,1,1,-1,1,1,-1,1,1,1,-1,1,-1,-1,1,1,0,1,1,1,1,1,1,0,1,-1,0,1,1",,,3,0,0,0,0
"-1,1,-1,1,-1,-1,0,1,-1,1,1,-1,1,0,0,1,1,-1,1,1,1,1,1,1,-1,1,-1,1,1,-1,1",,,3,0,0,0,0
"1,-1,1,1,1,-1,-1,-1,1,1,1,1,-1,-1,0,-1,1,1,0,1,1,1,1,-1,-1,0,-1,1,0,1,-1",,,3,0,0,0,0
"1,-1,1,1,1,-1,1,1,-1,-1,1,1,1,0,-1,-1,1,1,0,1,1,-1,1,1,-1,1,-1,1,0,1,1",,,3,0,0,0,0
"1,-1,1,1,1,-1,1,1,-1,-1,1,1,1,1,0,-1,1,1,0,1,1,-1,1,1,-1,1,-1,1,1,1,1",,,3,0,0,0,0
"1,-1,1,1,1,1,0,1,-1,1,1,1,-1,1,0,-1,1,1,0,1,1,1,1,1,1,1,-1,1,1,1,1",,,3,0,0,0,0
"1,1,1,1,1,-1,1,1,-1,-1,1,1,1,0,-1,1,1,1,0,1,1,-1,1,1,1,1,-1,1,1,1,1",,,3,0,0,0,0
"1,-1,1,1,1,-1,0,1,-1,1,1,1,-1,0,1,-1,1,1,0,1,1,1,1,-1,1,1,1,-1,0,1,1",,,3,0,0,0,0
"1,-1,1,1,1,-1,1,1,-1,1,1,1,1,0,0,-1,1,1,0,1,1,1,1,1,1,1,1,1,0,1,1",,,3,0,0,0,0
"1,-1,1,1,1,-1,0,1,-1,1,1,1,1,0,0,-1,1,1,0,1,1,1,1,-1,-1,1,-1,1,0,1,1",,,3,0,0,0,0
"1,-1,1,1,1,-1,-1,1,-1,-1,1,1,1,0,0,-1,1,1,0,1,1,-1,1,-1,-1,0,-1,1,0,1,-1",,,3,0,0,0,0
"1,-1,1,1,1,-1,1,1,-1,1,1,1,1,1,1,-1,1,1,0,1,1,1,1,1,-1,1,-1,1,0,1,1",,,3,0,0,0,0
"1,-1,1,1,1,1,-1,1,1,-1,-1,1,-1,1,-1,-1,-1,1,0,1,1,-1,1,1,-1,1,-1,1,1,1,1",,,3,0,0,0,0
"1,-1,1,1,1,1,0,1,-1,1,1,1,1,1,1,-1,1,1,0,1,1,1,1,-1,1,1,-1,1,0,1,1",,,3,0,0,0,0
"1,-1,1,1,1,-1,-1,1,-1,-1,1,1,1,0,0,-1,1,1,0,1,1,-1,1,1,-1,1,1,1,1,1,1",,,3,0,0,0,0
"1,-1,1,1,1,-1,0,-1,-1,1,1,1,1,0,0,-1,1,1,0,1,1,1,1,1,1,1,-1,1,0,1,1",,,3,0,0,0,0
"1,-1,1,1,1,-1,1,1,-1,1,1,1,1,0,-1,-1,1,1,0,1,1,1,1,1,1,0,-1,1,0,1,1",,,3,0,0,0,0
"1,-1,1,1,1,-1,1,1,-1,1,1,1,1,0,0,-1,1,1,0,1,1,1,1,1,1,1,-1,1,0,1,1",,,3,0,0,0,0
"1,-1,1,1,1,-1,-1,1,-1,1,1,1,1,1,0,-1,1,1,0,1,1,1,1,1,-1,-1,-1,1,1,1,1",,,3,0,0,0,0
"1,-1,1,1,1,1,-1,1,-1,1,1,1,1,0,0,-1,1,1,0,1,1,1,1,1,1,1,1,1,0,1,1",,,3,0,0,0,0
"1,-1,1,1,1,1,-1,1,1,1,1,1,-1,1,0,-1,1,1,0,1,1,1,1,1,1,1,-1,1,0,1,1",,,3,0,0,0,0
"1,-1,1,1,1,-1,-1,-1,1,1,1,1,-1,0,-1,-1,1,1,0,1,1,1,1,-1,1,0,-1,1,0,1,-1",,,3,0,0,0,0
"1,-1,1,1,1,-1,-1,-1,1,1,1,1,1,-1,-1,-1,1,1,0,1,1,1,1,-1,1,-1,-1,1,0,1,-1",,,3,0,0,0,0
"1,-1,1,1,1,-1,-1,-1,1,1,1,1,1,0,-1,-1,1,1,0,1,1,1,1,-1,1,0,-1,-1,0,1,-1",,,3,0,0,0,0
"1,-1,1,1,1,-1,-1,0,-1,1,1,1,-1,0,-1,-1,1,1,0,1,1,1,1,-1,1,0,-1,1,0,1,-1",,,3,0,0,0,0
"1,-1,1,1,1,-1,1,-1,1,1,1,1,-1,0,-1,-1,1,1,0,1,1,1,1,1,1,1,-1,1,0,1,-1",,,3,0,0,0,0
"-1,-1,-1,1,-1,-1,0,0,1,1,1,-1,-1,-1,1,-1,1,-1,1,1,1,1,1,1,-1,-1,-1,1,0,1,-1",,,3,0,0,0,0
"-1,-1,-1,1,-1,-1,-1,-1,-1,-1,1,-1,1,-1,1,-1,1,-1,1,-1,1,-1,1,-1,-1,0,-1,1,1,-1,-1",,,3,0,0,0,0
"1,-1,1,1,1,-1,-1,-1,1,1,1,1,-1,-1,-1,-1,1,1,0,1,1,1,1,-1,-1,-1,-1,1,0,1,-1",,,3,0,0,0,0
"1,-1,1,1,1,-1,1,1,-1,1,1,1,-1,0,1,-1,1,1,0,1,1,1,1,1,-1,-1,-1,1,1,1,1",,,3,0,0,0,0
"1,-1,1,-1,1,-1,1,1,1,1,1,1,-1,0,0,-1,1,1,0,1,1,1,1,1,-1,-1,1,1,0,1,1",,,3,0,0,0,0
"1,-1,1,1,1,-1,-1,-1,-1,1,1,1,1,0,0,-1,1,1,0,1,1,1,1,1,-1,0,-1,1,1,1,-1",,,3,0,0,0,0
"1,1,1,1,1,-1,-1,-1,-1,1,1,1,1,-1,0,1,1,1,0,1,1,1,1,-1,-1,-1,-1,1,1,1,-1",,,3,0,0,0,0
"1,-1,1,1,1,-1,0,1,-1,1,1,1,1,0,-1,-1,1,1,0,1,1,1,1,1,-1,1,-1,1,1,1,1",,,3,0,0,0,0
"1,-1,1,1,1,-1,1,1,1,-1,1,1,-1,0,1,-1,1,1,0,1,1,-1,1,1,-1,1,-1,1,1,1,1",,,3,0,0,0,0
"1,-1,1,1,1,-1,0,1,1,1,1,1,-1,0,-1,-1,1,1,0,1,1,1,1,1,-1,1,-1,1,1,1,1",,,3,0,0,0,0
"1,-1,1,1,1,-1,1,1,1,1,1,1,-1,0,0,-1,1,1,0,1,1,1,1,1,-1,1,1,-1,0,1,1",,,3,0,0,0,0
"1,-1,1,1,1,-1,0,1,1,1,1,1,-1,1,-1,-1,1,1,0,1,1,1,1,-1,-1,0,1,-1,1,1,1",,,3,0,0,0,0
"1,-1,1,1,1,-1,-1,1,-1,-1,1,1,1,0,1,-1,1,1,0,1,1,-1,1,1,-1,0,-1,1,0,1,1",,,3,0,0,0,0
"1,-1,1,-1,1,-1,-1,-1,-1,1,1,1,1,-1,0,-1,1,1,0,1,1,1,1,-1,-1,-1,-1,1,0,1,-1",,,3,0,0,0,0
"-1,-1,-1,1,-1,1,-1,1,1,1,1,-1,-1,1,1,-1,1,-1,1,1,1,1,1,1,-1,1,-1,1,1,1,1",,,3,0,0,0,0
"1,-1,1,-1,1,-1,0,0,1,1,1,1,-1,-1,0,-1,1,1,0,1,1,1,1,1,-1,-1,-1,1,0,1,-1",,,3,0,0,0,0
"1,1,1,1,1,1,-1,1,-1,1,1,1,1,1,0,1,1,1,0,1,1,1,1,1,-1,1,-1,1,1,1,1",,,3,0,0,0,0
"-1,-1,-1,1,-1,-1,-1,1,-1,1,1,-1,1,1,-1,-1,1,-1,1,1,1,1,1,1,1,1,1,1,1,1,1",,,3,0,0,0,0
"1,-1,1,1,1,-1,0,1,-1,-1,-1,1,1,1,-1,-1,-1,1,0,-1,1,-1,1,-1,1,1,-1,1,1,-1,1",,,3,0,0,0,0
"1,-1,1,1,1,-1,0,0,1,1,1,1,1,-1,-1,-1,1,1,0,1,1,1,1,1,-1,-1,-1,1,0,1,-1",,,3,0,0,0,0
"1,-1,1,1,1,-1,0,-1,1,1,1,1,-1,0,-1,-1,1,1,0,1,1,1,1,1,-1,1,-1,1,1,1,-1",,,3,0,0,0,0
"1,-1,1,1,1,-1,-1,1,1,1,1,1,1,0,0,-1,1,1,0,1,1,1,1,1,1,-1,1,1,0,1,1",,,3,0,0,0,0
"1,-1,1,1,1,-1,0,0,-1,1,1,1,1,-1,-1,-1,1,1,0,1,1,1,1,1,-1,0,-1,1,0,1,-1",,,3,0,0,0,0
"1,-1,1,1,1,-1,-1,1,-1,1,1,1,1,0,0,-1,1,1,0,1,1,1,1,1,1,1,-1,1,0,1,1",,,3,0,0,0,0
"1,-1,1,1,1,-1,1,-1,1,1,1,1,-1,0,-1,-1,1,1,0,1,1,1,1,1,-1,1,-1,1,1,1,-1",,,3,0,0,0,0
"-1,-1,-1,1,-1,1,-1,1,-1,1,1,-1,1,0,0,-1,1,-1,1,1,1,1,1,-1,-1,1,-1,1,1,1,1",,,3,0,0,0,0
"1,-1,1,1,1,-1,-1,1,-1,1,1,1,1,0,0,-1,1,1,0,1,1,1,1,1,-1,0,-1,1,1,1,-1",,,3,0,0,0,0
"1,1,1,1,1,-1,-1,-1,-1,1,1,1,1,-1,-1,1,1,1,0,1,1,1,1,-1,-1,-1,-1,1,1,1,-1",,,3,0,0,0,0
"1,-1,1,1,1,-1,0,1,1,1,1,1,-1,0,1,-1,1,1,0,1,1,1,1,1,-1,1,-1,1,1,1,1",,,3,0,0,0,0
"1,-1,1,1,1,-1,0,0,-1,-1,-1,1,-1,-1,-1,-1,-1,1,0,1,1,-1,1,1,-1,1,-1,1,1,1,-1",,,3,0,0,0,0
"-1,1,-1,1,-1,-1,-1,-1,-1,1,1,-1,1,-1,-1,1,1,-1,1,1,1,1,1,-1,-1,1,-1,1,1,1,-1",,,3,0,0,0,0
"1,-1,1,1,1,-1,1,1,1,1,1,1,-1,0,-1,-1,1,1,0,1,1,1,1,-1,-1,0,-1,1,0,1,-1",,,3,0,0,0,0
"1,-1,1,1,1,-1,0,0,1,1,1,1,-1,-1,0,-1,1,1,0,1,1,1,1,1,1,-1,-1,1,0,1,-1",,,3,0,0,0,0
"1,-1,1,-1,1,-1,1,1,-1,1,1,1,1,1,1,-1,1,1,0,1,1,1,1,1,1,1,-1,1,0,1,1",,,3,0,0,0,0
"1,-1,1,1,1,1,1,1,1,1,1,1,-1,0,0,-1,1,1,0,1,1,1,1,1,1,-1,1,1,0,1,1",,,3,0,0,0,0
"1,-1,1,1,1,1,0,1,-1,1,1,1,1,1,1,-1,1,1,0,1,1,1,1,-1,1,1,1,1,0,1,1",,,3,0,0,0,0
"1,-1,1,1,1,-1,-1,-1,-1,-1,-1,1,1,-1,0,-1,-1,1,0,1,1,-1,1,-1,1,-1,-1,1,0,1,-1",,,3,0,0,0,0
"1,-1,1,1,1,-1,0,0,-1,1,1,1,1,-1,0,-1,1,1,0,1,1,1,1,1,1,-1,-1,1,0,1,-1",,,3,0,0,0,0
"1,1,1,1,1,-1,0,0,-1,1,1,1,1,-1,0,1,1,1,0,1,1,1,1,1,-1,1,-1,1,1,1,-1",,,3,0,0,0,0
"1,-1,1,1,1,-1,-1,0,-1,1,1,1,-1,0,-1,-1,1,1,0,1,1,1,1,-1,1,1,-1,1,0,1,-1",,,3,0,0,0,0
"1,-1,1,1,1,-1,1,1,-1,-1,-1,1,-1,1,0,-1,-1,1,0,1,1,-1,-1,1,-1,1,-1,1,0,1,1",,,3,0,0,0,0
"1,1,1,1,1,-1,-1,1,-1,1,1,1,1,0,0,1,1,1,0,1,1,1,1,1,-1,1,1,1,0,1,1",,,3,0,0,0,0
"1,-1,1,1,1,1,-1,1,1,-1,-1,1,-1,1,0,-1,-1,1,0,1,1,-1,-1,-1,1,-1,-1,1,0,1,1",,,3,0,0,0,0
"1,-1,1,1,1,-1,-1,1,1,1,1,1,1,0,0,-1,1,1,0,1,1,1,1,-1,-1,-1,-1,1,1,1,1",,,3,0,0,0,0
"1,-1,1,-1,1,-1,0,-1,-1,1,1,1,1,-1,0,-1,1,1,0,1,1,1,1,-1,-1,-1,-1,1,1,1,-1",,,3,0,0,0,0
"1,1,1,1,1,-1,-1,1,-1,-1,-1,1,1,0,1,1,-1,1,0,1,1,-1,-1,1,-1,1,-1,1,1,1,1",,,3,0,0,0,0
"1,1,1,1,1,-1,0,1,-1,1,1,1,1,0,0,1,1,1,0,1,1,1,1,-1,-1,1,1,1,0,1,1",,,3,0,0,0,0
"1,1,1,1,1,-1,0,-1,-1,1,1,1,1,-1,0,1,1,1,0,1,1,1,1,-1,-1,0,-1,1,1,1,-1",,,3,0,0,0,0
"1,-1,1,1,1,-1,-1,-1,-1,1,1,1,1,-1,-1,-1,1,1,0,1,1,1,1,-1,1,0,-1,1,0,1,-1",,,3,0,0,0,0
"1,-1,1,1,1,-1,1,1,1,1,1,1,1,0,-1,-1,1,1,0,1,1,1,1,1,-1,0,-1,1,1,1,1",,,3,0,0,0,0
"1,-1,1,1,1,-1,1,1,-1,1,1,1,1,0,1,-1,1,1,0,1,1,1,1,1,-1,1,1,1,1,1,1",,,3,0,0,0,0
"1,-1,1,1,1,-1,-1,-1,-1,1,1,1,1,-1,-1,-1,1,1,0,1,1,1,1,-1,-1,-1,-1,1,1,1,-1",,,3,0,0,0,0
"-1,1,-1,1,-1,-1,-1,-1,-1,1,1,-1,1,-1,0,1,1,-1,1,1,1,1,1,-1,-1,1,-1,1,1,1,-1",,,3,0,0,0,0
"1,1,1,1,1,-1,-1,-1,-1,1,1,1,1,-1,-1,1,1,1,0,1,1,1,1,-1,-1,0,-1,1,0,1,-1",,,3,0,0,0,0
"1,-1,1,1,1,-1,0,0,1,1,1,1,-1,-1,1,-1,1,1,0,1,1,1,1,1,-1,-1,-1,1,1,1,-1",,,3,0,0,0,0
"-1,-1,-1,1,-1,-1,-1,-1,1,-1,-1,-1,-1,-1,1,-1,-1,-1,1,1,1,-1,-1,-1,-1,0,-1,1,1,1,-1",,,3,0,0,0,0
"-1,1,-1,1,-1,-1,1,1,-1,1,1,-1,1,0,0,1,1,-1,1,1,1,1,1,1,-1,0,-1,1,1,1,-1",,,3,0,0,0,0
"1,1,1,1,1,-1,-1,-1,-1,1,1,1,1,-1,-1,1,1,1,0,1,1,1,1,-1,-1,-1,-1,1,0,1,-1",,,3,0,0,0,0
"1,-1,1,1,1,-1,0,0,1,1,1,1,-1,-1,-1,-1,1,1,0,1,1,1,1,1,-1,0,-1,1,1,1,-1",,,3,0,0,0,0
"1,-1,1,1,1,-1,-1,1,-1,1,1,1,1,0,0,-1,1,1,0,1,1,1,1,-1,-1,0,-1,1,0,1,-1",,,3,0,0,0,0
"1,-1,1,1,1,-1,0,-1,1,1,1,1,-1,0,1,-1,1,1,0,1,1,1,1,-1,1,1,-1,1,0,1,1",,,3,0,0,0,0
"1,1,1,1,1,-1,0,-1,-1,1,1,1,1,-1,0,1,1,1,0,1,1,1,1,-1,-1,-1,-1,1,0,1,-1",,,3,0,0,0,0
"1,-1,1,1,1,-1,0,1,-1,1,1,1,-1,0,0,-1,1,1,0,1,1,1,1,-1,1,1,1,1,0,1,1",,,3,0,0,0,0
"1,-1,1,1,1,-1,0,1,-1,1,1,1,1,0,0,-1,1,1,0,1,1,1,1,-1,-1,0,-1,1,1,1,-1",,,3,0,0,0,0
"1,1,1,1,1,-1,1,1,-1,1,1,1,1,1,-1,1,1,1,0,1,1,1,1,1,-1,1,-1,1,1,1,1",,,3,0,0,0,0
"1,-1,1,1,1,-1,-1,1,-1,-1,-1,1,1,0,0,-1,-1,1,0,1,1,-1,1,1,-1,1,-1,1,0,1,1",,,3,0,0,0,0
"1,-1,1,1,1,1,-1,1,-1,1,1,1,1,1,1,-1,1,1,0,1,1,1,1,1,-1,1,-1,1,1,1,1",,,3,0,0,0,0
"-1,-1,-1,1,-1,-1,0,1,-1,1,1,-1,1,0,1,-1,1,-1,1,1,1,1,1,1,-1,1,1,1,1,1,1",,,3,0,0,0,0
"1,1,1,-1,1,-1,-1,-1,-1,1,1,1,1,0,1,1,1,1,0,1,1,1,1,1,-1,1,-1,1,0,1,-1",,,3,0,0,0,0
"1,-1,1,1,1,-1,0,-1,-1,1,1,1,-1,0,0,-1,1,1,0,1,1,1,1,1,1,1,-1,1,1,1,1",,,3,0,0,0,0
"1,-1,1,1,1,-1,0,0,1,1,1,1,1,-1,-1,-1,1,1,0,1,1,1,1,1,-1,-1,-1,1,1,1,-1",,,3,0,0,0,0
"-1,-1,-1,1,-1,-1,0,1,1,1,1,-1,-1,0,1,-1,1,-1,1,1,1,1,1,1,1,1,-1,1,1,1,1",,,3,0,0,0,0
"1,-1,1,1,1,-1,-1,1,-1,1,1,1,-1,0,0,-1,1,1,0,1,1,1,1,1,1,1,1,1,0,1,1",,,3,0,0,0,0
"1,-1,1,1,1,-1,-1,-1,1,1,1,1,-1,-1,-1,-1,1,1,0,1,1,1,1,-1,-1,0,-1,1,0,1,-1",,,3,0,0,0,0
"1,-1,1,1,1,-1,0,1,1,1,1,1,-1,0,0,-1,1,1,0,1,1,1,1,1,1,1,-1,1,1,1,1",,,3,0,0,0,0
"-1,1,-1,1,-1,1,-1,1,-1,1,1,-1,1,1,0,1,1,-1,1,1,1,1,1,1,1,1,-1,1,1,1,1",,,3,0,0,0,0
"1,1,1,1,1,1,0,1,-1,1,1,1,1,1,-1,1,1,1,0,1,1,1,1,-1,1,1,1,1,1,1,1",,,3,0,0,0,0
"1,-1,1,1,1,-1,-1,1,-1,1,1,1,1,0,-1,-1,1,1,0,1,1,1,1,1,1,0,-1,1,1,1,1",,,3,0,0,0,0
"1,-1,1,1,1,-1,0,0,-1,-1,-1,1,1,-1,-1,-1,-1,1,0,-1,1,-1,1,1,-1,1,-1,1,1,-1,-1",,,3,0,0,0,0
"1,-1,1,1,1,-1,-1,1,1,1,1,1,1,0,0,-1,1,1,0,1,1,1,1,1,1,1,-1,1,0,1,1",,,3,0,0,0,0
"-1,-1,-1,1,-1,1,1,1,-1,1,1,-1,1,1,0,-1,1,-1,1,1,1,1,1,1,1,1,1,1,1,1,1",,,3,0,0,0,0
"1,-1,1,1,1,-1,0,1,-1,-1,-1,1,1,1,1,-1,-1,1,0,-1,1,-1,1,-1,1,1,-1,1,1,-1,1",,,3,0,0,0,0
"1,1,1,1,1,1,-1,1,-1,1,1,1,1,1,0,1,1,1,0,1,1,1,1,-1,-1,1,-1,1,1,1,1",,,3,0,0,0,0
"1,-1,1,-1,1,-1,-1,1,1,1,1,1,1,0,1,-1,1,1,0,1,1,1,1,-1,1,1,1,1,0,1,1",,,3,0,0,0,0
"1,-1,1,1,1,-1,1,1,-1,-1,-1,1,1,0,-1,-1,-1,1,0,-1,1,-1,1,-1,-1,0,-1,1,0,-1,1",,,3,0,0,0,0
"1,-1,1,1,1,-1,0,1,-1,-1,-1,1,-1,1,1,-1,-1,1,0,1,1,-1,1,-1,-1,1,-1,1,1,1,1",,,3,0,0,0,0
"1,1,1,1,1,-1,0,1,-1,1,1,1,1,0,0,1,1,1,0,1,1,1,1,-1,-1,1,-1,1,0,1,1",,,3,0,0,0,0
"1,-1,1,1,1,-1,-1,-1,-1,1,1,1,-1,0,0,-1,1,1,0,1,1,1,1,-1,-1,0,-1,1,0,1,-1",,,3,0,0,0,0
"1,-1,1,1,1,-1,1,1,1,1,1,1,-1,0,0,-1,1,1,0,1,1,1,1,1,1,1,-1,1,0,1,1",,,3,0,0,0,0
"1,1,1,1,1,-1,0,-1,-1,1,1,1,1,-1,1,1,1,1,0,1,1,1,1,-1,-1,-1,-1,1,1,1,-1",,,3,0,0,0,0
"1,-1,1,1,1,-1,0,0,-1,1,1,1,-1,-1,-1,-1,1,1,0,1,1,1,1,1,-1,-1,-1,1,1,1,-1",,,3,0,0,0,0
"1,-1,1,1,1,-1,-1,1,1,1,1,1,1,0,-1,-1,1,1,0,1,1,1,1,1,-1,1,-1,1,1,1,1",,,3,0,0,0,0
"1,1,1,1,1,-1,-1,1,-1,1,1,1,1,1,1,1,1,1,0,1,1,1,1,1,-1,1,-1,1,1,1,1",,,3,0,0,0,0
"1,-1,1,1,1,-1,-1,1,1,1,1,1,1,1,0,-1,1,1,0,1,1,1,1,1,1,1,1,1,0,1,1",,,3,0,0,0,0
"1,-1,1,-1,1,-1,-1,-1,-1,1,1,1,-1,-1,0,-1,1,1,0,1,1,1,1,-1,-1,-1,-1,1,0,1,-1",,,3,0,0,0,0
"1,1,1,1,1,-1,0,0,-1,1,1,1,1,-1,-1,1,1,1,0,1,1,1,1,1,1,0,-1,1,0,1,-1",,,3,0,0,0,0
"1,-1,1,1,1,-1,1,-1,1,1,1,1,-1,0,0,-1,1,1,0,1,1,1,1,-1,-1,1,-1,1,1,1,1",,,3,0,0,0,0
"1,-1,1,1,1,-1,1,-1,1,1,1,1,-1,0,0,-1,1,1,0,1,1,1,1,1,-1,1,-1,1,1,1,-1",,,3,0,0,0,0
"1,-1,1,1,1,1,1,1,-1,1,1,1,1,0,-1,-1,1,1,0,1,1,1,1,1,1,1,-1,1,0,1,1",,,3,0,0,0,0
"1,-1,1,1,1,-1,-1,1,-1,1,1,1,1,1,0,-1,1,1,0,1,1,1,1,1,1,1,1,1,0,1,1",,,3,0,0,0,0
"1,-1,1,1,1,-1,0,1,-1,1,1,1,1,0,0,-1,1,1,0,1,1,1,1,-1,1,0,-1,1,0,1,-1",,,3,0,0,0,0
"1,-1,1,1,1,-1,-1,1,-1,1,1,1,1,1,0,-1,1,1,0,1,1,1,1,1,-1,-1,1,1,1,1,1",,,3,0,0,0,0
"1,1,1,1,1,1,-1,1,-1,-1,-1,1,1,1,-1,1,-1,1,0,1,1,-1,-1,1,1,1,-1,1,0,-1,1",,,3,0,0,0,0
"1,-1,1,1,1,-1,-1,1,-1,1,1,1,1,0,-1,-1,1,1,0,1,1,1,1,1,1,0,-1,1,0,1,-1",,,3,0,0,0,0
"1,-1,1,1,1,-1,-1,1,1,1,1,1,-1,-1,-1,-1,1,1,0,1,1,1,1,-1,1,-1,-1,1,0,1,-1",,,3,0,0,0,0
"1,-1,1,1,1,-1,-1,-1,-1,-1,-1,1,-1,-1,0,-1,-1,1,0,1,1,-1,-1,-1,1,0,-1,1,0,-1,-1",,,3,0,0,0,0
"1,1,1,1,1,-1,0,0,-1,1,1,1,-1,-1,-1,1,1,1,0,1,1,1,1,1,-1,-1,-1,1,1,1,-1",,,3,0,0,0,0
"1,-1,1,1,1,-1,0,-1,-1,1,1,1,1,1,1,-1,1,1,0,1,1,1,1,1,1,1,1,1,0,1,1",,,3,0,0,0,0
"1,-1,1,1,1,-1,1,-1,1,1,1,1,1,0,0,-1,1,1,0,1,1,1,1,1,-1,-1,1,1,1,1,1",,,3,0,0,0,0
"1,1,1,1,1,1,1,1,-1,1,1,1,1,1,0,1,1,1,0,1,1,1,1,1,1,1,-1,1,0,1,1",,,3,0,0,0,0
"-1,-1,-1,1,-1,-1,-1,-1,-1,1,1,-1,1,-1,-1,-1,1,-1,1,1,1,1,1,-1,-1,1,-1,1,1,1,-1",,,3,0,0,0,0
"1,-1,1,1,1,-1,0,0,1,-1,-1,1,1,-1,0,-1,-1,1,0,1,1,-1,1,1,-1,0,-1,1,0,-1,-1",,,3,0,0,0,0
"1,-1,1,1,1,-1,-1,-1,-1,1,1,1,1,-1,0,-1,1,1,0,1,1,1,1,-1,-1,0,-1,1,1,1,-1",,,3,0,0,0,0
"-1,1,-1,1,-1,-1,-1,1,-1,1,1,-1,1,0,-1,1,1,-1,1,1,1,1,1,1,-1,0,-1,1,1,1,1",,,3,0,0,0,0
"1,-1,1,1,1,-1,0,1,-1,1,1,1,-1,1,0,-1,1,1,0,1,1,1,1,-1,1,1,-1,1,0,1,1",,,3,0,0,0,0
"1,-1,1,1,1,-1,-1,1,-1,1,1,1,1,1,-1,-1,1,1,0,1,1,1,1,-1,1,0,-1,1,0,1,1",,,3,0,0,0,0
"1,-1,1,1,1,-1,1,1,1,1,1,1,1,0,-1,-1,1,1,0,1,1,1,1,1,-1,1,1,1,1,1,1",,,3,0,0,0,0
"1,-1,1,1,1,-1,0,1,-1,1,1,1,1,0,-1,-1,1,1,0,1,1,1,1,-1,1,1,1,1,0,1,1",,,3,0,0,0,0
"1,-1,1,1,1,-1,-1,-1,1,-1,-1,1,1,-1,0,-1,-1,1,0,1,1,-1,1,-1,-1,0,-1,1,0,-1,-1",,,3,0,0,0,0
"1,1,1,1,1,-1,1,1,-1,1,1,1,1,0,0,1,1,1,0,1,1,1,1,1,-1,1,-1,1,0,1,1",,,3,0,0,0,0
"1,-1,1,1,1,-1,0,0,-1,1,1,1,1,-1,0,-1,1,1,0,1,1,1,1,1,1,0,-1,1,0,1,-1",,,3,0,0,0,0
"1,-1,1,1,1,1,-1,1,-1,1,1,1,1,0,-1,-1,1,1,0,1,1,1,1,1,-1,1,-1,1,1,1,1",,,3,0,0,0,0
"1,-1,1,1,1,1,-1,1,-1,1,1,1,1,1,0,-1,1,1,0,1,1,1,1,1,1,1,-1,1,0,1,1",,,3,0,0,0,0
"1,-1,1,1,1,1,1,1,1,1,1,1,-1,1,1,-1,1,1,0,1,1,1,1,1,1,1,-1,1,0,1,1",,,3,0,0,0,0
"1,-1,1,1,1,-1,-1,1,1,-1,-1,1,-1,1,1,-1,-1,1,0,1,1,-1,1,1,-1,1,1,1,1,-1,1",,,3,0,0,0,0
"1,1,1,-1,1,-1,0,0,1,1,1,1,-1,-1,0,1,1,1,0,1,1,1,1,1,1,-1,-1,1,0,1,-1",,,3,0,0,0,0
"1,-1,1,1,1,-1,-1,1,1,1,1,1,-1,0,-1,-1,1,1,0,1,1,1,1,-1,1,1,-1,1,0,1,-1",,,3,0,0,0,0
"1,-1,1,1,1,-1,0,0,-1,1,1,1,1,-1,0,-1,1,1,0,1,1,1,1,1,-1,-1,-1,-1,1,1,-1",,,3,0,0,0,0
"1,-1,1,1,1,-1,-1,1,-1,-1,-1,1,1,0,1,-1,-1,1,0,1,-1,-1,-1,1,-1,1,1,1,1,-1,1",,,3,0,0,0,0
"1,-1,1,1,1,-1,0,-1,1,1,1,1,-1,-1,-1,-1,1,1,0,1,1,1,1,-1,-1,-1,-1,-1,0,1,-1",,,3,0,0,0,0
"1,1,1,1,1,-1,-1,1,1,1,1,1,1,0,0,1,1,1,0,1,1,1,1,1,-1,0,-1,1,1,1,1",,,3,0,0,0,0
"1,1,1,1,1,-1,1,1,-1,1,1,1,1,0,1,1,1,1,0,1,1,1,1,1,1,1,-1,1,0,1,1",,,3,0,0,0,0
"1,-1,1,1,1,-1,1,1,-1,1,1,1,1,0,1,-1,1,1,0,1,1,1,1,1,-1,0,-1,1,1,1,1",,,3,0,0,0,0
"-1,-1,-1,1,-1,1,-1,1,-1,1,1,-1,1,0,0,-1,1,-1,1,1,1,1,1,1,-1,1,-1,1,1,1,1",,,3,0,0,0,0
"1,-1,1,1,1,-1,0,1,-1,-1,-1,1,1,0,0,-1,-1,1,0,1,1,-1,-1,-1,-1,1,1,1,1,-1,1",,,3,0,0,0,0
"1,-1,1,1,1,-1,1,1,-1,1,1,1,1,0,-1,-1,1,1,0,1,1,1,1,1,1,1,-1,1,0,1,1",,,3,0,0,0,0
"-1,1,-1,1,-1,-1,-1,1,-1,1,1,-1,1,1,-1,1,1,-1,1,1,1,1,1,-1,-1,1,-1,1,1,1,1",,,3,0,0,0,0
"1,-1,1,1,1,-1,0,-1,1,1,1,1,1,0,-1,-1,1,1,0,1,1,1,1,-1,1,1,-1,1,0,1,1",,,3,0,0,0,0
"1,-1,1,1,1,-1,-1,1,1,1,1,1,1,0,-1,-1,1,1,0,1,1,1,1,-1,-1,1,-1,1,1,1,1",,,3,0,0,0,0
"1,1,1,1,1,1,-1,1,-1,-1,-1,1,1,1,-1,1,-1,1,0,1,1,-1,-1,-1,1,1,-1,1,0,-1,1",,,3,0,0,0,0
"1,-1,1,-1,1,1,1,1,-1,1,1,1,1,0,1,-1,1,1,0,1,1,1,1,1,1,1,-1,1,0,1,1",,,3,0,0,0,0
"1,1,1,1,1,-1,0,1,-1,1,1,1,1,0,-1,1,1,1,0,1,1,1,1,-1,1,1,-1,1,0,1,1",,,3,0,0,0,0
"1,-1,1,1,1,-1,-1,-1,1,-1,-1,1,-1,-1,0,-1,-1,1,0,1,1,-1,1,-1,-1,-1,-1,-1,0,-1,-1",,,3,0,0,0,0
"1,-1,1,1,1,-1,-1,-1,1,-1,-1,1,-1,0,0,-1,-1,1,0,1,1,-1,1,-1,1,-1,-1,-1,0,-1,-1",,,3,0,0,0,0
"1,1,1,1,1,-1,1,1,-1,-1,-1,1,1,1,-1,1,-1,1,0,1,1,-1,1,1,1,1,-1,1,1,-1,1",,,3,0,0,0,0
"1,-1,1,1,1,1,-1,1,-1,1,1,1,1,0,0,-1,1,1,0,1,1,1,1,1,1,1,1,1,1,1,1",,,3,0,0,0,0
"1,-1,1,1,1,-1,0,1,-1,1,1,1,-1,0,1,-1,1,1,0,1,1,1,1,-1,1,0,-1,1,0,1,-1",,,3,0,0,0,0
"1,1,1,1,1,-1,-1,1,-1,1,1,1,1,-1,-1,1,1,1,0,1,1,1,1,-1,1,0,-1,1,0,1,-1",,,3,0,0,0,0
"1,-1,1,1,1,-1,-1,-1,1,1,1,1,-1,0,-1,-1,1,1,0,1,1,1,1,-1,-1,0,-1,1,0,1,-1",,,3,0,0,0,0
"1,-1,1,1,1,-1,1,1,1,1,1,1,1,0,1,-1,1,1,0,1,1,1,1,1,1,1,1,1,0,1,1",,,3,0,0,0,0
"1,-1,1,1,1,-1,-1,1,1,1,1,1,1,1,1,-1,1,1,0,1,1,1,1,1,1,1,1,1,0,1,1",,,3,0,0,0,0
"1,-1,1,1,1,1,-1,1,-1,-1,-1,1,1,0,1,-1,-1,1,0,1,1,-1,-1,1,1,1,-1,1,1,-1,1",,,3,0,0,0,0
"1,-1,1,1,1,-1,1,1,-1,-1,-1,1,1,0,-1,-1,-1,1,0,1,-1,-1,-1,1,1,1,-1,1,0,-1,1",,,3,0,0,0,0
"1,-1,1,1,1,-1,-1,-1,-1,1,1,1,-1,-1,-1,-1,1,1,0,1,1,1,1,-1,-1,-1,-1,1,0,1,-1",,,3,0,0,0,0
"1,1,1,1,1,-1,-1,1,-1,-1,-1,1,1,0,-1,1,-1,1,0,1,1,-1,1,-1,1,1,-1,1,1,-1,1",,,3,0,0,0,0
"1,-1,1,1,1,-1,-1,1,-1,1,1,1,1,1,0,-1,1,1,0,1,1,1,1,-1,1,1,1,-1,0,1,1",,,3,0,0,0,0
"1,-1,1,1,1,-1,0,-1,-1,1,1,1,-1,-1,-1,-1,1,1,0,1,1,1,1,-1,-1,0,-1,-1,0,1,-1",,,3,0,0,0,0
"1,-1,1,1,1,-1,-1,1,-1,1,1,1,1,0,-1,-1,1,1,0,1,1,1,1,1,1,0,-1,-1,0,1,1",,,3,0,0,0,0
"1,1,1,1,1,1,1,1,-1,1,1,1,1,0,-1,1,1,1,0,1,1,1,1,1,1,0,-1,-1,0,1,1",,,3,0,0,0,0
"-1,-1,-1,1,-1,-1,1,1,-1,1,1,-1,-1,0,-1,-1,1,-1,1,1,1,1,1,1,1,1,-1,1,1,1,1",,,3,0,0,0,0
"1,-1,1,1,1,-1,1,1,-1,1,1,1,1,0,1,-1,1,1,0,1,1,1,1,1,1,-1,-1,1,1,1,1",,,3,0,0,0,0
"1,-1,1,1,1,-1,0,1,-1,1,1,1,-1,0,-1,-1,1,1,0,1,1,1,1,-1,1,1,1,1,0,1,1",,,3,0,0,0,0
"1,1,1,-1,1,-1,1,1,-1,1,1,1,-1,0,1,1,1,1,0,1,1,1,1,1,1,1,1,1,0,1,1",,,3,0,0,0,0
"1,1,1,-1,1,-1,0,-1,-1,1,1,1,1,-1,0,1,1,1,0,1,1,1,1,-1,-1,-1,-1,-1,1,1,-1",,,3,0,0,0,0
"1,-1,1,1,1,-1,-1,1,-1,1,1,1,1,0,1,-1,1,1,0,1,1,1,1,-1,1,0,-1,1,0,1,1",,,3,0,0,0,0
"1,-1,1,1,1,1,1,1,1,1,1,1,-1,1,0,-1,1,1,0,1,1,1,1,1,1,-1,-1,1,1,1,1",,,3,0,0,0,0
"1,-1,1,1,1,1,1,1,-1,1,1,1,1,0,0,-1,1,1,0,1,1,1,1,1,1,1,-1,1,0,1,1",,,3,0,0,0,0
"1,-1,1,1,1,-1,1,-1,-1,1,1,1,1,0,0,-1,1,1,0,1,1,-1,1,1,1,0,-1,1,1,1,1",,,3,0,0,0,0
"1,-1,1,1,1,-1,-1,-1,1,1,1,1,1,0,0,-1,1,1,0,1,1,1,1,-1,1,-1,-1,-1,0,1,-1",,,3,0,0,0,0
"1,1,1,1,1,-1,-1,1,-1,1,1,1,1,1,0,1,1,1,0,1,1,1,1,1,1,1,-1,1,0,1,1",,,3,0,0,0,0
"-1,-1,-1,1,-1,-1,-1,1,-1,1,1,-1,1,0,1,-1,1,-1,1,1,1,1,1,1,1,1,-1,1,1,1,1",,,3,0,0,0,0
"1,-1,1,1,1,-1,-1,1,-1,1,1,1,1,0,-1,-1,1,1,0,1,1,1,1,1,1,1,-1,1,0,1,1",,,3,0,0,0,0
"1,1,1,1,1,-1,-1,1,-1,1,1,1,1,0,0,1,1,1,0,1,1,1,1,-1,1,1,1,1,0,1,1",,,3,0,0,0,0
"1,-1,1,1,1,-1,1,1,1,1,1,1,-1,0,0,-1,1,1,0,1,1,1,1,1,1,1,1,1,0,1,1",,,3,0,0,0,0
"1,-1,1,1,1,1,1,1,-1,1,1,1,1,1,-1,-1,1,1,0,1,1,-1,1,1,1,1,-1,1,0,1,1",,,3,0,0,0,0
"1,-1,1,1,1,-1,-1,-1,-1,1,1,1,1,0,0,-1,1,1,0,1,1,1,1,-1,1,1,-1,1,0,1,-1",,,3,0,0,0,0
"1,-1,1,1,1,-1,-1,1,-1,1,1,1,1,0,-1,-1,1,1,0,1,1,1,1,1,-1,0,-1,1,1,1,1",,,3,0,0,0,0
"-1,-1,-1,1,-1,-1,1,1,1,1,1,-1,1,0,1,-1,1,-1,1,1,1,1,1,1,-1,1,-1,1,1,1,1",,,3,0,0,0,0
"1,-1,1,1,1,-1,-1,1,-1,1,1,1,1,0,-1,-1,1,1,0,1,1,1,1,1,-1,1,-1,-1,1,1,1",,,3,0,0,0,0
"1,-1,1,1,1,-1,-1,-1,1,1,1,1,-1,-1,-1,-1,1,1,0,1,1,1,1,-1,1,-1,-1,1,0,1,-1",,,3,0,0,0,0
"-1,-1,-1,1,-1,-1,-1,1,1,1,1,-1,1,0,1,-1,1,-1,1,1,1,1,1,1,-1,1,1,-1,1,1,1",,,3,0,0,0,0
"1,-1,1,1,1,-1,-1,-1,-1,1,1,1,-1,0,-1,-1,1,1,0,1,1,1,1,-1,1,1,-1,1,0,1,-1",,,3,0,0,0,0
"1,-1,1,1,1,-1,0,-1,-1,1,1,1,1,-1,0,-1,1,1,0,1,1,1,1,-1,1,1,-1,1,0,1,-1",,,3,0,0,0,0
"1,-1,1,1,1,-1,-1,-1,-1,1,1,1,1,0,-1,-1,1,1,0,1,1,1,1,-1,-1,0,-1,1,0,1,-1",,,3,0,0,0,0
"1,-1,1,-1,1,1,1,1,-1,1,1,1,1,1,1,-1,1,1,0,1,1,1,1,1,1,1,1,1,0,1,1",,,3,0,0,0,0
"-1,-1,-1,1,-1,1,1,1,-1,1,1,-1,1,0,-1,-1,1,-1,1,1,1,1,1,1,-1,1,-1,1,1,1,1",,,3,0,0,0,0
"1,-1,1,1,1,-1,-1,-1,-1,1,1,1,1,-1,-1,-1,1,1,0,1,1,1,1,1,-1,0,-1,1,1,1,-1",,,3,0,0,0,0
"1,-1,1,1,1,-1,-1,-1,-1,-1,-1,1,1,-1,0,-1,-1,1,0,1,1,1,1,-1,-1,1,-1,1,0,-1,-1",,,3,0,0,0,0
"1,1,1,1,1,-1,0,0,-1,-1,-1,1,1,-1,0,1,-1,1,0,1,1,1,1,1,-1,0,-1,1,1,-1,-1",,,3,0,0,0,0
"1,-1,1,1,1,-1,-1,1,-1,-1,-1,1,-1,0,-1,-1,-1,1,0,1,1,1,1,1,-1,0,-1,1,1,-1,-1",,,3,0,0,0,0
"1,-1,1,1,1,-1,1,1,-1,1,1,1,1,0,0,-1,1,1,0,1,1,1,1,-1,1,0,-1,1,0,1,1",,,3,0,0,0,0
"1,-1,1,1,1,-1,0,-1,1,1,1,1,-1,-1,0,-1,1,1,0,1,1,1,1,-1,-1,0,-1,1,0,1,-1",,,3,0,0,0,0
"1,-1,1,1,1,-1,-1,-1,1,1,1,1,-1,-1,0,-1,1,1,0,1,1,1,1,-1,1,-1,-1,1,0,1,-1",,,3,0,0,0,0
"1,-1,1,1,1,-1,1,1,1,1,1,1,1,1,0,-1,1,1,0,1,1,1,1,1,1,1,-1,1,0,1,1",,,3,0,0,0,0
"-1,-1,-1,1,-1,1,0,1,-1,1,1,-1,1,1,0,-1,1,-1,1,1,1,1,1,1,-1,1,-1,1,1,1,1",,,3,0,0,0,0
"1,-1,1,1,1,1,0,-1,-1,1,1,1,1,1,1,-1,1,1,0,1,1,1,1,1,1,1,-1,1,0,1,1",,,3,0,0,0,0
"-1,1,-1,1,-1,-1,0,0,-1,1,1,-1,-1,-1,1,1,1,-1,1,1,1,1,1,1,1,-1,-1,1,0,1,-1",,,3,0,0,0,0
"1,-1,1,1,1,-1,1,1,-1,1,1,1,-1,0,0,-1,1,1,0,1,1,1,1,-1,-1,-1,-1,1,1,1,1",,,3,0,0,0,0
"1,-1,1,1,1,-1,0,0,1,1,1,1,-1,-1,0,-1,1,1,0,1,1,1,1,1,1,0,-1,1,0,1,-1",,,3,0,0,0,0
"1,-1,1,1,1,-1,-1,1,-1,-1,-1,1,1,0,-1,-1,-1,1,0,1,-1,-1,-1,1,-1,1,1,1,1,-1,1",,,3,0,0,0,0
"1,-1,1,1,1,-1,0,1,1,1,1,1,-1,1,0,-1,1,1,0,1,1,1,1,-1,1,1,-1,1,0,1,1",,,3,0,0,0,0
"-1,-1,-1,1,-1,-1,0,-1,1,1,1,-1,-1,-1,1,-1,1,-1,1,1,1,1,1,-1,1,-1,-1,1,0,1,-1",,,3,0,0,0,0
"1,-1,1,1,1,-1,-1,1,1,1,1,1,-1,-1,-1,-1,1,1,0,1,1,1,1,-1,1,1,-1,1,0,1,-1",,,3,0,0,0,0
"-1,-1,-1,1,-1,-1,0,1,1,1,1,-1,-1,1,0,-1,1,-1,1,1,1,1,1,-1,-1,1,-1,1,1,1,1",,,3,0,0,0,0
"1,-1,1,1,1,-1,0,-1,1,1,1,1,1,-1,-1,-1,1,1,0,1,1,1,1,-1,1,0,-1,-1,0,1,-1",,,3,0,0,0,0
"1,-1,1,1,1,-1,-1,1,-1,1,1,1,1,1,1,-1,1,1,0,1,1,1,1,1,1,1,1,-1,0,1,1",,,3,0,0,0,0
"1,-1,1,1,1,-1,-1,1,1,1,1,1,-1,0,-1,-1,1,1,0,1,1,1,1,-1,-1,1,-1,1,1,1,-1",,,3,0,0,0,0
"1,1,1,1,1,-1,-1,-1,-1,1,1,1,-1,-1,0,1,1,1,0,1,1,1,1,-1,1,-1,-1,1,0,1,-1",,,3,0,0,0,0
"1,-1,1,1,1,-1,1,1,-1,1,1,1,-1,0,1,-1,1,1,0,1,1,1,1,1,1,1,1,1,0,1,1",,,3,0,0,0,0
"1,-1,1,1,1,-1,0,0,-1,1,1,1,1,-1,-1,-1,1,1,0,1,1,1,1,1,-1,-1,-1,1,1,1,-1",,,3,0,0,0,0
"1,-1,1,1,1,-1,1,-1,-1,-1,-1,1,1,1,1,-1,-1,1,0,1,1,-1,1,1,-1,1,-1,1,1,-1,1",,,3,0,0,0,0
"1,-1,1,1,1,-1,0,0,1,1,1,1,-1,0,0,-1,1,1,0,1,1,1,1,1,1,-1,-1,1,0,1,-1",,,3,0,0,0,0
"-1,1,-1,1,-1,-1,0,0,-1,1,1,-1,1,-1,0,1,1,-1,1,1,1,1,1,1,-1,1,-1,1,1,1,-1",,,3,0,0,0,0
"1,1,1,1,1,-1,0,0,-1,-1,-1,1,1,-1,0,1,-1,1,0,1,1,-1,1,1,1,0,-1,1,0,-1,-1",,,3,0,0,0,0
"1,-1,1,1,1,-1,-1,-1,1,1,1,1,-1,0,-1,-1,1,1,0,1,1,1,1,1,-1,1,-1,1,1,1,1",,,3,0,0,0,0
"1,-1,1,-1,1,-1,-1,-1,1,1,1,1,-1,-1,0,-1,1,1,0,1,1,1,1,-1,1,-1,-1,1,0,1,-1",,,3,0,0,0,0
"1,-1,1,1,1,-1,-1,-1,1,1,1,1,-1,0,-1,-1,1,1,0,1,1,1,1,-1,1,1,-1,1,0,1,-1",,,3,0,0,0,0
"1,1,1,1,1,-1,0,1,-1,-1,-1,1,1,0,0,1,-1,1,0,1,1,-1,1,-1,1,1,-1,1,0,-1,1",,,3,0,0,0,0
"1,-1,1,1,1,-1,-1,-1,1,1,1,1,-1,-1,0,-1,1,1,0,1,1,1,1,-1,-1,0,-1,1,1,1,-1",,,3,0,0,0,0
"1,-1,1,1,1,-1,-1,-1,-1,1,1,1,1,-1,0,-1,1,1,0,1,1,1,1,1,-1,-1,-1,1,0,1,-1",,,3,0,0,0,0
"1,1,1,1,1,-1,-1,-1,-1,-1,-1,1,1,-1,0,1,-1,1,0,1,1,-1,1,-1,-1,1,-1,1,1,-1,-1",,,3,0,0,0,0
"1,1,1,1,1,-1,0,0,-1,-1,-1,1,-1,-1,0,1,-1,1,0,1,1,-1,1,1,-1,-1,-1,1,0,-1,-1",,,3,0,0,0,0
"1,-1,1,1,1,-1,0,-1,-1,1,1,1,1,-1,0,-1,1,1,0,1,1,-1,1,-1,-1,-1,-1,1,0,1,-1",,,3,0,0,0,0
"1,-1,1,1,1,1,1,1,1,1,1,1,-1,1,-1,-1,1,1,0,1,1,-1,1,1,1,1,-1,1,0,1,1",,,3,0,0,0,0
"1,-1,1,1,1,-1,-1,1,1,1,1,1,-1,0,0,-1,1,1,0,1,1,1,1,-1,-1,1,-1,1,1,1,1",,,3,0,0,0,0
"-1,-1,-1,1,-1,-1,1,1,1,1,1,-1,-1,0,0,-1,1,-1,1,1,1,1,1,1,-1,1,-1,-1,1,1,1",,,3,0,0,0,0
"1,-1,1,1,1,-1,-1,1,1,1,1,1,-1,0,0,-1,1,1,0,1,1,1,1,1,1,1,-1,-1,0,1,1",,,3,0,0,0,0
"1,-1,1,1,1,-1,-1,-1,-1,-1,-1,1,-1,-1,0,-1,-1,1,0,1,1,-1,1,-1,-1,-1,-1,1,0,-1,-1",,,3,0,0,0,0
"1,-1,1,1,1,1,-1,1,-1,-1,-1,1,-1,1,0,-1,-1,1,0,1,1,1,1,1,1,1,-1,1,0,-1,1",,,3,0,0,0,0
"1,1,1,1,1,-1,-1,1,-1,-1,-1,1,1,0,-1,1,-1,1,0,1,1,-1,1,-1,-1,1,-1,1,1,-1,1",,,3,0,0,0,0
"1,-1,1,1,1,1,-1,1,-1,-1,-1,1,-1,1,-1,-1,-1,1,0,1,1,-1,1,1,1,1,-1,1,0,-1,1",,,3,0,0,0,0
"1,-1,1,1,1,1,1,1,-1,1,1,1,1,0,1,-1,1,1,0,1,1,1,1,1,-1,-1,-1,1,1,1,1",,,3,0,0,0,0
"1,-1,1,1,1,-1,-1,-1,-1,-1,-1,1,1,0,-1,-1,-1,1,0,1,1,-1,1,-1,-1,0,-1,1,0,-1,-1",,,3,0,0,0,0
"1,-1,1,1,1,1,0,1,-1,1,1,1,1,0,0,-1,1,1,0,1,1,-1,1,-1,-1,1,-1,1,1,1,1",,,3,0,0,0,0
"1,-1,1,1,1,1,-1,1,-1,-1,-1,1,1,1,-1,-1,-1,1,0,1,1,-1,1,1,1,1,-1,1,1,-1,1",,,3,0,0,0,0
"1,-1,1,1,1,-1,0,0,1,1,1,1,-1,-1,0,-1,1,1,0,1,1,1,1,1,-1,-1,-1,1,0,1,-1",,,3,0,0,0,0
"1,-1,1,1,1,-1,-1,-1,-1,-1,-1,1,1,-1,-1,-1,-1,1,0,1,1,1,1,-1,-1,1,-1,1,1,-1,-1",,,3,0,0,0,0
"1,-1,1,1,1,-1,1,1,-1,-1,-1,1,1,0,-1,-1,-1,1,0,1,1,1,1,1,1,1,-1,1,0,-1,1",,,3,0,0,0,0
"1,1,1,1,1,-1,1,1,-1,-1,-1,1,1,1,0,1,-1,1,0,1,1,-1,1,1,1,1,1,1,1,-1,1",,,3,0,0,0,0
"1,1,1,1,1,-1,1,1,-1,1,1,1,1,1,0,1,1,1,0,1,1,1,1,1,1,1,-1,1,0,1,1",,,3,0,0,0,0
"1,-1,1,1,1,-1,-1,1,1,1,1,1,-1,0,0,-1,1,1,0,1,1,1,1,1,1,1,-1,1,0,1,1",,,3,0,0,0,0
"1,1,1,1,1,1,-1,1,-1,1,1,1,1,1,0,1,1,1,0,1,1,1,1,-1,1,1,-1,1,0,1,1",,,3,0,0,0,0
"1,-1,1,1,1,-1,0,0,-1,-1,-1,1,-1,-1,0,-1,-1,1,0,1,1,-1,1,1,-1,0,-1,1,0,-1,-1",,,3,0,0,0,0
"1,-1,1,1,1,-1,1,1,1,1,1,1,-1,0,-1,-1,1,1,0,1,1,1,1,1,1,1,-1,-1,0,1,1",,,3,0,0,0,0
"1,1,1,1,1,-1,-1,1,-1,-1,-1,1,1,0,0,1,-1,1,0,1,1,1,1,-1,1,1,1,1,0,-1,1",,,3,0,0,0,0
"1,-1,1,1,1,-1,-1,1,-1,1,1,1,1,0,1,-1,1,1,0,1,1,1,1,1,1,1,-1,1,0,1,1",,,3,0,0,0,0
"1,-1,1,1,1,-1,0,0,1,-1,-1,1,-1,-1,1,-1,-1,1,0,1,1,-1,1,1,-1,-1,-1,1,0,-1,-1",,,3,0,0,0,0
"-1,-1,-1,1,-1,-1,-1,1,1,1,1,-1,-1,0,-1,-1,1,-1,1,1,1,1,1,1,1,1,1,1,1,1,1",,,3,0,0,0,0
"1,-1,1,1,1,-1,0,0,1,-1,-1,1,-1,-1,1,-1,-1,1,0,1,1,-1,1,1,1,-1,-1,1,0,-1,-1",,,3,0,0,0,0
"1,-1,1,1,1,-1,-1,-1,1,1,1,1,1,0,0,-1,1,1,0,1,1,1,1,-1,1,1,-1,1,1,1,-1",,,3,0,0,0,0
"1,-1,1,1,1,-1,-1,1,-1,1,1,1,1,0,0,-1,1,1,0,1,1,1,1,-1,1,0,-1,1,0,1,1",,,3,0,0,0,0
"1,-1,1,1,1,-1,-1,-1,-1,1,1,1,-1,0,-1,-1,1,1,0,1,1,1,1,-1,-1,1,-1,1,0,1,-1",,,3,0,0,0,0
"1,1,1,-1,1,-1,-1,-1,-1,1,1,1,1,-1,0,1,1,1,0,1,1,1,1,-1,-1,-1,-1,1,0,1,-1",,,3,0,0,0,0
"1,-1,1,1,1,-1,-1,-1,-1,-1,-1,1,-1,-1,0,-1,-1,1,0,1,1,-1,1,-1,-1,0,-1,1,1,-1,-1",,,3,0,0,0,0
"-1,-1,-1,1,-1,-1,-1,-1,-1,-1,-1,-1,-1,-1,1,-1,-1,-1,1,1,1,-1,1,-1,-1,0,-1,1,1,-1,-1",,,3,0,0,0,0
"1,-1,1,-1,1,1,-1,1,-1,1,1,1,1,1,1,-1,1,1,0,1,1,1,1,1,1,1,-1,1,0,1,1",,,3,0,0,0,0
"1,-1,1,1,1,-1,-1,1,1,-1,-1,1,-1,0,0,-1,-1,1,0,1,1,-1,1,1,1,1,1,1,1,-1,1",,,3,0,0,0,0
"1,-1,1,1,1,-1,1,1,-1,1,1,1,1,0,-1,-1,1,1,0,1,1,1,1,1,1,0,-1,1,0,1,-1",,,3,0,0,0,0
"1,-1,1,1,1,-1,0,0,1,1,1,1,-1,-1,0,-1,1,1,0,1,1,1,1,1,1,-1,-1,-1,0,1,-1",,,3,0,0,0,0
"1,-1,1,1,1,-1,1,1,-1,1,1,1,1,1,-1,-1,1,1,0,1,1,1,1,1,1,1,1,-1,1,1,1",,,3,0,0,0,0
"-1,1,-1,1,-1,1,0,-1,-1,-1,-1,-1,1,1,1,1,-1,-1,1,1,-1,-1,-1,-1,1,0,-1,-1,1,-1,1",,,3,0,0,0,0
"1,-1,1,1,1,-1,0,0,1,1,1,1,1,-1,0,-1,1,1,0,1,1,1,1,1,1,-1,-1,1,0,1,-1",,,3,0,0,0,0
"1,-1,1,1,1,-1,1,1,-1,1,1,1,-1,1,0,-1,1,1,0,1,1,1,1,1,1,-1,-1,-1,1,1,1",,,3,0,0,0,0
"1,-1,1,1,1,-1,1,1,-1,1,1,1,1,0,0,-1,1,1,0,1,1,1,1,-1,-1,0,-1,-1,1,1,1",,,3,0,0,0,0
"-1,-1,-1,1,-1,-1,0,-1,-1,-1,-1,-1,-1,-1,1,-1,-1,-1,1,1,1,-1,-1,-1,-1,1,-1,1,1,-1,-1",,,3,0,0,0,0
"1,-1,1,1,1,-1,-1,-1,-1,1,1,1,1,-1,0,-1,1,1,0,1,1,1,1,-1,1,0,-1,1,0,1,-1",,,3,0,0,0,0
"1,-1,1,1,1,-1,0,1,-1,1,1,1,1,0,1,-1,1,1,0,1,1,1,1,-1,1,1,1,1,0,1,1",,,3,0,0,0,0
"1,-1,1,1,1,-1,-1,-1,-1,-1,-1,1,1,-1,0,-1,-1,1,0,-1,1,-1,1,-1,-1,0,-1,1,0,-1,-1",,,3,0,0,0,0
"1,-1,1,1,1,-1,1,-1,1,1,1,1,-1,-1,-1,-1,1,1,0,1,1,1,1,-1,-1,-1,-1,1,0,1,-1",,,3,0,0,0,0
"-1,1,-1,1,-1,-1,0,1,-1,-1,-1,-1,-1,0,1,1,-1,-1,1,-1,1,-1,1,-1,-1,-1,1,1,1,-1,1",,,3,0,0,0,0
"1,-1,1,1,1,-1,1,1,1,1,1,1,-1,0,1,-1,1,1,0,1,1,1,1,1,1,1,-1,1,0,1,1",,,3,0,0,0,0
"1,-1,1,1,1,-1,1,1,1,1,1,1,-1,-1,0,-1,1,1,0,1,1,1,1,1,-1,-1,-1,-1,0,1,-1",,,3,0,0,0,0
"1,1,1,1,1,1,-1,1,-1,1,1,1,1,0,0,1,1,1,0,1,1,1,1,-1,-1,1,-1,1,1,1,1",,,3,0,0,0,0
"1,-1,1,1,1,-1,-1,-1,1,1,1,1,-1,0,0,-1,1,1,0,1,1,1,1,1,-1,1,-1,-1,1,1,-1",,,3,0,0,0,0
"1,-1,1,1,1,1,1,1,-1,1,1,1,1,0,1,-1,1,1,0,1,1,1,1,1,-1,1,-1,1,0,1,1",,,3,0,0,0,0
"1,-1,1,1,1,-1,-1,1,1,1,1,1,-1,0,-1,-1,1,1,0,1,1,1,1,-1,-1,0,-1,1,0,1,-1",,,3,0,0,0,0
"1,-1,1,1,1,-1,0,0,1,-1,-1,1,-1,-1,-1,-1,-1,1,0,-1,1,-1,1,1,-1,1,-1,1,1,-1,-1",,,3,0,0,0,0
"1,-1,1,1,1,-1,0,1,-1,1,1,1,-1,0,-1,-1,1,1,0,1,1,1,1,1,-1,1,-1,1,1,1,1",,,3,0,0,0,0
"1,-1,1,1,1,-1,1,1,-1,1,1,1,-1,0,0,-1,1,1,0,1,1,1,1,1,1,1,1,1,0,1,1",,,3,0,0,0,0
"1,-1,1,-1,1,-1,-1,-1,1,1,1,1,-1,-1,0,-1,1,1,0,1,1,1,1,-1,-1,-1,-1,-1,0,1,-1",,,3,0,0,0,0
"1,-1,1,1,1,-1,-1,-1,1,1,1,1,-1,-1,-1,-1,1,1,0,1,1,1,1,-1,-1,0,-1,-1,0,1,-1",,,3,0,0,0,0
"1,-1,1,1,1,-1,1,1,1,1,1,1,-1,0,-1,-1,1,1,0,1,1,1,1,1,1,-1,-1,1,0,1,1",,,3,0,0,0,0
"1,-1,1,1,1,-1,0,0,1,1,1,1,-1,-1,0,-1,1,1,0,1,1,1,1,1,1,1,-1,-1,0,1,-1",,,3,0,0,0,0
"1,-1,1,1,1,-1,1,1,-1,1,1,1,1,0,0,-1,1,1,0,1,1,1,1,1,1,1,1,-1,0,1,1",,,3,0,0,0,0
"1,-1,1,1,1,-1,-1,-1,-1,1,1,1,1,-1,-1,-1,1,1,0,1,1,1,1,-1,1,1,-1,1,0,1,-1",,,3,0,0,0,0
"1,-1,1,1,1,-1,0,1,1,1,1,1,-1,1,-1,-1,1,1,0,1,1,1,1,-1,-1,1,-1,1,1,1,1",,,3,0,0,0,0
"1,-1,1,1,1,-1,1,1,1,1,1,1,-1,0,-1,-1,1,1,0,1,1,1,1,1,1,-1,1,1,0,1,1",,,3,0,0,0,0
"1,-1,1,1,1,1,-1,1,1,1,1,1,-1,0,1,-1,1,1,0,1,1,1,1,1,-1,1,-1,1,1,1,1",,,3,0,0,0,0
"1,-1,1,1,1,-1,-1,1,-1,1,1,1,1,0,0,-1,1,1,0,1,1,1,1,1,1,0,-1,1,0,1,1",,,3,0,0,0,0
"1,1,1,1,1,-1,-1,-1,1,1,1,1,1,0,0,1,1,1,0,1,1,1,1,1,-1,1,-1,-1,1,1,-1",,,3,0,0,0,0
"-1,-1,-1,1,-1,-1,0,0,-1,-1,-1,-1,-1,-1,1,-1,-1,-1,1,-1,1,-1,1,1,-1,-1,-1,1,1,-1,-1",,,3,0,0,0,0
"1,-1,1,1,1,-1,1,1,-1,1,1,1,1,0,0,-1,1,1,0,1,1,1,1,1,1,0,-1,1,0,1,1",,,3,0,0,0,0
"1,-1,1,1,1,-1,-1,1,-1,1,1,1,1,0,0,-1,1,1,0,1,1,1,1,-1,-1,1,1,1,1,1,1",,,3,0,0,0,0
"1,-1,1,1,1,-1,-1,1,-1,1,1,1,1,0,0,-1,1,1,0,1,1,1,1,-1,1,0,-1,1,0,1,-1",,,3,0,0,0,0
"1,1,1,1,1,-1,0,1,-1,1,1,1,1,1,0,1,1,1,0,1,1,1,1,-1,1,1,-1,1,0,1,1",,,3,0,0,0,0
"1,-1,1,1,1,-1,-1,-1,-1,1,1,1,1,0,-1,-1,1,1,0,1,1,1,1,-1,-1,-1,1,1,1,1,-1",,,3,0,0,0,0
"1,-1,1,1,1,-1,-1,-1,-1,1,1,1,1,0,0,-1,1,1,0,1,1,1,1,-1,1,0,-1,1,0,1,-1",,,3,0,0,0,0
"1,-1,1,1,1,-1,0,1,-1,-1,-1,1,1,0,-1,-1,-1,1,0,-1,1,-1,-1,-1,-1,1,1,1,1,-1,1",,,3,0,0,0,0
"1,-1,1,1,1,-1,-1,1,-1,-1,-1,1,1,-1,1,-1,-1,1,0,-1,1,-1,-1,1,-1,1,-1,1,1,-1,1",,,3,0,0,0,0
"1,-1,1,1,1,-1,1,1,1,-1,-1,1,-1,0,1,-1,-1,1,0,-1,1,-1,-1,1,-1,1,-1,1,1,-1,-1",,,3,0,0,0,0
"-1,-1,-1,1,-1,-1,1,1,1,1,1,-1,-1,0,1,-1,1,-1,1,1,1,1,1,1,-1,-1,-1,1,0,1,1",,,3,0,0,0,0
"-1,-1,-1,1,-1,-1,0,-1,-1,-1,-1,-1,-1,-1,1,-1,-1,-1,1,-1,1,-1,1,-1,-1,0,-1,1,1,-1,-1",,,3,0,0,0,0
"1,-1,1,1,1,-1,-1,1,-1,-1,-1,1,1,0,-1,-1,-1,1,0,-1,1,-1,1,-1,-1,1,1,1,1,-1,1",,,3,0,0,0,0
"-1,-1,-1,1,-1,-1,0,1,-1,1,1,-1,1,0,0,-1,1,-1,1,1,1,1,1,1,-1,1,-1,1,1,1,1",,,3,0,0,0,0
"1,-1,1,1,1,-1,1,1,-1,-1,-1,1,1,1,-1,-1,-1,1,0,-1,1,-1,1,1,1,1,-1,-1,0,-1,1",,,3,0,0,0,0
"1,-1,1,1,1,-1,-1,-1,-1,1,1,1,-1,0,-1,-1,1,1,0,1,1,1,1,1,1,-1,1,1,0,1,-1",,,3,0,0,0,0
"1,-1,1,1,1,-1,-1,1,1,1,1,1,1,0,0,-1,1,1,0,1,1,1,1,1,-1,-1,-1,1,1,1,1",,,3,0,0,0,0
"1,-1,1,1,1,-1,-1,1,-1,1,1,1,-1,0,-1,-1,1,1,0,1,1,1,1,-1,1,1,-1,1,0,1,-1",,,3,0,0,0,0
"1,-1,1,1,1,-1,-1,1,-1,-1,-1,1,1,1,-1,-1,-1,1,0,-1,1,-1,-1,-1,-1,1,1,1,0,-1,1",,,3,0,0,0,0
"1,-1,1,1,1,-1,0,1,1,1,1,1,-1,-1,-1,-1,1,1,0,1,1,1,1,-1,-1,0,-1,1,0,1,-1",,,3,0,0,0,0
"1,-1,1,1,1,-1,1,1,1,-1,-1,1,-1,1,-1,-1,-1,1,0,-1,1,-1,-1,1,1,1,-1,1,0,-1,1",,,3,0,0,0,0
"1,-1,1,1,1,-1,0,1,-1,1,1,1,1,0,-1,-1,1,1,0,1,1,1,1,-1,1,1,-1,1,0,1,1",,,3,0,0,0,0
"1,1,1,1,1,-1,1,1,-1,1,1,1,1,1,-1,1,1,1,0,1,1,1,1,1,1,1,1,-1,0,1,1",,,3,0,0,0,0
"1,-1,1,1,1,-1,-1,-1,-1,-1,-1,1,1,-1,0,-1,-1,1,0,-1,1,-1,-1,-1,-1,0,-1,1,1,-1,-1",,,3,0,0,0,0
"1,1,1,1,1,-1,0,1,-1,1,1,1,1,1,1,1,1,1,0,1,1,1,1,-1,1,1,1,-1,0,1,1",,,3,0,0,0,0
"1,1,1,1,1,1,-1,1,-1,-1,-1,1,1,0,-1,1,-1,1,0,-1,-1,-1,-1,1,-1,1,-1,1,1,-1,1",,,3,0,0,0,0
"1,-1,1,1,1,-1,1,-1,-1,1,1,1,1,-1,-1,-1,1,1,0,1,1,1,1,1,1,0,-1,1,0,1,-1",,,3,0,0,0,0
"1,-1,1,1,1,-1,1,-1,-1,1,1,1,-1,-1,0,-1,1,1,0,1,1,1,1,1,1,-1,-1,1,0,1,-1",,,3,0,0,0,0
"1,-1,1,1,1,1,0,1,1,-1,-1,1,-1,1,-1,-1,-1,1,0,-1,-1,-1,-1,-1,-1,1,-1,1,1,-1,1",,,3,0,0,0,0
"1,-1,1,1,1,-1,-1,-1,-1,1,1,1,-1,0,0,-1,1,1,0,1,1,1,1,-1,-1,-1,1,1,1,1,-1",,,3,0,0,0,0
"1,-1,1,1,1,-1,1,1,1,1,1,1,-1,-1,-1,-1,1,1,0,1,1,1,1,1,1,-1,-1,1,0,1,-1",,,3,0,0,0,0
"1,-1,1,1,1,-1,-1,-1,1,1,1,1,1,0,-1,-1,1,1,0,1,1,1,1,-1,-1,1,-1,1,0,1,-1",,,3,0,0,0,0
"1,-1,1,1,1,-1,0,0,1,1,1,1,-1,0,0,-1,1,1,0,1,1,1,1,1,-1,-1,1,1,0,1,-1",,,3,0,0,0,0
"1,-1,1,1,1,-1,-1,1,1,1,1,1,-1,0,-1,-1,1,1,0,1,1,1,1,-1,-1,1,-1,1,0,1,-1",,,3,0,0,0,0
"1,-1,1,1,1,-1,0,-1,-1,1,1,1,-1,-1,0,-1,1,1,0,1,1,1,1,-1,-1,1,-1,-1,0,1,-1",,,3,0,0,0,0
"1,1,1,1,1,-1,0,1,-1,1,1,1,1,0,1,1,1,1,0,1,1,1,1,-1,1,1,-1,1,0,1,1",,,3,0,0,0,0
"1,-1,1,1,1,-1,0,0,1,1,1,1,-1,1,-1,-1,1,1,0,1,1,1,1,1,-1,-1,-1,-1,1,1,-1",,,3,0,0,0,0
"1,1,1,1,1,-1,-1,1,-1,1,1,1,1,0,1,1,1,1,0,1,1,1,1,1,1,1,-1,1,0,1,1",,,3,0,0,0,0
"1,-1,1,1,1,1,1,1,1,-1,-1,1,-1,1,0,-1,-1,1,0,-1,1,-1,-1,1,1,1,-1,1,0,-1,1",,,3,0,0,0,0
"1,1,1,1,1,-1,0,0,-1,1,1,1,1,-1,0,1,1,1,0,1,1,1,1,1,-1,0,-1,1,0,1,-1",,,3,0,0,0,0
"1,-1,1,1,1,-1,1,1,-1,1,1,1,1,0,-1,-1,1,1,0,1,1,1,1,1,-1,0,-1,1,0,1,-1",,,3,0,0,0,0
"1,-1,1,1,1,-1,1,1,-1,1,1,1,-1,1,0,-1,1,1,0,1,1,1,1,1,1,1,-1,1,0,1,1",,,3,0,0,0,0
"1,-1,1,1,1,-1,0,-1,1,1,1,1,-1,-1,-1,-1,1,1,0,1,1,1,1,-1,-1,-1,-1,-1,1,1,-1",,,3,0,0,0,0
"1,-1,1,1,1,-1,0,-1,-1,-1,-1,1,1,-1,0,-1,-1,1,0,-1,1,-1,-1,-1,-1,-1,-1,1,0,-1,-1",,,3,0,0,0,0
"1,-1,1,1,1,-1,0,-1,1,1,1,1,-1,0,-1,-1,1,1,0,1,1,1,1,-1,-1,1,-1,1,1,1,1",,,3,0,0,0,0
"1,-1,1,1,1,-1,-1,-1,-1,1,1,1,-1,1,0,-1,1,1,0,1,1,1,1,-1,-1,-1,-1,-1,1,1,-1",,,3,0,0,0,0
"1,-1,1,1,1,-1,-1,1,-1,1,1,1,1,0,-1,-1,1,1,0,1,1,1,1,-1,1,0,-1,1,0,1,1",,,3,0,0,0,0
"1,-1,1,1,1,-1,-1,-1,1,1,1,1,-1,0,-1,-1,1,1,0,1,1,1,1,-1,1,1,-1,-1,0,1,-1",,,3,0,0,0,0
"1,-1,1,1,1,-1,-1,-1,1,1,1,1,-1,-1,0,-1,1,1,0,1,1,1,1,-1,-1,-1,-1,-1,1,1,-1",,,3,0,0,0,0
"1,1,1,1,1,-1,1,1,-1,1,1,1,1,0,0,1,1,1,0,1,1,1,1,1,1,-1,1,1,0,1,1",,,3,0,0,0,0
"1,-1,1,1,1,-1,-1,-1,1,1,1,1,-1,-1,-1,-1,1,1,0,1,1,1,1,-1,-1,0,-1,1,1,1,-1",,,3,0,0,0,0
"1,-1,1,1,1,-1,1,1,1,1,1,1,-1,-1,-1,-1,1,1,0,1,1,1,1,1,-1,-1,-1,1,1,1,-1",,,3,0,0,0,0
"1,1,1,1,1,-1,-1,-1,-1,1,1,1,1,-1,0,1,1,1,0,1,1,1,1,-1,1,-1,-1,1,0,1,-1",,,3,0,0,0,0
"1,-1,1,1,1,-1,0,-1,-1,1,1,1,-1,1,1,-1,1,1,0,1,1,1,1,-1,-1,-1,-1,1,1,1,1",,,3,0,0,0,0
"-1,-1,-1,1,-1,-1,1,-1,-1,1,1,-1,1,0,0,-1,1,-1,1,1,1,1,1,1,1,1,1,1,1,1,1",,,3,0,0,0,0
"1,-1,1,1,1,1,-1,1,1,-1,-1,1,-1,0,1,-1,-1,1,0,-1,1,-1,-1,1,1,1,-1,1,1,-1,1",,,3,0,0,0,0
"1,-1,1,1,1,-1,-1,1,-1,1,1,1,-1,0,-1,-1,1,1,0,1,1,1,1,-1,1,0,-1,-1,0,1,-1",,,3,0,0,0,0
"1,-1,1,1,1,-1,0,-1,-1,1,1,1,1,-1,0,-1,1,1,0,1,1,1,1,-1,1,0,-1,-1,1,1,-1",,,3,0,0,0,0
"1,-1,1,1,1,-1,-1,-1,1,1,1,1,-1,-1,-1,-1,1,1,0,1,1,1,1,-1,1,0,-1,-1,0,1,-1",,,3,0,0,0,0
"1,-1,1,1,1,-1,1,1,-1,1,1,1,1,1,0,-1,1,1,0,1,1,1,1,1,1,0,-1,1,0,1,1",,,3,0,0,0,0
"1,-1,1,-1,1,-1,1,1,1,1,1,1,1,0,1,-1,1,1,0,1,1,1,1,1,1,1,1,1,0,1,1",,,3,0,0,0,0
"1,-1,1,-1,1,1,-1,1,1,1,1,1,-1,1,1,-1,1,1,0,1,1,1,1,1,1,1,1,1,0,1,1",,,3,0,0,0,0
"-1,-1,-1,1,-1,-1,0,-1,1,-1,-1,-1,-1,-1,1,-1,-1,-1,1,-1,1,-1,-1,-1,-1,-1,-1,-1,1,-1,-1",,,3,0,0,0,0
"1,-1,1,1,1,-1,0,-1,1,1,1,1,-1,-1,-1,-1,1,1,0,1,1,1,1,-1,-1,0,-1,-1,0,1,-1",,,3,0,0,0,0
"1,-1,1,1,1,-1,-1,-1,1,1,1,1,-1,-1,-1,-1,1,1,0,1,1,1,1,-1,-1,-1,-1,-1,1,1,-1",,,3,0,0,0,0
"-1,-1,-1,1,-1,-1,-1,1,-1,1,1,-1,1,1,0,-1,1,-1,1,1,1,1,1,1,1,1,-1,1,1,1,1",,,3,0,0,0,0
"1,-1,1,1,1,-1,1,-1,1,1,1,1,-1,0,-1,-1,1,1,0,1,1,1,1,-1,-1,1,-1,1,0,1,-1",,,3,0,0,0,0
"1,-1,1,1,1,-1,-1,-1,-1,-1,-1,1,1,0,1,-1,-1,1,0,-1,1,-1,-1,1,1,0,-1,1,1,-1,1",,,3,0,0,0,0
"1,-1,1,1,1,-1,0,0,1,-1,-1,1,1,-1,0,-1,-1,1,0,-1,1,-1,-1,1,1,0,-1,-1,0,-1,-1",,,3,0,0,0,0
"1,-1,1,1,1,-1,1,1,-1,1,1,1,-1,1,-1,-1,1,1,0,1,1,1,1,1,1,1,-1,-1,0,1,1",,,3,0,0,0,0
"1,-1,1,1,1,-1,-1,-1,1,-1,-1,1,-1,0,0,-1,-1,1,0,-1,-1,-1,-1,-1,1,-1,-1,1,0,-1,-1",,,3,0,0,0,0
"1,-1,1,1,1,1,-1,1,-1,-1,-1,1,1,1,1,-1,-1,1,0,-1,-1,-1,-1,1,1,1,-1,1,1,-1,1",,,3,0,0,0,0
"1,-1,1,1,1,-1,0,1,-1,1,1,1,1,0,1,-1,1,1,0,1,1,1,1,-1,1,1,1,1,1,1,1",,,3,0,0,0,0
"1,-1,1,1,1,1,-1,1,-1,1,1,1,1,0,0,-1,1,1,0,1,1,1,1,1,1,1,-1,1,1,1,1",,,3,0,0,0,0
"-1,-1,-1,1,-1,-1,0,1,-1,1,1,-1,1,1,1,-1,1,-1,1,1,1,1,1,1,1,1,-1,1,1,1,1",,,3,0,0,0,0
"1,-1,1,1,1,1,-1,1,-1,-1,-1,1,-1,1,1,-1,-1,1,0,-1,-1,-1,-1,1,1,1,-1,1,1,-1,1",,,3,0,0,0,0
"1,-1,1,1,1,-1,1,1,1,1,1,1,-1,0,-1,-1,1,1,0,1,1,1,1,1,1,0,-1,1,0,1,1",,,3,0,0,0,0
"1,-1,1,1,1,1,0,1,-1,1,1,1,1,1,0,-1,1,1,0,1,1,1,1,1,1,1,-1,1,1,1,1",,,3,0,0,0,0
"1,1,1,1,1,-1,-1,1,-1,1,1,1,1,0,1,1,1,1,0,1,1,1,1,1,1,1,1,1,0,1,1",,,3,0,0,0,0
"1,-1,1,1,1,-1,0,-1,-1,1,1,1,-1,-1,1,-1,1,1,0,1,1,1,1,-1,-1,-1,-1,1,1,1,-1",,,3,0,0,0,0
"1,1,1,-1,1,-1,-1,-1,-1,1,1,1,1,0,1,1,1,1,0,1,1,1,1,1,1,1,-1,1,0,1,1",,,3,0,0,0,0
"1,-1,1,1,1,-1,-1,-1,-1,1,1,1,1,-1,-1,-1,1,1,0,1,1,1,1,-1,-1,0,-1,1,0,1,-1",,,3,0,0,0,0
"1,-1,1,1,1,-1,-1,1,-1,1,1,1,-1,1,1,-1,1,1,0,1,1,1,1,1,1,1,-1,1,0,1,1",,,3,0,0,0,0
"1,-1,1,1,1,-1,-1,-1,-1,1,1,1,1,-1,0,-1,1,1,0,1,1,1,1,-1,-1,1,-1,1,1,1,-1",,,3,0,0,0,0
"1,-1,1,1,1,-1,-1,-1,1,1,1,1,-1,-1,0,-1,1,1,0,1,1,1,1,1,-1,-1,-1,-1,1,1,-1",,,3,0,0,0,0
"1,-1,1,1,1,-1,-1,1,-1,1,1,1,1,0,0,-1,1,1,0,1,1,1,1,-1,1,1,1,-1,0,1,1",,,3,0,0,0,0
"1,1,1,1,1,-1,-1,-1,-1,1,1,1,1,-1,-1,1,1,1,0,1,1,1,1,-1,-1,-1,-1,-1,1,1,-1",,,3,0,0,0,0
"1,1,1,1,1,1,-1,1,-1,1,1,1,1,0,0,1,1,1,0,1,1,1,1,1,1,1,1,-1,0,1,1",,,3,0,0,0,0
"1,-1,1,1,1,-1,0,-1,1,1,1,1,1,-1,-1,-1,1,1,0,1,1,1,1,-1,-1,0,-1,-1,0,1,-1",,,3,0,0,0,0
"1,-1,1,1,1,-1,0,0,-1,-1,-1,1,-1,-1,-1,-1,-1,1,0,-1,-1,-1,-1,1,-1,1,-1,1,1,-1,-1",,,3,0,0,0,0
"-1,-1,-1,1,-1,-1,-1,-1,1,-1,-1,-1,-1,-1,1,-1,-1,-1,1,-1,1,-1,-1,1,-1,1,-1,1,1,-1,-1",,,3,0,0,0,0
"1,-1,1,1,1,1,-1,1,-1,1,1,1,1,0,1,-1,1,1,0,1,1,1,1,1,-1,1,-1,1,1,1,1",,,3,0,0,0,0
"1,-1,1,1,1,1,1,1,-1,1,1,1,1,1,1,-1,1,1,0,1,1,1,1,1,-1,-1,1,1,1,1,1",,,3,0,0,0,0
"1,-1,1,1,1,-1,-1,1,-1,1,1,1,1,1,1,-1,1,1,0,1,1,1,1,1,-1,1,-1,1,1,1,1",,,3,0,0,0,0
"1,-1,1,-1,1,-1,1,1,1,1,1,1,-1,1,1,-1,1,1,0,1,1,1,1,1,1,1,-1,1,0,1,1",,,3,0,0,0,0
"1,-1,1,1,1,-1,-1,-1,-1,1,1,1,1,1,0,-1,1,1,0,1,1,1,1,-1,-1,1,-1,-1,0,1,-1",,,3,0,0,0,0
"1,-1,1,1,1,-1,1,1,1,1,1,1,1,0,0,-1,1,1,0,1,1,1,1,1,1,1,1,1,0,1,1",,,3,0,0,0,0
"1,-1,1,1,1,-1,0,0,1,1,1,1,-1,-1,-1,-1,1,1,0,1,1,1,1,1,1,-1,-1,1,0,1,-1",,,3,0,0,0,0
"-1,-1,-1,1,-1,-1,1,1,-1,1,1,-1,-1,0,-1,-1,1,-1,1,1,1,1,1,1,-1,1,1,-1,1,1,1",,,3,0,0,0,0
"1,-1,1,1,1,-1,1,1,1,1,1,1,-1,1,0,-1,1,1,0,1,1,1,1,1,1,-1,-1,1,0,1,1",,,3,0,0,0,0
"1,-1,1,1,1,-1,0,1,-1,1,1,1,-1,0,1,-1,1,1,0,1,1,1,1,-1,-1,1,1,1,1,1,1",,,3,0,0,0,0
"1,1,1,1,1,-1,-1,1,-1,1,1,1,1,0,0,1,1,1,0,1,1,1,1,1,-1,1,-1,1,0,1,1",,,3,0,0,0,0
"1,-1,1,1,1,-1,1,1,-1,1,1,1,1,0,0,-1,1,1,0,1,1,1,1,1,-1,0,-1,1,0,1,1",,,3,0,0,0,0
"1,-1,1,1,1,-1,-1,1,1,1,1,1,-1,-1,-1,-1,1,1,0,1,1,1,1,-1,-1,-1,-1,1,0,1,-1",,,3,0,0,0,0
"1,-1,1,1,1,-1,1,1,-1,1,1,1,1,1,1,-1,1,1,0,1,1,1,1,1,-1,1,1,1,0,1,1",,,3,0,0,0,0
"1,-1,1,1,1,-1,-1,-1,-1,1,1,1,-1,-1,0,-1,1,1,0,1,1,1,1,-1,-1,-1,-1,1,0,1,-1",,,3,0,0,0,0
"1,-1,1,1,1,-1,-1,1,-1,-1,-1,1,1,0,0,-1,-1,1,0,-1,1,-1,-1,1,-1,1,-1,1,1,-1,1",,,3,0,0,0,0
"1,-1,1,1,1,-1,0,0,1,-1,-1,1,-1,-1,0,-1,-1,1,0,-1,1,-1,-1,1,-1,0,-1,1,0,-1,-1",,,3,0,0,0,0
"1,-1,1,1,1,-1,0,0,-1,1,1,1,1,-1,-1,-1,1,1,0,1,1,1,1,1,-1,-1,-1,1,0,1,-1",,,3,0,0,0,0
"1,-1,1,1,1,-1,1,1,1,-1,-1,1,-1,0,0,-1,-1,1,0,-1,1,-1,-1,1,1,-1,-1,1,0,-1,1",,,3,0,0,0,0
"1,-1,1,1,1,-1,1,1,1,1,1,1,-1,1,1,-1,1,1,0,1,1,1,1,1,1,1,-1,1,0,1,1",,,3,0,0,0,0
"-1,1,-1,1,-1,-1,-1,1,-1,1,1,-1,1,0,0,1,1,-1,1,1,1,1,1,-1,-1,1,-1,1,1,1,1",,,3,0,0,0,0
"1,-1,1,1,1,-1,1,1,1,1,1,1,-1,-1,0,-1,1,1,0,1,1,1,1,1,-1,-1,-1,1,1,1,-1",,,3,0,0,0,0
"1,-1,1,1,1,-1,-1,-1,1,1,1,1,-1,1,-1,-1,1,1,0,1,1,1,1,1,1,-1,-1,1,0,1,-1",,,3,0,0,0,0
"1,-1,1,1,1,-1,0,1,1,1,1,1,-1,0,0,-1,1,1,0,1,1,1,1,-1,-1,0,1,1,1,1,1",,,3,0,0,0,0
"-1,-1,-1,1,-1,-1,0,1,1,1,1,-1,-1,1,1,-1,1,-1,1,1,1,1,1,1,-1,1,-1,1,1,1,1",,,3,0,0,0,0
"1,-1,1,1,1,-1,-1,-1,-1,1,1,1,1,1,-1,-1,1,1,0,1,1,1,1,-1,1,-1,-1,-1,0,1,-1",,,3,0,0,0,0
"1,-1,1,1,1,-1,0,0,-1,1,1,1,1,0,0,-1,1,1,0,1,1,1,1,1,-1,-1,-1,1,0,1,-1",,,3,0,0,0,0
"1,1,1,1,1,-1,0,-1,1,1,1,1,-1,0,-1,1,1,1,0,1,1,1,1,-1,-1,0,-1,1,0,1,-1",,,3,0,0,0,0
"1,-1,1,1,1,-1,1,1,1,1,1,1,-1,0,-1,-1,1,1,0,1,1,1,1,1,1,1,1,-1,0,1,1",,,3,0,0,0,0
"1,-1,1,1,1,-1,0,1,-1,1,1,1,1,1,0,-1,1,1,0,1,1,1,1,-1,1,0,-1,1,0,1,1",,,3,0,0,0,0
"1,-1,1,1,1,-1,1,1,1,1,1,1,-1,0,0,-1,1,1,0,1,1,1,1,1,1,1,1,-1,0,1,1",,,3,0,0,0,0
"1,-1,1,1,1,1,0,-1,-1,1,1,1,1,1,-1,-1,1,1,0,1,1,1,1,-1,1,0,-1,1,0,1,1",,,3,0,0,0,0
"1,-1,1,1,1,-1,-1,1,1,1,1,1,-1,1,-1,-1,1,1,0,1,1,1,1,1,1,-1,-1,1,0,1,1",,,3,0,0,0,0
"-1,1,-1,1,-1,-1,-1,1,-1,1,1,-1,1,1,-1,1,1,-1,1,1,1,1,1,1,-1,1,-1,1,1,1,1",,,3,0,0,0,0
"-1,-1,-1,1,-1,1,-1,1,-1,1,1,-1,1,1,-1,-1,1,-1,1,1,1,1,1,1,-1,1,-1,1,1,1,1",,,3,0,0,0,0
"1,-1,1,1,1,-1,-1,-1,-1,1,1,1,1,-1,0,-1,1,1,0,1,1,1,1,-1,-1,-1,-1,1,0,1,-1",,,3,0,0,0,0
"1,-1,1,1,1,-1,-1,-1,1,1,1,1,-1,-1,-1,-1,1,1,0,1,1,1,1,1,1,-1,-1,1,0,1,-1",,,3,0,0,0,0
"1,-1,1,1,1,-1,-1,-1,1,1,1,1,1,0,-1,-1,1,1,0,1,1,1,1,1,-1,1,-1,1,1,1,-1",,,3,0,0,0,0
"1,-1,1,1,1,1,1,1,-1,-1,-1,1,1,1,0,-1,-1,1,0,-1,1,-1,-1,1,-1,1,-1,1,0,-1,1",,,3,0,0,0,0
"1,-1,1,1,1,1,0,-1,-1,1,1,1,-1,1,1,-1,1,1,0,1,1,1,1,-1,-1,1,-1,1,1,1,1",,,3,0,0,0,0
"1,-1,1,1,1,-1,-1,1,-1,1,1,1,-1,0,-1,-1,1,1,0,1,1,1,1,1,-1,1,-1,1,0,1,1",,,3,0,0,0,0
"-1,-1,-1,1,-1,-1,-1,1,-1,1,1,-1,1,0,0,-1,1,-1,1,1,1,1,1,1,-1,1,-1,1,1,1,1",,,3,0,0,0,0
"-1,-1,-1,1,-1,-1,-1,1,-1,1,1,-1,1,1,1,-1,1,-1,1,1,1,1,1,1,-1,1,1,1,1,1,1",,,3,0,0,0,0
"1,-1,1,1,1,-1,0,-1,-1,1,1,1,1,0,0,-1,1,1,0,1,1,1,1,-1,1,1,-1,1,0,1,1",,,3,0,0,0,0
"1,-1,1,1,1,-1,0,-1,1,1,1,1,-1,-1,0,-1,1,1,0,1,1,1,1,-1,1,-1,-1,1,0,1,-1",,,3,0,0,0,0
"1,-1,1,1,1,-1,1,-1,1,-1,-1,1,-1,0,-1,-1,-1,1,0,-1,1,-1,-1,1,-1,1,-1,1,1,-1,-1",,,3,0,0,0,0
"1,-1,1,1,1,-1,1,1,-1,-1,-1,1,1,1,1,-1,-1,1,0,-1,1,-1,-1,1,-1,1,-1,1,1,-1,1",,,3,0,0,0,0
"1,1,1,1,1,-1,-1,1,-1,1,1,1,-1,1,0,1,1,1,0,1,1,1,1,-1,-1,-1,-1,1,1,1,1",,,3,0,0,0,0
"1,-1,1,1,1,-1,-1,1,1,1,1,1,-1,0,-1,-1,1,1,0,1,1,1,1,-1,1,0,-1,-1,0,1,-1",,,3,0,0,0,0
"1,-1,1,1,1,1,0,-1,-1,1,1,1,1,0,0,-1,1,1,0,1,1,1,1,1,1,1,-1,1,0,1,1",,,3,0,0,0,0
"1,-1,1,1,1,-1,-1,-1,1,1,1,1,-1,0,-1,-1,1,1,0,1,1,1,1,-1,-1,0,-1,1,1,1,-1",,,3,0,0,0,0
"1,-1,1,1,1,1,-1,1,-1,1,1,1,1,1,1,-1,1,1,0,1,1,1,1,1,1,1,-1,1,0,1,1",,,3,0,0,0,0
"1,-1,1,1,1,-1,-1,-1,1,-1,-1,1,-1,-1,0,-1,-1,1,0,-1,1,-1,-1,-1,-1,-1,-1,1,0,-1,-1",,,3,0,0,0,0
"-1,-1,-1,1,-1,-1,-1,1,-1,1,1,-1,1,0,0,-1,1,-1,1,1,1,1,1,-1,-1,1,1,1,1,1,1",,,3,0,0,0,0
"1,-1,1,1,1,-1,1,-1,1,1,1,1,-1,0,1,-1,1,1,0,1,1,1,1,1,-1,1,-1,1,1,1,-1",,,3,0,0,0,0
"1,-1,1,1,1,-1,1,-1,1,1,1,1,-1,-1,-1,-1,1,1,0,1,1,1,1,1,-1,0,-1,1,0,1,-1",,,3,0,0,0,0
"1,-1,1,1,1,-1,-1,-1,-1,1,1,1,1,0,-1,-1,1,1,0,1,1,1,1,1,-1,-1,-1,1,1,1,-1",,,3,0,0,0,0
"-1,-1,-1,1,-1,-1,0,-1,-1,-1,-1,-1,1,-1,1,-1,-1,-1,1,-1,1,-1,-1,-1,-1,-1,-1,1,1,-1,-1",,,3,0,0,0,0
"1,-1,1,1,1,-1,0,-1,1,-1,-1,1,-1,-1,0,-1,-1,1,0,-1,1,-1,-1,1,-1,0,-1,-1,1,-1,-1",,,3,0,0,0,0
"1,-1,1,1,1,1,1,-1,-1,1,1,1,1,1,0,-1,1,1,0,1,1,1,1,1,-1,-1,-1,1,1,1,1",,,3,0,0,0,0
"1,-1,1,1,1,1,0,1,-1,1,1,1,1,1,-1,-1,1,1,0,1,1,1,1,-1,1,0,-1,1,0,1,1",,,3,0,0,0,0
"1,-1,1,1,1,-1,-1,-1,1,1,1,1,1,0,0,-1,1,1,0,1,1,1,1,-1,-1,1,-1,1,1,1,-1",,,3,0,0,0,0
"-1,-1,-1,1,-1,-1,0,1,-1,1,1,-1,1,0,-1,-1,1,-1,1,1,1,1,1,-1,-1,1,1,1,1,1,1",,,3,0,0,0,0
"1,1,1,1,1,-1,0,0,1,1,1,1,-1,-1,0,1,1,1,0,1,1,1,1,1,-1,0,-1,1,0,1,-1",,,3,0,0,0,0
"1,1,1,1,1,-1,0,0,-1,1,1,1,1,-1,0,1,1,1,0,1,1,1,1,1,-1,-1,-1,1,1,1,-1",,,3,0,0,0,0
"1,1,1,1,1,1,1,1,1,-1,-1,1,-1,0,-1,1,-1,1,0,-1,-1,-1,-1,1,-1,1,1,1,1,-1,1",,,3,0,0,0,0
"1,-1,1,1,1,-1,-1,-1,1,1,1,1,-1,0,-1,-1,1,1,0,1,1,1,1,1,1,0,-1,-1,0,1,-1",,,3,0,0,0,0
"1,-1,1,1,1,-1,1,-1,1,1,1,1,-1,-1,-1,-1,1,1,0,1,1,1,1,1,1,-1,-1,-1,0,1,-1",,,3,0,0,0,0
"-1,-1,-1,1,-1,-1,-1,1,-1,1,1,-1,1,0,0,-1,1,-1,1,1,1,1,1,1,-1,1,1,1,1,1,1",,,3,0,0,0,0
"1,-1,1,1,1,-1,1,1,-1,1,1,1,1,0,-1,-1,1,1,0,1,1,1,1,-1,1,0,-1,-1,0,1,-1",,,3,0,0,0,0
"1,-1,1,1,1,-1,0,-1,1,1,1,1,1,0,0,-1,1,1,0,1,1,1,1,1,1,1,1,1,1,1,1",,,3,0,0,0,0
"1,-1,1,1,1,-1,0,-1,1,1,1,1,-1,-1,0,-1,1,1,0,1,1,1,1,-1,1,0,-1,1,1,1,-1",,,3,0,0,0,0
"1,-1,1,1,1,-1,0,0,-1,1,1,1,1,-1,0,-1,1,1,0,1,1,1,1,1,1,1,-1,1,0,1,-1",,,3,0,0,0,0
"1,-1,1,1,1,-1,-1,1,-1,1,1,1,1,1,0,-1,1,1,0,1,1,1,1,1,1,1,-1,1,1,1,1",,,3,0,0,0,0
"1,1,1,-1,1,-1,-1,-1,-1,1,1,1,-1,-1,0,1,1,1,0,1,1,1,1,-1,1,-1,-1,1,0,1,-1",,,3,0,0,0,0
"1,-1,1,1,1,-1,-1,1,1,1,1,1,1,1,0,-1,1,1,0,1,1,1,1,1,1,1,-1,1,0,1,1",,,3,0,0,0,0
"1,1,1,1,1,-1,1,1,-1,-1,-1,1,1,0,1,1,-1,1,0,-1,-1,-1,-1,1,1,0,-1,1,1,-1,1",,,3,0,0,0,0
"1,-1,1,1,1,-1,-1,-1,1,1,1,1,-1,0,-1,-1,1,1,0,1,1,1,1,1,1,0,-1,1,1,1,-1",,,3,0,0,0,0
"-1,-1,-1,1,-1,-1,-1,-1,-1,-1,-1,-1,-1,-1,1,-1,-1,-1,1,-1,-1,-1,-1,1,-1,1,-1,1,1,-1,-1",,,3,0,0,0,0
"1,-1,1,1,1,-1,-1,1,-1,1,1,1,1,0,1,-1,1,1,0,1,1,1,1,1,-1,-1,1,1,1,1,1",,,3,0,0,0,0
"1,-1,1,1,1,-1,1,-1,1,1,1,1,-1,-1,-1,-1,1,1,0,1,1,1,1,1,-1,-1,-1,1,0,1,-1",,,3,0,0,0,0
"1,-1,1,1,1,-1,1,-1,1,1,1,1,-1,-1,1,-1,1,1,0,1,1,1,1,1,-1,-1,-1,1,1,1,-1",,,3,0,0,0,0
"1,-1,1,1,1,-1,-1,1,1,-1,-1,1,-1,0,-1,-1,-1,1,0,-1,1,-1,-1,-1,-1,0,-1,1,0,-1,-1",,,3,0,0,0,0
"1,-1,1,1,1,-1,-1,-1,-1,1,1,1,1,0,-1,-1,1,1,0,1,1,1,1,-1,1,0,1,1,0,1,-1",,,3,0,0,0,0
"1,-1,1,1,1,-1,-1,1,-1,-1,-1,1,-1,0,1,-1,-1,1,0,-1,1,-1,-1,-1,-1,0,-1,1,0,-1,-1",,,3,0,0,0,0
"1,-1,1,1,1,-1,1,1,1,1,1,1,-1,1,0,-1,1,1,0,1,1,1,1,1,1,1,1,1,0,1,1",,,3,0,0,0,0
"1,1,1,1,1,-1,0,-1,-1,1,1,1,1,0,0,1,1,1,0,1,1,1,1,-1,1,1,-1,1,0,1,1",,,3,0,0,0,0
"1,-1,1,1,1,-1,0,-1,1,-1,-1,1,-1,-1,0,-1,-1,1,0,-1,1,-1,-1,-1,-1,-1,-1,1,0,-1,-1",,,3,0,0,0,0
"1,-1,1,1,1,1,0,1,-1,-1,-1,1,-1,1,1,-1,-1,1,0,-1,1,-1,-1,-1,-1,1,-1,1,1,-1,1",,,3,0,0,0,0
"1,-1,1,1,1,-1,-1,1,-1,1,1,1,-1,0,0,-1,1,1,0,1,1,1,1,-1,-1,0,-1,1,0,1,-1",,,3,0,0,0,0
"1,-1,1,1,1,-1,0,0,1,1,1,1,-1,0,0,-1,1,1,0,1,1,1,1,1,-1,-1,1,-1,1,1,-1",,,3,0,0,0,0
"1,-1,1,1,1,-1,0,0,-1,1,1,1,-1,-1,0,-1,1,1,0,1,1,1,1,1,-1,-1,-1,-1,0,1,-1",,,3,0,0,0,0
"1,-1,1,-1,1,-1,-1,1,1,1,1,1,-1,1,1,-1,1,1,0,1,1,1,1,-1,1,1,-1,-1,0,1,1",,,3,0,0,0,0
"-1,-1,-1,1,-1,-1,-1,1,-1,1,1,-1,1,0,-1,-1,1,-1,1,1,1,1,1,1,-1,1,-1,1,1,1,1",,,3,0,0,0,0
"1,-1,1,1,1,-1,0,0,-1,1,1,1,-1,0,0,-1,1,1,0,1,1,1,1,1,-1,0,-1,1,1,1,-1",,,3,0,0,0,0
"1,-1,1,1,1,-1,1,1,-1,-1,-1,1,1,0,-1,-1,-1,1,0,-1,1,-1,-1,1,1,1,1,1,1,-1,1",,,3,0,0,0,0
"1,1,1,1,1,-1,0,-1,-1,-1,-1,1,1,1,-1,1,-1,1,0,-1,1,-1,-1,-1,1,1,-1,1,1,-1,1",,,3,0,0,0,0
"1,-1,1,1,1,-1,-1,-1,1,1,1,1,-1,0,0,-1,1,1,0,1,1,1,1,-1,-1,-1,1,1,1,1,-1",,,3,0,0,0,0
"1,-1,1,1,1,-1,0,1,-1,1,1,1,1,1,0,-1,1,1,0,1,1,1,1,-1,1,1,1,1,0,1,1",,,3,0,0,0,0
"1,1,1,1,1,-1,-1,-1,-1,1,1,1,1,-1,0,1,1,1,0,1,1,1,1,-1,-1,-1,-1,1,0,1,-1",,,3,0,0,0,0
"1,-1,1,1,1,1,-1,1,1,1,1,1,-1,0,1,-1,1,1,0,1,1,1,1,-1,1,-1,-1,1,1,1,1",,,3,0,0,0,0
"1,-1,1,1,1,-1,0,1,1,1,1,1,-1,1,1,-1,1,1,0,1,1,1,1,-1,1,1,-1,1,0,1,1",,,3,0,0,0,0
"1,-1,1,1,1,1,-1,1,-1,1,1,1,1,0,0,-1,1,1,0,1,1,1,1,1,1,1,-1,1,0,1,1",,,3,0,0,0,0
"1,-1,1,1,1,-1,0,1,-1,1,1,1,1,0,0,-1,1,1,0,1,1,1,1,-1,1,1,-1,1,0,1,1",,,3,0,0,0,0
"1,-1,1,-1,1,-1,0,-1,-1,1,1,1,1,-1,0,-1,1,1,0,1,1,1,1,-1,1,-1,-1,-1,1,1,-1",,,3,0,0,0,0
"1,-1,1,1,1,-1,-1,-1,-1,1,1,1,1,0,0,-1,1,1,0,1,1,1,1,1,1,0,-1,-1,0,1,-1",,,3,0,0,0,0
"1,1,1,1,1,-1,0,-1,-1,1,1,1,1,0,1,1,1,1,0,1,1,1,1,1,1,1,-1,1,0,1,1",,,3,0,0,0,0
"-1,-1,-1,1,-1,1,-1,1,-1,1,1,-1,1,1,-1,-1,1,-1,1,1,1,1,1,1,1,1,-1,1,1,1,1",,,3,0,0,0,0
"1,-1,1,1,1,-1,0,1,1,1,1,1,-1,0,-1,-1,1,1,0,1,1,1,1,-1,1,1,-1,1,0,1,1",,,3,0,0,0,0
"1,-1,1,1,1,1,0,1,1,1,1,1,-1,0,-1,-1,1,1,0,1,1,1,1,1,1,1,1,1,1,1,1",,,3,0,0,0,0
"1,1,1,1,1,1,1,1,-1,-1,-1,1,1,1,1,1,-1,1,0,-1,1,-1,-1,1,-1,1,1,1,1,-1,1",,,3,0,0,0,0
"1,-1,1,1,1,-1,-1,-1,-1,1,1,1,-1,0,0,-1,1,1,0,1,1,1,1,-1,1,1,-1,-1,0,1,-1",,,3,0,0,0,0
"1,1,1,1,1,-1,0,0,-1,1,1,1,1,-1,-1,1,1,1,0,1,1,1,1,1,-1,-1,-1,-1,1,1,-1",,,3,0,0,0,0
"-1,1,-1,1,-1,1,1,1,-1,1,1,-1,1,0,0,1,1,-1,1,1,1,1,1,1,-1,1,-1,1,1,1,1",,,3,0,0,0,0
"1,-1,1,1,1,-1,-1,-1,1,1,1,1,-1,0,-1,-1,1,1,0,1,1,1,1,1,1,1,-1,1,0,1,1",,,3,0,0,0,0
"1,1,1,1,1,-1,1,1,-1,1,1,1,1,1,1,1,1,1,0,1,1,1,1,1,1,1,-1,1,0,1,1",,,3,0,0,0,0
"-1,-1,-1,1,-1,-1,1,-1,1,-1,-1,-1,-1,-1,1,-1,-1,-1,1,-1,1,-1,-1,-1,-1,-1,-1,-1,1,-1,-1",,,3,0,0,0,0
"1,1,1,1,1,-1,-1,-1,-1,1,1,1,1,0,0,1,1,1,0,1,1,1,1,-1,1,0,-1,-1,0,1,-1",,,3,0,0,0,0
"1,1,1,1,1,-1,0,0,-1,-1,-1,1,1,-1,1,1,-1,1,0,-1,1,-1,-1,1,1,-1,-1,-1,0,-1,-1",,,3,0,0,0,0
"1,-1,1,1,1,1,0,-1,1,1,1,1,-1,0,0,-1,1,1,0,1,1,1,1,1,-1,1,-1,-1,1,1,1",,,3,0,0,0,0
"1,-1,1,1,1,-1,0,0,1,-1,-1,1,-1,0,0,-1,-1,1,0,-1,-1,-1,-1,1,1,-1,-1,-1,0,-1,-1",,,3,0,0,0,0
"1,-1,1,1,1,-1,-1,-1,-1,-1,-1,1,-1,-1,1,-1,-1,1,0,-1,-1,-1,-1,-1,1,-1,-1,-1,0,-1,-1",,,3,0,0,0,0
"1,-1,1,1,1,-1,-1,1,-1,1,1,1,1,1,0,-1,1,1,0,1,1,1,1,1,-1,1,1,1,1,1,1",,,3,0,0,0,0
"1,-1,1,1,1,-1,-1,1,-1,1,1,1,1,0,-1,-1,1,1,0,1,1,1,1,-1,1,1,-1,1,0,1,1",,,3,0,0,0,0
"1,-1,1,1,1,-1,1,-1,1,1,1,1,1,0,-1,-1,1,1,0,1,1,1,1,-1,-1,1,-1,-1,0,1,-1",,,3,0,0,0,0
"1,-1,1,1,1,-1,-1,-1,1,1,1,1,-1,-1,-1,-1,1,1,0,1,1,1,1,-1,-1,1,-1,1,0,1,-1",,,3,0,0,0,0
"1,-1,1,1,1,-1,0,-1,-1,1,1,1,1,1,0,-1,1,1,0,1,1,1,1,1,-1,1,1,1,0,1,1",,,3,0,0,0,0
"1,1,1,1,1,-1,-1,1,-1,1,1,1,1,0,1,1,1,1,0,1,1,1,1,1,-1,0,-1,-1,1,1,-1",,,3,0,0,0,0
"1,-1,1,-1,1,-1,1,1,-1,1,1,1,1,1,1,-1,1,1,0,1,1,1,1,1,-1,1,-1,1,0,1,1",,,3,0,0,0,0
"1,-1,1,1,1,-1,0,1,-1,1,1,1,1,0,-1,-1,1,1,0,1,1,1,1,-1,-1,1,1,1,1,1,1",,,3,0,0,0,0
"1,-1,1,1,1,-1,-1,1,-1,-1,-1,1,1,0,0,-1,-1,1,0,-1,-1,-1,-1,1,-1,1,-1,1,1,-1,1",,,3,0,0,0,0
"1,-1,1,1,1,-1,0,1,-1,1,1,1,1,0,-1,-1,1,1,0,1,1,1,1,1,-1,0,-1,1,0,1,-1",,,3,0,0,0,0
"1,-1,1,1,1,-1,-1,-1,-1,1,1,1,-1,-1,1,-1,1,1,0,1,1,1,1,-1,-1,-1,-1,1,1,1,-1",,,3,0,0,0,0
"1,-1,1,1,1,-1,-1,-1,-1,1,1,1,-1,0,-1,-1,1,1,0,1,1,1,1,1,-1,1,-1,1,1,1,-1",,,3,0,0,0,0
"1,1,1,1,1,-1,0,1,-1,-1,-1,1,1,0,0,1,-1,1,0,-1,1,-1,-1,-1,1,1,-1,1,1,-1,1",,,3,0,0,0,0
"1,1,1,1,1,-1,0,0,-1,1,1,1,1,-1,0,1,1,1,0,1,1,1,1,1,-1,-1,-1,1,0,1,-1",,,3,0,0,0,0
"1,-1,1,1,1,-1,-1,1,-1,1,1,1,-1,0,-1,-1,1,1,0,1,1,1,1,1,1,1,1,1,0,1,1",,,3,0,0,0,0
"1,-1,1,1,1,-1,-1,-1,1,1,1,1,-1,0,0,-1,1,1,0,1,1,1,1,-1,-1,-1,-1,1,0,1,-1",,,3,0,0,0,0
"1,-1,1,1,1,-1,-1,-1,-1,1,1,1,-1,-1,-1,-1,1,1,0,1,1,1,1,1,-1,-1,-1,1,0,1,-1",,,3,0,0,0,0
"1,-1,1,1,1,-1,-1,1,-1,1,1,1,-1,1,1,-1,1,1,0,1,1,1,1,1,1,1,1,1,0,1,1",,,3,0,0,0,0
"1,-1,1,1,1,-1,1,-1,-1,1,1,1,1,0,1,-1,1,1,0,1,1,1,1,1,-1,0,-1,1,0,1,-1",,,3,0,0,0,0
"-1,-1,-1,1,-1,1,0,1,-1,1,1,-1,1,1,-1,-1,1,-1,1,1,1,1,1,-1,1,1,-1,1,1,1,1",,,3,0,0,0,0
"1,-1,1,1,1,-1,-1,1,-1,1,1,1,-1,0,0,-1,1,1,0,1,1,1,1,-1,1,1,-1,1,0,1,1",,,3,0,0,0,0
"1,-1,1,1,1,1,0,1,1,-1,-1,1,-1,1,1,-1,-1,1,0,-1,1,-1,-1,1,1,1,-1,1,1,-1,1",,,3,0,0,0,0
"1,-1,1,1,1,-1,-1,1,-1,1,1,1,1,0,0,-1,1,1,0,1,1,1,1,1,-1,0,-1,1,0,1,-1",,,3,0,0,0,0
"1,-1,1,1,1,-1,-1,-1,-1,-1,-1,1,1,1,0,-1,-1,1,0,-1,-1,-1,-1,-1,-1,0,-1,1,0,-1,-1",,,3,0,0,0,0
"1,-1,1,-1,1,-1,-1,-1,1,1,1,1,1,-1,0,-1,1,1,0,1,1,1,1,-1,1,-1,-1,1,1,1,-1",,,3,0,0,0,0
"1,-1,1,1,1,-1,-1,-1,-1,-1,-1,1,1,-1,0,-1,-1,1,0,-1,1,-1,-1,-1,1,0,-1,1,1,-1,-1",,,3,0,0,0,0
"1,-1,1,1,1,-1,-1,1,-1,1,1,1,1,0,-1,-1,1,1,0,1,1,1,1,1,1,1,-1,-1,0,1,-1",,,3,0,0,0,0
"1,-1,1,1,1,-1,-1,1,-1,1,1,1,1,0,-1,-1,1,1,0,1,1,1,1,-1,-1,0,-1,-1,0,1,-1",,,3,0,0,0,0
"1,-1,1,1,1,-1,-1,-1,1,-1,-1,1,-1,-1,1,-1,-1,1,0,-1,1,-1,-1,1,-1,-1,-1,-1,0,-1,-1",,,3,0,0,0,0
"1,-1,1,1,1,-1,1,1,-1,1,1,1,1,0,0,-1,1,1,0,1,1,1,1,-1,-1,0,-1,1,0,1,1",,,3,0,0,0,0
"1,-1,1,1,1,-1,0,-1,-1,1,1,1,1,-1,-1,-1,1,1,0,1,1,1,1,-1,-1,0,-1,1,0,1,-1",,,3,0,0,0,0
"-1,-1,-1,1,-1,-1,0,-1,-1,1,1,-1,1,1,0,-1,1,-1,1,1,1,1,1,1,-1,1,-1,1,1,1,1",,,3,0,0,0,0
"1,-1,1,1,1,-1,-1,-1,1,1,1,1,1,-1,0,-1,1,1,0,1,1,1,1,-1,-1,0,-1,1,0,1,-1",,,3,0,0,0,0
"1,-1,1,1,1,-1,0,1,1,1,1,1,-1,0,1,-1,1,1,0,1,1,1,1,-1,1,1,-1,1,0,1,1",,,3,0,0,0,0
"-1,-1,-1,1,-1,-1,1,1,1,1,1,-1,-1,0,1,-1,1,-1,1,1,1,1,1,1,-1,1,1,1,1,1,1",,,3,0,0,0,0
"1,-1,1,1,1,-1,0,1,1,-1,-1,1,-1,1,0,-1,-1,1,0,-1,1,-1,-1,-1,-1,1,-1,-1,1,-1,1",,,3,0,0,0,0
"1,1,1,1,1,-1,0,-1,-1,1,1,1,1,-1,-1,1,1,1,0,1,1,1,1,-1,1,0,-1,1,0,1,-1",,,3,0,0,0,0
"1,-1,1,1,1,-1,-1,-1,-1,1,1,1,-1,0,-1,-1,1,1,0,1,1,1,1,-1,-1,0,-1,1,1,1,-1",,,3,0,0,0,0
"1,-1,1,1,1,-1,0,-1,-1,1,1,1,1,-1,0,-1,1,1,0,1,1,1,1,-1,1,-1,-1,1,0,1,-1",,,3,0,0,0,0
"1,1,1,-1,1,1,1,1,1,1,1,1,-1,1,1,1,1,1,0,1,1,1,1,1,1,1,-1,1,0,1,1",,,3,0,0,0,0
"1,1,1,1,1,1,-1,1,-1,1,1,1,1,1,0,1,1,1,0,1,1,1,1,1,-1,-1,-1,1,1,1,1",,,3,0,0,0,0
"1,-1,1,1,1,-1,0,1,-1,1,1,1,1,0,-1,-1,1,1,0,1,1,1,1,1,-1,1,-1,1,1,1,-1",,,3,0,0,0,0
"1,-1,1,1,1,-1,0,-1,1,1,1,1,-1,0,-1,-1,1,1,0,1,1,1,1,-1,1,0,-1,-1,0,1,-1",,,3,0,0,0,0
"1,-1,1,1,1,-1,-1,1,-1,1,1,1,1,0,1,-1,1,1,0,1,1,1,1,1,1,1,1,1,0,1,1",,,3,0,0,0,0
"1,-1,1,-1,1,-1,0,0,1,1,1,1,-1,-1,0,-1,1,1,0,1,1,1,1,1,1,-1,-1,1,0,1,-1",,,3,0,0,0,0
"1,1,1,1,1,-1,0,0,-1,1,1,1,1,1,0,1,1,1,0,1,1,1,1,1,1,-1,-1,-1,0,1,-1",,,3,0,0,0,0
"1,1,1,1,1,1,1,1,-1,1,1,1,1,1,0,1,1,1,0,1,1,1,1,1,-1,-1,-1,1,1,1,1",,,3,0,0,0,0
"1,-1,1,1,1,-1,0,-1,1,1,1,1,-1,0,1,-1,1,1,0,1,1,1,1,1,-1,1,-1,-1,1,1,-1",,,3,0,0,0,0
"1,-1,1,1,1,-1,0,1,1,1,1,1,-1,0,1,-1,1,1,0,1,1,1,1,-1,-1,1,1,1,1,1,1",,,3,0,0,0,0
"1,1,1,1,1,-1,-1,-1,-1,-1,-1,1,-1,-1,0,1,-1,1,0,-1,1,-1,-1,-1,1,-1,-1,1,0,-1,-1",,,3,0,0,0,0
"1,1,1,-1,1,-1,0,0,-1,1,1,1,1,-1,0,1,1,1,0,1,1,1,1,1,-1,-1,-1,1,0,1,-1",,,3,0,0,0,0
"1,-1,1,1,1,-1,0,1,1,1,1,1,-1,0,-1,-1,1,1,0,1,1,1,1,1,1,-1,-1,1,0,1,1",,,3,0,0,0,0
"-1,-1,-1,1,-1,1,1,1,-1,1,1,-1,1,1,1,-1,1,-1,1,1,1,1,1,1,1,1,-1,1,1,1,1",,,3,0,0,0,0
"1,-1,1,1,1,-1,-1,-1,-1,1,1,1,1,-1,-1,-1,1,1,0,1,1,1,1,-1,1,-1,-1,1,1,1,-1",,,3,0,0,0,0
"1,-1,1,1,1,-1,0,-1,-1,1,1,1,1,-1,1,-1,1,1,0,1,1,1,1,-1,1,-1,-1,1,1,1,-1",,,3,0,0,0,0
"1,-1,1,1,1,-1,1,-1,-1,1,1,1,1,0,1,-1,1,1,0,1,1,1,1,1,1,-1,-1,1,1,1,1",,,3,0,0,0,0
"-1,-1,-1,1,-1,1,0,1,-1,1,1,-1,1,1,1,-1,1,-1,1,1,1,1,1,1,-1,1,-1,1,1,1,1",,,3,0,0,0,0
"1,-1,1,1,1,-1,-1,-1,1,1,1,1,-1,-1,0,-1,1,1,0,1,1,1,1,1,1,-1,-1,1,0,1,-1",,,3,0,0,0,0
"1,-1,1,-1,1,-1,-1,1,1,1,1,1,-1,0,0,-1,1,1,0,1,1,1,1,-1,1,-1,-1,1,0,1,1",,,3,0,0,0,0
"1,-1,1,1,1,-1,0,1,1,1,1,1,1,-1,-1,-1,1,1,0,1,1,1,1,-1,-1,0,-1,1,0,1,-1",,,3,0,0,0,0
"1,-1,1,1,1,-1,-1,-1,1,1,1,1,-1,-1,0,-1,1,1,0,1,1,1,1,1,-1,-1,-1,1,0,1,-1",,,3,0,0,0,0
"1,-1,1,-1,1,1,-1,1,1,1,1,1,-1,1,1,-1,1,1,0,1,1,1,1,-1,1,1,-1,1,0,1,1",,,3,0,0,0,0
"-1,-1,-1,1,-1,-1,-1,1,-1,1,1,-1,1,0,-1,-1,1,-1,1,1,1,1,1,1,-1,1,1,1,1,1,1",,,3,0,0,0,0
"1,-1,1,1,1,-1,0,-1,1,1,1,1,1,-1,0,-1,1,1,0,1,1,1,1,-1,1,-1,-1,1,0,1,-1",,,3,0,0,0,0
"1,-1,1,-1,1,-1,0,0,-1,1,1,1,-1,-1,0,-1,1,1,0,1,1,1,1,1,1,-1,-1,1,0,1,-1",,,3,0,0,0,0
"1,-1,1,-1,1,-1,-1,-1,-1,1,1,1,1,-1,0,-1,1,1,0,1,1,1,1,-1,1,-1,-1,1,0,1,-1",,,3,0,0,0,0
"1,1,1,-1,1,-1,-1,1,-1,1,1,1,1,1,1,1,1,1,0,1,1,1,1,1,1,1,-1,1,0,1,1",,,3,0,0,0,0
"1,-1,1,1,1,-1,-1,1,1,1,1,1,-1,1,-1,-1,1,1,0,1,1,1,1,1,-1,-1,-1,1,1,1,1",,,3,0,0,0,0
"1,-1,1,1,1,-1,0,1,-1,-1,-1,1,1,0,0,-1,-1,1,0,-1,1,-1,-1,-1,-1,1,1,-1,1,-1,1",,,3,0,0,0,0
"1,1,1,-1,1,-1,0,-1,-1,1,1,1,1,-1,0,1,1,1,0,1,1,1,1,-1,-1,-1,-1,-1,0,1,-1",,,3,0,0,0,0
"1,-1,1,1,1,1,-1,1,1,1,1,1,-1,0,1,-1,1,1,0,1,1,1,1,1,1,1,-1,1,0,1,1",,,3,0,0,0,0
"1,-1,1,-1,1,-1,-1,-1,1,1,1,1,-1,-1,0,-1,1,1,0,1,1,1,1,-1,-1,-1,-1,-1,1,1,-1",,,3,0,0,0,0
"1,-1,1,1,1,-1,-1,-1,-1,1,1,1,-1,-1,0,-1,1,1,0,1,1,1,1,-1,-1,-1,-1,-1,0,1,-1",,,3,0,0,0,0
"1,-1,1,1,1,-1,0,-1,1,1,1,1,-1,-1,-1,-1,1,1,0,1,1,1,1,-1,1,0,-1,1,0,1,-1",,,3,0,0,0,0
"1,-1,1,1,1,-1,0,1,-1,1,1,1,1,0,0,-1,1,1,0,1,1,1,1,1,1,0,-1,1,0,1,1",,,3,0,0,0,0
"1,-1,1,1,1,-1,-1,1,-1,-1,-1,1,1,0,1,-1,-1,1,0,-1,1,-1,-1,1,-1,1,-1,1,1,-1,1",,,3,0,0,0,0
"-1,-1,-1,1,-1,1,0,1,-1,1,1,-1,1,0,0,-1,1,-1,1,1,1,1,1,1,-1,1,-1,1,1,1,1",,,3,0,0,0,0
"-1,-1,-1,1,-1,-1,-1,-1,-1,-1,-1,-1,1,-1,1,-1,-1,-1,1,-1,-1,-1,-1,-1,-1,1,-1,1,1,-1,-1",,,3,0,0,0,0
"1,-1,1,1,1,1,0,1,-1,1,1,1,1,0,-1,-1,1,1,0,1,1,1,1,-1,1,0,-1,1,0,1,1",,,3,0,0,0,0
"1,-1,1,1,1,-1,1,1,-1,1,1,1,1,1,1,-1,1,1,0,1,1,1,1,1,1,1,1,1,0,1,1",,,3,0,0,0,0
"1,-1,1,1,1,1,-1,1,-1,1,1,1,1,1,0,-1,1,1,0,1,1,1,1,-1,1,1,-1,1,0,1,1",,,3,0,0,0,0
"1,1,1,-1,1,-1,1,1,-1,1,1,1,1,0,1,1,1,1,0,1,1,1,1,1,1,1,-1,1,0,1,1",,,3,0,0,0,0
"1,-1,1,1,1,-1,-1,1,-1,1,1,1,1,0,-1,-1,1,1,0,1,1,1,1,-1,1,1,-1,1,0,1,-1",,,3,0,0,0,0
"1,-1,1,1,1,-1,0,-1,1,1,1,1,-1,-1,0,-1,1,1,0,1,1,1,1,-1,-1,-1,-1,1,0,1,-1",,,3,0,0,0,0
"1,1,1,1,1,-1,0,1,-1,1,1,1,1,0,0,1,1,1,0,1,1,1,1,-1,1,1,-1,1,0,1,1",,,3,0,0,0,0
"1,1,1,1,1,1,0,1,-1,1,1,1,1,1,0,1,1,1,0,1,1,1,1,1,-1,1,-1,1,1,1,1",,,3,0,0,0,0
"1,-1,1,1,1,-1,1,1,-1,-1,-1,1,1,1,1,-1,-1,1,0,-1,-1,-1,-1,1,-1,1,1,-1,1,-1,1",,,3,0,0,0,0
"1,-1,1,1,1,-1,-1,-1,-1,-1,-1,1,-1,-1,0,-1,-1,1,0,-1,-1,-1,-1,-1,-1,0,-1,1,0,-1,-1",,,3,0,0,0,0
"1,-1,1,1,1,-1,0,-1,1,1,1,1,-1,-1,-1,-1,1,1,0,1,1,1,1,-1,-1,0,-1,1,0,1,-1",,,3,0,0,0,0
"1,-1,1,1,1,-1,-1,-1,-1,-1,-1,1,1,1,-1,-1,-1,1,0,-1,-1,-1,-1,-1,-1,1,-1,-1,1,-1,-1",,,3,0,0,0,0
"-1,-1,-1,1,-1,-1,0,0,1,1,1,-1,-1,-1,1,-1,1,-1,1,1,1,1,1,1,1,-1,-1,1,0,1,-1",,,3,0,0,0,0
"1,-1,1,1,1,-1,-1,-1,-1,1,1,1,1,0,-1,-1,1,1,0,1,1,1,1,1,1,1,-1,1,0,1,-1",,,3,0,0,0,0
"1,-1,1,1,1,1,-1,1,-1,1,1,1,1,0,-1,-1,1,1,0,1,1,1,1,-1,-1,1,-1,1,1,1,1",,,3,0,0,0,0
"-1,-1,-1,1,-1,-1,0,-1,-1,-1,-1,-1,1,-1,1,-1,-1,-1,1,-1,-1,-1,-1,-1,-1,1,-1,1,1,-1,-1",,,3,0,0,0,0
"-1,-1,-1,1,-1,-1,0,0,-1,1,1,-1,-1,-1,1,-1,1,-1,1,1,1,1,1,1,-1,-1,-1,1,0,1,-1",,,3,0,0,0,0
"1,-1,1,-1,1,-1,0,0,-1,1,1,1,1,-1,0,-1,1,1,0,1,1,1,1,1,-1,-1,-1,-1,0,1,-1",,,3,0,0,0,0
"1,-1,1,1,1,-1,-1,-1,-1,1,1,1,1,-1,0,-1,1,1,0,1,1,1,1,-1,-1,-1,-1,-1,1,1,-1",,,3,0,0,0,0
"1,1,1,1,1,-1,-1,-1,1,1,1,1,-1,-1,0,1,1,1,0,1,1,1,1,-1,-1,-1,-1,-1,0,1,-1",,,3,0,0,0,0
"1,-1,1,1,1,-1,1,1,-1,1,1,1,1,0,-1,-1,1,1,0,1,1,1,1,1,1,0,-1,1,1,1,1",,,3,0,0,0,0
"1,-1,1,1,1,-1,-1,-1,-1,1,1,1,-1,0,-1,-1,1,1,0,1,1,1,1,-1,-1,1,-1,-1,0,1,-1",,,3,0,0,0,0
"1,-1,1,1,1,-1,-1,-1,-1,1,1,1,-1,-1,0,-1,1,1,0,1,1,1,1,-1,-1,-1,-1,-1,1,1,-1",,,3,0,0,0,0
"1,-1,1,1,1,-1,0,1,-1,-1,-1,1,1,0,-1,-1,-1,1,0,-1,-1,-1,-1,1,1,1,-1,-1,0,-1,1",,,3,0,0,0,0
"1,-1,1,1,1,-1,-1,-1,-1,-1,-1,1,1,-1,0,-1,-1,1,0,-1,-1,-1,-1,-1,1,-1,-1,1,0,-1,-1",,,3,0,0,0,0
"1,1,1,1,1,-1,0,1,-1,1,1,1,1,1,0,1,1,1,0,1,1,1,1,-1,1,1,1,1,0,1,1",,,3,0,0,0,0
"-1,-1,-1,1,-1,-1,0,-1,-1,1,1,-1,1,-1,1,-1,1,-1,1,1,1,1,1,-1,1,-1,-1,1,0,1,-1",,,3,0,0,0,0
"1,-1,1,1,1,1,-1,1,-1,1,1,1,1,0,0,-1,1,1,0,1,1,1,1,-1,1,1,1,1,0,1,1",,,3,0,0,0,0
"-1,-1,-1,1,-1,-1,1,1,-1,1,1,-1,1,1,-1,-1,1,-1,1,1,1,1,1,1,-1,1,-1,1,1,1,1",,,3,0,0,0,0
"1,-1,1,1,1,1,0,1,1,1,1,1,-1,1,-1,-1,1,1,0,1,1,1,1,-1,-1,1,1,1,1,1,1",,,3,0,0,0,0
"-1,1,-1,1,-1,-1,0,-1,-1,-1,-1,-1,1,-1,1,1,-1,-1,1,-1,-1,-1,-1,-1,-1,-1,-1,1,1,-1,-1",,,3,0,0,0,0
"1,-1,1,1,1,-1,0,0,-1,1,1,1,1,-1,0,-1,1,1,0,1,1,1,1,1,-1,-1,-1,1,0,1,-1",,,3,0,0,0,0
"1,-1,1,1,1,-1,-1,1,-1,-1,-1,1,1,1,0,-1,-1,1,0,-1,-1,-1,-1,-1,1,1,-1,1,0,-1,1",,,3,0,0,0,0
"1,-1,1,1,1,-1,0,1,-1,-1,-1,1,1,1,0,-1,-1,1,0,-1,-1,-1,-1,-1,1,1,-1,1,1,-1,1",,,3,0,0,0,0
"1,-1,1,1,1,-1,0,1,1,1,1,1,-1,0,0,-1,1,1,0,1,1,1,1,-1,1,-1,1,1,0,1,1",,,3,0,0,0,0
"1,-1,1,1,1,-1,-1,1,-1,1,1,1,-1,-1,-1,-1,1,1,0,1,1,1,1,-1,-1,0,-1,1,0,1,-1",,,3,0,0,0,0
"1,-1,1,1,1,-1,0,-1,-1,-1,-1,1,1,-1,0,-1,-1,1,0,-1,-1,-1,-1,-1,-1,-1,-1,1,0,-1,-1",,,3,0,0,0,0
"1,-1,1,1,1,-1,1,-1,1,1,1,1,-1,0,-1,-1,1,1,0,1,1,1,1,1,-1,1,-1,1,1,1,1",,,3,0,0,0,0
"1,-1,1,1,1,-1,-1,1,-1,-1,-1,1,1,1,0,-1,-1,1,0,-1,-1,-1,-1,-1,1,1,1,1,0,-1,1",,,3,0,0,0,0
"1,1,1,1,1,-1,0,1,-1,1,1,1,1,1,0,1,1,1,0,1,1,1,1,1,-1,1,-1,1,1,1,1",,,3,0,0,0,0
"1,-1,1,1,1,-1,-1,-1,1,-1,-1,1,-1,-1,0,-1,-1,1,0,-1,-1,-1,-1,-1,1,0,-1,1,0,-1,-1",,,3,0,0,0,0
"-1,-1,-1,1,-1,-1,-1,-1,-1,1,1,-1,-1,-1,1,-1,1,-1,1,1,1,1,1,-1,1,-1,-1,-1,0,1,-1",,,3,0,0,0,0
"1,-1,1,-1,1,-1,-1,1,-1,1,1,1,1,1,1,-1,1,1,0,1,1,1,1,1,1,1,1,-1,0,1,1",,,3,0,0,0,0
"-1,1,-1,1,-1,-1,0,0,-1,1,1,-1,1,-1,1,1,1,-1,1,1,1,1,1,1,-1,1,-1,1,1,1,-1",,,3,0,0,0,0
"1,-1,1,1,1,-1,0,-1,1,1,1,1,-1,0,1,-1,1,1,0,1,1,1,1,1,1,1,-1,1,1,1,-1",,,3,0,0,0,0
"-1,1,-1,1,-1,-1,0,1,-1,1,1,-1,1,0,-1,1,1,-1,1,1,1,1,1,-1,1,1,1,-1,1,1,1",,,3,0,0,0,0
"1,-1,1,1,1,-1,0,1,-1,-1,-1,1,1,0,0,-1,-1,1,0,-1,-1,-1,-1,-1,-1,1,-1,1,1,-1,1",,,3,0,0,0,0
"1,-1,1,-1,1,-1,-1,1,-1,1,1,1,-1,1,1,-1,1,1,0,1,1,1,1,1,1,1,1,1,0,1,1",,,3,0,0,0,0
"1,1,1,1,1,-1,-1,1,-1,1,1,1,1,1,0,1,1,1,0,1,1,1,1,1,1,1,1,1,0,1,1",,,3,0,0,0,0
"1,-1,1,1,1,-1,-1,1,1,-1,-1,1,-1,1,1,-1,-1,1,0,-1,-1,-1,-1,1,-1,1,-1,1,1,-1,1",,,3,0,0,0,0
"1,-1,1,1,1,-1,0,0,1,1,1,1,-1,-1,0,-1,1,1,0,1,1,1,1,1,-1,0,-1,1,1,1,-1",,,3,0,0,0,0
"1,1,1,1,1,1,-1,1,-1,1,1,1,1,-1,0,1,1,1,0,1,1,1,1,1,1,1,-1,1,1,1,1",,,3,0,0,0,0
"1,1,1,1,1,-1,-1,1,-1,1,1,1,1,0,0,1,1,1,0,1,1,1,1,1,1,1,-1,1,0,1,1",,,3,0,0,0,0
"1,-1,1,1,1,1,1,1,-1,-1,-1,1,1,0,-1,-1,-1,1,0,-1,-1,-1,-1,1,1,1,-1,1,1,-1,1",,,3,0,0,0,0
"1,-1,1,1,1,-1,0,1,1,1,1,1,-1,0,-1,-1,1,1,0,1,1,1,1,-1,-1,0,-1,-1,0,1,-1",,,3,0,0,0,0
"1,-1,1,1,1,-1,-1,-1,1,1,1,1,-1,0,-1,-1,1,1,0,1,1,1,1,1,-1,1,-1,-1,1,1,-1",,,3,0,0,0,0
"-1,1,-1,1,-1,-1,0,-1,-1,-1,-1,-1,1,-1,1,1,-1,-1,1,-1,-1,-1,-1,-1,-1,1,-1,1,1,-1,-1",,,3,0,0,0,0
"1,-1,1,1,1,-1,-1,-1,-1,1,1,1,1,0,-1,-1,1,1,0,1,1,1,1,-1,1,0,-1,1,0,1,1",,,3,0,0,0,0
"1,-1,1,1,1,-1,0,1,1,1,1,1,-1,1,1,-1,1,1,0,1,1,1,1,-1,1,1,1,1,0,1,1",,,3,0,0,0,0
"1,-1,1,1,1,-1,-1,-1,-1,1,1,1,1,0,-1,-1,1,1,0,1,1,1,1,1,-1,1,-1,1,0,1,-1",,,3,0,0,0,0
"1,-1,1,1,1,-1,-1,-1,-1,1,1,1,1,-1,-1,-1,1,1,0,1,1,1,1,-1,-1,1,-1,1,0,1,-1",,,3,0,0,0,0
"-1,1,-1,1,-1,-1,1,1,-1,1,1,-1,1,0,-1,1,1,-1,1,1,1,1,1,1,-1,0,-1,1,1,1,-1",,,3,0,0,0,0
"1,-1,1,-1,1,-1,0,-1,-1,1,1,1,1,-1,0,-1,1,1,0,1,1,1,1,-1,1,-1,-1,1,0,1,-1",,,3,0,0,0,0
"1,-1,1,1,1,-1,1,1,-1,1,1,1,-1,1,0,-1,1,1,0,1,1,1,1,1,1,1,1,1,0,1,1",,,3,0,0,0,0
"1,1,1,1,1,-1,0,0,-1,1,1,1,1,-1,0,1,1,1,0,1,1,1,1,1,-1,0,-1,1,1,1,-1",,,3,0,0,0,0
"1,-1,1,1,1,-1,1,1,-1,1,1,1,1,0,1,-1,1,1,0,1,1,1,1,1,1,0,-1,-1,0,1,-1",,,3,0,0,0,0
"1,-1,1,1,1,-1,-1,-1,-1,1,1,1,1,-1,1,-1,1,1,0,1,1,1,1,-1,-1,-1,-1,-1,1,1,-1",,,3,0,0,0,0
"-1,-1,-1,1,-1,1,1,-1,-1,1,1,-1,1,1,0,-1,1,-1,1,1,1,1,1,1,-1,1,-1,-1,1,1,1",,,3,0,0,0,0
"1,-1,1,1,1,-1,1,1,1,1,1,1,-1,0,0,-1,1,1,0,1,1,1,1,1,-1,0,1,-1,0,1,1",,,3,0,0,0,0
"1,-1,1,-1,1,-1,-1,1,-1,1,1,1,1,1,1,-1,1,1,0,1,1,1,1,-1,-1,1,1,1,0,1,1",,,3,0,0,0,0
"1,-1,1,1,1,1,1,1,1,1,1,1,-1,1,1,-1,1,1,0,1,1,1,1,1,-1,1,-1,1,0,1,1",,,3,0,0,0,0
"1,-1,1,1,1,-1,1,1,-1,-1,-1,1,-1,0,0,-1,-1,1,0,-1,-1,-1,-1,1,-1,1,-1,1,1,-1,1",,,3,0,0,0,0
"1,-1,1,1,1,1,-1,1,-1,1,1,1,1,-1,-1,-1,1,1,0,1,1,1,1,1,-1,1,-1,1,1,1,1",,,3,0,0,0,0
"1,-1,1,1,1,-1,0,1,-1,-1,-1,1,1,0,1,-1,-1,1,0,-1,-1,-1,-1,-1,-1,1,-1,1,1,-1,1",,,3,0,0,0,0
"1,-1,1,1,1,-1,-1,-1,-1,1,1,1,-1,0,-1,-1,1,1,0,1,1,1,1,-1,1,-1,1,1,0,1,-1",,,3,0,0,0,0
"1,-1,1,1,1,-1,-1,1,1,1,1,1,-1,0,0,-1,1,1,0,1,1,1,1,1,1,1,1,1,0,1,1",,,3,0,0,0,0
"1,-1,1,1,1,-1,-1,-1,-1,1,1,1,1,-1,0,-1,1,1,0,1,1,1,1,-1,-1,1,-1,1,0,1,-1",,,3,0,0,0,0
"-1,-1,-1,1,-1,-1,-1,1,-1,1,1,-1,1,1,1,-1,1,-1,1,1,1,1,1,1,1,1,-1,1,1,1,1",,,3,0,0,0,0
"-1,1,-1,1,-1,-1,1,1,-1,1,1,-1,1,0,-1,1,1,-1,1,1,1,1,1,1,1,0,-1,1,1,1,1",,,3,0,0,0,0
"-1,-1,-1,1,-1,-1,1,1,-1,1,1,-1,1,1,0,-1,1,-1,1,1,1,1,1,1,-1,1,-1,1,1,1,1",,,3,0,0,0,0
"1,-1,1,1,1,-1,0,1,-1,1,1,1,-1,0,0,-1,1,1,0,1,1,1,1,-1,-1,1,-1,1,0,1,1",,,3,0,0,0,0
"1,-1,1,1,1,-1,0,-1,-1,-1,-1,1,1,-1,0,-1,-1,1,0,-1,-1,-1,-1,-1,-1,1,-1,1,0,-1,-1",,,3,0,0,0,0
"1,-1,1,1,1,-1,-1,-1,-1,1,1,1,-1,-1,-1,-1,1,1,0,1,1,1,1,-1,-1,0,-1,1,0,1,-1",,,3,0,0,0,0
"-1,1,-1,1,-1,-1,-1,-1,1,-1,-1,-1,-1,-1,1,1,-1,-1,1,-1,-1,-1,-1,-1,-1,-1,-1,1,1,-1,-1",,,3,0,0,0,0
"1,-1,1,1,1,-1,1,1,-1,1,1,1,1,0,1,-1,1,1,0,1,1,1,1,1,-1,-1,1,1,1,1,1",,,3,0,0,0,0
"1,-1,1,1,1,-1,0,-1,-1,-1,-1,1,1,-1,1,-1,-1,1,0,-1,-1,-1,-1,-1,-1,-1,-1,1,0,-1,-1",,,3,0,0,0,0
"1,-1,1,1,1,-1,0,-1,-1,1,1,1,1,-1,1,-1,1,1,0,1,1,1,1,-1,-1,1,-1,-1,0,1,-1",,,3,0,0,0,0
"1,-1,1,1,1,-1,1,1,1,1,1,1,-1,1,1,-1,1,1,0,1,1,1,1,1,-1,-1,1,1,1,1,1",,,3,0,0,0,0
"1,-1,1,1,1,-1,-1,1,-1,1,1,1,-1,0,1,-1,1,1,0,1,1,1,1,1,1,1,1,1,0,1,1",,,3,0,0,0,0
"1,-1,1,1,1,-1,0,0,-1,1,1,1,1,-1,-1,-1,1,1,0,1,1,1,1,1,1,-1,-1,-1,0,1,-1",,,3,0,0,0,0
"1,1,1,1,1,-1,-1,1,-1,-1,-1,1,1,0,-1,1,-1,1,0,-1,-1,-1,-1,1,-1,1,-1,1,1,-1,1",,,3,0,0,0,0
"1,-1,1,1,1,1,-1,1,-1,-1,-1,1,1,1,0,-1,-1,1,0,-1,-1,-1,-1,1,-1,1,-1,1,1,-1,1",,,3,0,0,0,0
"-1,-1,-1,1,-1,-1,0,-1,-1,-1,-1,-1,1,-1,1,-1,-1,-1,1,-1,-1,-1,-1,1,-1,-1,-1,-1,1,-1,-1",,,3,0,0,0,0
"1,1,1,-1,1,-1,-1,1,-1,1,1,1,1,0,1,1,1,1,0,1,1,1,1,1,1,1,1,1,0,1,1",,,3,0,0,0,0
"1,-1,1,1,1,-1,-1,-1,1,1,1,1,-1,-1,-1,-1,1,1,0,1,1,1,1,1,1,-1,-1,-1,0,1,-1",,,3,0,0,0,0
"-1,-1,-1,1,-1,-1,0,0,1,-1,-1,-1,-1,-1,1,-1,-1,-1,1,-1,-1,-1,-1,1,-1,0,-1,-1,1,-1,-1",,,3,0,0,0,0
"1,1,1,1,1,1,1,1,-1,1,1,1,1,1,0,1,1,1,0,1,1,1,1,1,1,-1,1,1,0,1,1",,,3,0,0,0,0
"1,-1,1,1,1,1,1,1,1,1,1,1,-1,1,-1,-1,1,1,0,1,1,1,1,1,-1,-1,-1,1,1,1,1",,,3,0,0,0,0
"1,-1,1,1,1,-1,-1,1,1,1,1,1,1,0,1,-1,1,1,0,1,1,1,1,-1,-1,-1,-1,-1,1,1,1",,,3,0,0,0,0
"1,1,1,1,1,-1,1,-1,-1,1,1,1,1,1,1,1,1,1,0,1,1,1,1,1,-1,1,-1,1,1,1,1",,,3,0,0,0,0
"1,-1,1,1,1,-1,0,1,-1,1,1,1,1,1,-1,-1,1,1,0,1,1,1,1,-1,1,0,-1,1,0,1,1",,,3,0,0,0,0
"1,-1,1,1,1,-1,-1,1,-1,1,1,1,1,0,-1,-1,1,1,0,1,1,1,1,-1,1,0,-1,-1,0,1,-1",,,3,0,0,0,0
"1,-1,1,1,1,-1,-1,-1,1,1,1,1,-1,-1,0,-1,1,1,0,1,1,1,1,-1,-1,0,-1,-1,0,1,-1",,,3,0,0,0,0
"1,1,1,-1,1,-1,0,1,-1,1,1,1,1,0,1,1,1,1,0,1,1,1,1,-1,-1,1,1,1,0,1,1",,,3,0,0,0,0
"-1,1,-1,1,-1,-1,-1,1,-1,1,1,-1,1,1,0,1,1,-1,1,1,1,1,1,1,-1,1,-1,1,1,1,1",,,3,0,0,0,0
"1,-1,1,1,1,-1,0,-1,-1,1,1,1,1,-1,0,-1,1,1,0,1,1,1,1,-1,-1,-1,-1,1,0,1,-1",,,3,0,0,0,0
"1,-1,1,1,1,-1,-1,-1,1,-1,-1,1,-1,-1,0,-1,-1,1,0,-1,-1,-1,-1,-1,-1,0,-1,1,1,-1,-1",,,3,0,0,0,0
"1,-1,1,1,1,1,-1,1,-1,1,1,1,1,0,-1,-1,1,1,0,1,1,1,1,1,-1,1,1,1,1,1,1",,,3,0,0,0,0
"1,-1,1,1,1,-1,-1,-1,1,1,1,1,-1,0,-1,-1,1,1,0,1,1,1,1,-1,-1,1,-1,1,1,1,-1",,,3,0,0,0,0
"1,-1,1,1,1,-1,1,1,-1,1,1,1,1,1,0,-1,1,1,0,1,1,1,1,1,-1,-1,-1,1,1,1,1",,,3,0,0,0,0
"1,-1,1,1,1,-1,1,1,1,1,1,1,-1,0,1,-1,1,1,0,1,1,1,1,1,-1,1,1,1,1,1,1",,,3,0,0,0,0
"1,-1,1,1,1,-1,-1,1,1,1,1,1,-1,-1,0,-1,1,1,0,1,1,1,1,-1,-1,0,-1,1,0,1,-1",,,3,0,0,0,0
"1,-1,1,1,1,-1,0,0,-1,-1,-1,1,1,-1,-1,-1,-1,1,0,-1,-1,-1,-1,1,1,1,-1,1,1,-1,-1",,,3,0,0,0,0
"1,1,1,1,1,1,1,1,-1,1,1,1,1,0,1,1,1,1,0,1,1,1,1,1,1,-1,-1,1,1,1,1",,,3,0,0,0,0
"1,-1,1,1,1,-1,1,1,1,1,1,1,-1,1,1,-1,1,1,0,1,1,1,1,1,1,1,1,-1,0,1,1",,,3,0,0,0,0
"-1,-1,-1,1,-1,-1,-1,1,-1,1,1,-1,1,0,1,-1,1,-1,1,1,1,1,1,1,-1,1,-1,1,1,1,1",,,3,0,0,0,0
"1,-1,1,1,1,-1,0,1,1,1,1,1,-1,0,0,-1,1,1,0,1,1,1,1,-1,1,-1,-1,1,0,1,1",,,3,0,0,0,0
"1,-1,1,1,1,-1,0,0,1,-1,-1,1,-1,-1,-1,-1,-1,1,0,-1,-1,-1,-1,1,-1,1,-1,-1,1,-1,-1",,,3,0,0,0,0
"1,-1,1,1,1,-1,0,-1,1,1,1,1,-1,-1,-1,-1,1,1,0,1,1,1,1,-1,1,1,-1,1,0,1,-1",,,3,0,0,0,0
"1,-1,1,-1,1,-1,0,0,1,1,1,1,-1,-1,0,-1,1,1,0,1,1,1,1,1,-1,-1,-1,1,1,1,-1",,,3,0,0,0,0
"1,-1,1,1,1,-1,-1,-1,1,1,1,1,1,-1,-1,-1,1,1,0,1,1,1,1,1,1,-1,-1,1,0,1,-1",,,3,0,0,0,0
"1,-1,1,1,1,-1,-1,-1,1,1,1,1,1,0,0,-1,1,1,0,1,1,1,1,-1,-1,1,-1,-1,1,1,1",,,3,0,0,0,0
"1,-1,1,1,1,1,1,1,1,1,1,1,-1,1,1,-1,1,1,0,1,1,1,1,1,-1,-1,-1,1,1,1,1",,,3,0,0,0,0
"1,-1,1,1,1,-1,0,0,-1,1,1,1,-1,-1,0,-1,1,1,0,1,1,1,1,1,1,0,-1,1,0,1,-1",,,3,0,0,0,0
"1,1,1,1,1,1,0,1,-1,1,1,1,1,0,-1,1,1,1,0,1,1,1,1,-1,1,0,-1,-1,0,1,1",,,3,0,0,0,0
"1,-1,1,1,1,-1,1,1,-1,1,1,1,1,1,0,-1,1,1,0,1,1,1,1,1,1,1,-1,-1,0,1,1",,,3,0,0,0,0
"1,-1,1,1,1,-1,0,-1,-1,1,1,1,1,1,0,-1,1,1,0,1,1,1,1,-1,1,1,-1,1,0,1,1",,,3,0,0,0,0
"1,-1,1,1,1,-1,-1,-1,-1,1,1,1,-1,0,-1,-1,1,1,0,1,1,1,1,-1,-1,-1,-1,1,1,1,-1",,,3,0,0,0,0
"1,-1,1,1,1,-1,0,0,-1,-1,-1,1,1,-1,-1,-1,-1,1,0,-1,-1,-1,-1,1,-1,1,-1,1,0,-1,-1",,,3,0,0,0,0
"1,-1,1,1,1,-1,1,1,-1,1,1,1,-1,0,-1,-1,1,1,0,1,1,1,1,1,1,1,1,1,0,1,1",,,3,0,0,0,0
"1,0,1,1,1,-1,-1,-1,1,1,1,-1,-1,0,0,-1,1,1,0,1,1,1,1,-1,1,1,-1,-1,-1,1,-1",,,3,0,0,0,0
"-1,0,-1,1,-1,-1,1,1,-1,1,1,-1,1,0,0,-1,-1,-1,0,1,1,1,1,1,-1,1,-1,1,-1,-1,1",,,3,0,0,0,0
"1,0,1,1,1,-1,-1,-1,1,1,1,-1,-1,0,-1,-1,1,1,0,1,1,1,1,-1,1,0,-1,-1,0,1,-1",,,3,0,0,0,0
"1,1,-1,1,1,-1,-1,1,-1,1,1,1,1,0,1,-1,1,1,0,1,1,1,1,1,-1,0,-1,-1,0,1,-1",,,3,0,0,0,0
"1,1,-1,1,1,-1,1,-1,-1,1,1,1,1,-1,-1,-1,-1,-1,0,1,1,1,1,-1,-1,-1,-1,-1,0,-1,-1",,,3,0,0,0,0
"-1,1,-1,1,-1,-1,0,0,1,1,1,-1,-1,-1,1,-1,1,1,0,-1,1,-1,1,1,-1,-1,-1,-1,0,1,-1",,,3,0,0,0,0
"1,1,-1,1,1,-1,0,-1,1,1,1,1,-1,-1,-1,-1,1,1,0,1,1,1,1,-1,-1,0,-1,-1,1,1,-1",,,3,0,0,0,0
"1,1,-1,1,1,1,-1,1,-1,1,1,-1,1,0,1,1,1,1,0,1,1,1,1,1,1,1,-1,1,-1,1,1",,,3,0,0,0,0
"1,1,1,1,1,-1,-1,1,1,1,1,-1,-1,0,-1,-1,-1,-1,0,1,1,1,1,1,1,-1,1,1,-1,-1,1",,,3,0,0,0,0
"1,1,1,1,1,-1,-1,1,-1,1,1,1,1,0,0,-1,-1,-1,0,-1,-1,-1,-1,1,1,0,-1,1,0,-1,1",,,3,0,0,0,0
"1,0,-1,1,1,-1,0,1,-1,1,1,1,1,0,0,-1,-1,-1,0,-1,1,-1,1,-1,-1,1,-1,-1,-1,-1,1",,,3,0,0,0,0
"1,0,1,1,1,-1,0,1,1,1,1,-1,-1,0,-1,-1,-1,-1,0,1,1,1,1,-1,1,-1,-1,-1,0,-1,1",,,3,0,0,0,0
"1,1,1,1,1,-1,-1,-1,-1,1,1,-1,1,0,0,-1,1,1,0,1,1,1,1,1,1,0,-1,-1,-1,1,1",,,3,0,0,0,0
"1,-1,-1,-1,1,-1,1,1,-1,1,1,-1,-1,0,0,-1,1,1,0,1,1,1,1,1,-1,-1,-1,1,0,1,1",,,3,0,0,0,0
"1,-1,1,1,1,-1,0,-1,1,1,1,-1,-1,-1,-1,-1,-1,-1,0,1,1,1,1,1,-1,0,-1,1,-1,-1,-1",,,3,0,0,0,0
"1,-1,1,1,1,1,1,1,-1,1,1,1,1,1,1,1,-1,-1,0,1,1,1,1,1,-1,-1,-1,1,-1,-1,1",,,3,0,0,0,0
"1,0,1,1,1,-1,-1,1,-1,1,1,1,1,0,1,-1,-1,-1,0,1,1,1,1,1,-1,1,-1,-1,0,-1,1",,,3,0,0,0,0
"1,0,1,1,1,-1,0,0,1,1,1,1,-1,-1,-1,-1,-1,-1,0,1,1,1,1,1,1,1,-1,1,1,-1,-1",,,3,0,0,0,0
"1,0,1,1,1,-1,-1,-1,1,-1,1,1,-1,-1,0,-1,1,1,0,-1,1,-1,1,-1,1,0,-1,1,0,1,-1",,,3,0,0,0,0
"1,1,1,1,1,1,-1,1,-1,1,1,1,1,1,-1,1,-1,-1,0,1,1,1,1,1,-1,1,-1,1,1,-1,1",,,3,0,0,0,0
"1,-1,1,1,1,-1,0,-1,-1,1,1,-1,-1,1,0,-1,1,1,0,1,1,1,1,-1,1,1,-1,1,0,1,1",,,3,0,0,0,0
"1,-1,1,1,1,1,1,1,-1,1,1,-1,1,1,0,-1,1,1,0,1,1,1,1,1,1,1,-1,1,0,1,1",,,3,0,0,0,0
"-1,-1,-1,1,-1,-1,1,1,-1,1,1,-1,1,0,-1,-1,1,1,1,1,1,1,1,1,1,1,-1,1,-1,1,1",,,3,0,0,0,0
"1,-1,1,1,1,-1,-1,-1,-1,1,1,-1,-1,0,-1,-1,1,1,0,1,1,1,1,-1,1,1,-1,1,0,1,-1",,,3,0,0,0,0
"1,-1,1,1,1,-1,1,1,-1,1,1,1,1,0,1,-1,-1,-1,0,1,1,1,1,1,1,1,-1,1,-1,-1,1",,,3,0,0,0,0
"1,1,1,1,1,-1,1,1,-1,-1,1,1,1,0,0,1,1,1,0,-1,1,-1,-1,1,-1,0,-1,1,0,1,1",,,3,0,0,0,0
"-1,-1,-1,1,-1,1,-1,1,-1,1,1,-1,1,1,1,-1,-1,-1,0,1,1,1,1,1,-1,1,-1,1,0,-1,1",,,3,0,0,0,0
"1,-1,1,1,1,-1,1,-1,1,1,1,1,-1,0,0,-1,1,1,0,1,1,1,1,-1,-1,1,-1,1,0,1,-1",,,3,0,0,0,0
"-1,-1,-1,1,-1,1,1,1,1,1,1,-1,1,0,0,-1,1,1,0,1,1,1,1,1,-1,1,-1,1,1,1,1",,,3,0,0,0,0
"1,-1,1,1,1,-1,1,1,-1,-1,-1,1,1,0,1,-1,-1,-1,0,-1,1,-1,1,1,-1,1,1,1,0,-1,1",,,3,0,0,0,0
"1,-1,1,1,1,-1,-1,1,-1,-1,1,1,-1,0,-1,-1,1,1,0,-1,1,-1,-1,-1,1,1,-1,1,-1,1,-1",,,3,0,0,0,0
"1,-1,1,1,1,-1,1,1,-1,1,1,1,1,1,0,-1,-1,-1,0,1,1,1,1,1,1,1,1,-1,0,-1,1",,,3,0,0,0,0
"-1,-1,-1,1,-1,-1,1,1,-1,1,1,-1,1,0,-1,-1,-1,-1,0,1,1,1,1,1,-1,1,1,1,-1,-1,1",,,3,0,0,0,0
"1,-1,1,1,1,-1,-1,-1,-1,1,1,1,1,0,-1,-1,-1,-1,0,1,1,1,1,-1,1,-1,-1,-1,0,-1,-1",,,3,0,0,0,0
"1,-1,1,1,-1,1,-1,1,-1,1,1,1,1,1,0,-1,1,1,0,1,1,1,1,1,-1,1,-1,1,0,1,1",,,3,0,0,0,0
"1,-1,1,1,-1,-1,0,0,-1,1,1,-1,-1,-1,1,-1,1,1,0,1,1,1,1,1,-1,-1,-1,1,0,1,-1",,,3,0,0,0,0
"1,-1,1,1,-1,1,0,1,1,-1,-1,-1,-1,0,1,-1,-1,-1,1,-1,1,-1,1,-1,-1,1,1,1,0,-1,1",,,3,0,0,0,0
"1,-1,1,1,1,-1,-1,-1,-1,1,1,1,1,-1,0,-1,1,1,0,1,1,1,1,-1,1,-1,-1,1,-1,1,-1",,,3,0,0,0,0
"1,1,1,1,1,-1,0,1,-1,1,1,1,1,0,1,1,1,1,0,1,1,1,1,-1,1,1,1,-1,-1,1,1",,,3,0,0,0,0
"1,-1,1,1,1,1,-1,1,-1,1,1,1,1,0,0,-1,1,1,0,1,1,1,1,-1,1,1,-1,1,-1,1,1",,,3,0,0,0,0
"1,1,1,-1,1,-1,1,1,-1,1,1,-1,1,0,1,1,1,1,0,1,1,1,1,1,1,1,-1,1,-1,1,1",,,3,0,0,0,0
"1,1,1,1,-1,-1,-1,1,-1,-1,1,-1,1,0,1,1,1,1,0,-1,1,-1,1,1,-1,1,-1,1,0,1,1",,,3,0,0,0,0
"1,-1,1,1,1,1,1,1,-1,1,1,1,1,1,1,-1,1,1,0,1,1,1,1,1,1,1,-1,-1,0,1,1",,,3,0,0,0,0
"-1,1,-1,1,-1,-1,0,0,-1,1,1,-1,1,-1,0,1,1,1,0,1,1,1,1,1,-1,1,-1,-1,-1,1,-1",,,3,0,0,0,0
"-1,-1,-1,1,-1,1,1,1,1,1,1,-1,-1,1,0,-1,-1,-1,0,1,1,1,1,1,-1,1,1,1,1,-1,1",,,3,0,0,0,0
"1,-1,1,1,1,-1,1,1,-1,1,1,-1,-1,1,0,-1,-1,-1,0,1,1,1,1,1,-1,-1,-1,1,0,-1,1",,,3,0,0,0,0
"1,-1,1,1,1,-1,1,1,-1,1,1,1,1,0,1,-1,1,1,0,1,1,1,1,1,-1,-1,1,1,-1,1,1",,,3,0,0,0,0
"1,-1,1,1,1,-1,1,1,-1,1,1,1,1,0,1,-1,1,1,0,1,1,1,1,1,1,0,-1,1,-1,1,-1",,,3,0,0,0,0
"1,-1,1,1,1,-1,-1,-1,-1,1,1,-1,1,0,-1,-1,1,1,0,1,1,1,1,-1,-1,0,-1,-1,0,1,-1",,,3,0,0,0,0
"1,-1,1,1,1,-1,-1,-1,-1,1,1,1,1,0,-1,-1,-1,1,0,1,1,1,1,1,-1,1,-1,-1,-1,1,-1",,,3,0,0,0,0
"1,-1,1,1,1,-1,1,-1,-1,1,1,1,-1,-1,0,-1,-1,1,0,1,1,1,1,-1,-1,-1,-1,1,0,1,-1",,,3,0,0,0,0
"1,-1,1,1,1,-1,0,1,-1,1,1,1,1,0,1,-1,-1,1,0,1,1,1,1,-1,-1,1,-1,1,-1,1,1",,,3,0,0,0,0
"1,-1,1,1,1,-1,-1,-1,1,1,1,1,-1,1,-1,-1,1,1,0,1,1,1,1,-1,1,-1,-1,-1,1,1,-1",,,3,0,0,0,0
"1,-1,1,1,1,-1,-1,-1,1,1,1,1,-1,0,0,-1,1,1,0,1,1,1,1,1,1,1,-1,-1,1,1,-1",,,3,0,0,0,0
"1,-1,1,1,1,-1,0,1,-1,-1,1,1,1,0,0,-1,-1,-1,0,-1,1,-1,1,-1,-1,0,-1,1,-1,-1,1",,,3,0,0,0,0
"-1,1,-1,1,-1,-1,1,-1,-1,1,1,-1,1,-1,1,1,1,-1,1,-1,1,-1,1,1,-1,1,-1,1,0,-1,-1",,,3,0,0,0,0
"1,-1,1,1,1,-1,0,0,1,1,1,1,-1,-1,-1,-1,1,1,0,1,1,1,1,1,-1,1,-1,1,1,1,-1",,,3,0,0,0,0
"1,-1,1,1,1,1,1,1,-1,1,1,1,-1,0,-1,-1,-1,1,0,1,1,1,1,1,1,0,-1,-1,0,1,1",,,3,0,0,0,0
"1,-1,1,1,1,-1,1,1,-1,-1,-1,1,1,1,-1,-1,-1,1,0,-1,1,-1,1,1,-1,1,1,-1,0,1,1",,,3,0,0,0,0
"1,-1,1,1,1,-1,-1,-1,1,1,1,-1,-1,0,-1,-1,1,1,0,1,1,1,1,-1,1,0,-1,-1,1,1,1",,,3,0,0,0,0
"1,-1,1,1,1,1,0,1,-1,1,1,1,1,1,0,-1,1,1,0,1,1,1,1,-1,-1,1,1,-1,0,1,1",,,3,0,0,0,0
"1,1,1,1,1,1,0,-1,-1,1,1,1,1,0,0,1,1,1,0,1,1,1,1,1,1,1,-1,-1,-1,1,1",,,3,0,0,0,0
"1,-1,1,1,1,-1,0,1,-1,1,1,1,1,0,1,-1,1,1,0,1,1,1,1,-1,-1,1,-1,1,0,1,1",,,3,0,0,0,0
"1,-1,1,1,-1,-1,-1,1,-1,1,1,1,-1,0,-1,-1,1,1,1,1,1,1,1,-1,-1,1,-1,-1,0,1,-1",,,3,0,0,0,0
"1,-1,1,1,-1,-1,-1,0,1,1,1,1,-1,0,-1,-1,1,1,1,1,1,1,1,-1,1,0,-1,-1,1,1,-1",,,3,0,0,0,0
"1,-1,1,1,1,-1,-1,1,1,1,1,-1,-1,1,1,-1,1,1,0,1,1,1,1,1,-1,1,-1,1,1,1,1",,,3,0,0,0,0
"1,-1,1,1,-1,-1,1,-1,-1,1,1,1,1,0,0,-1,-1,1,1,1,1,1,1,-1,1,0,-1,-1,0,1,-1",,,3,0,0,0,0
"1,-1,1,1,-1,-1,1,1,-1,1,1,1,1,1,0,-1,1,1,1,1,1,1,1,1,1,1,1,-1,-1,1,1",,,3,0,0,0,0
"1,-1,1,1,1,-1,-1,-1,-1,1,1,1,1,0,-1,-1,1,1,0,1,1,1,1,-1,1,1,-1,1,0,1,-1",,,3,0,0,0,0
"1,-1,1,1,1,-1,0,0,1,1,1,1,-1,-1,-1,-1,-1,1,0,1,1,1,1,1,1,-1,-1,1,1,1,-1",,,3,0,0,0,0
"1,-1,1,1,1,-1,-1,1,1,1,1,1,1,0,-1,-1,-1,1,0,1,1,1,1,-1,1,0,-1,1,1,1,-1",,,3,0,0,0,0
"1,-1,1,1,1,-1,-1,-1,-1,1,1,1,1,-1,0,-1,-1,1,0,1,1,1,1,-1,1,1,-1,1,-1,1,-1",,,3,0,0,0,0
"1,-1,1,1,1,-1,-1,1,-1,1,1,1,1,0,0,-1,-1,1,0,1,1,1,1,1,1,1,-1,1,-1,1,1",,,3,0,0,0,0
"1,1,1,1,1,-1,1,1,-1,1,1,1,1,0,-1,1,-1,1,0,1,1,1,1,1,1,0,-1,-1,0,1,1",,,3,0,0,0,0
"1,-1,1,1,1,-1,0,0,-1,1,1,1,1,-1,0,-1,1,1,0,1,1,1,1,1,1,-1,-1,1,-1,1,-1",,,3,0,0,0,0
"1,1,1,1,1,1,-1,1,-1,1,1,-1,1,0,0,1,1,1,0,1,1,1,1,-1,-1,1,1,1,-1,1,1",,,3,0,0,0,0
"1,-1,1,1,1,-1,0,0,1,-1,1,-1,-1,-1,0,-1,1,1,0,-1,1,-1,1,1,-1,-1,-1,1,1,1,-1",,,3,0,0,0,0
"1,-1,1,1,1,-1,-1,1,1,1,1,1,-1,-1,-1,-1,1,1,0,1,1,1,1,-1,-1,0,-1,1,1,1,-1",,,3,0,0,0,0
"1,-1,1,1,1,1,0,1,-1,1,1,1,1,0,0,-1,1,1,0,1,1,1,1,1,-1,1,1,1,0,1,1",,,3,0,0,0,0
"-1,-1,-1,1,-1,1,-1,1,-1,1,1,-1,-1,0,0,-1,1,-1,0,1,1,1,1,1,1,1,-1,1,0,-1,1",,,3,0,0,0,0
"1,-1,1,1,1,-1,0,1,1,1,1,-1,-1,0,-1,-1,1,-1,0,1,1,1,1,-1,-1,0,-1,1,1,-1,-1",,,3,0,0,0,0
"1,-1,1,1,1,1,-1,1,-1,-1,1,-1,1,1,1,-1,1,-1,0,-1,1,-1,1,1,1,1,-1,-1,-1,-1,1",,,3,0,0,0,0
"1,-1,1,1,1,-1,-1,-1,1,1,1,1,-1,0,1,-1,1,1,0,1,1,1,1,1,-1,1,-1,-1,1,1,-1",,,3,0,0,0,0
"1,-1,1,1,1,-1,0,-1,1,1,1,1,1,0,-1,-1,1,1,0,1,1,1,1,-1,-1,1,-1,1,1,1,-1",,,3,0,0,0,0
"1,-1,1,1,1,-1,-1,1,-1,1,1,1,1,0,0,-1,1,1,0,1,1,1,1,1,1,1,1,-1,0,1,1",,,3,0,0,0,0
"1,-1,1,1,1,-1,0,1,-1,1,1,1,-1,1,-1,-1,1,1,0,1,1,1,1,-1,1,0,1,-1,0,1,1",,,3,0,0,0,0
"1,-1,1,1,1,1,-1,1,1,1,1,1,-1,0,-1,-1,1,1,0,1,1,1,1,1,1,-1,-1,1,1,1,1",,,3,0,0,0,0
"1,-1,1,1,1,-1,-1,1,-1,1,1,1,1,0,-1,-1,1,1,0,1,1,1,1,-1,-1,0,-1,1,0,1,-1",,,3,0,0,0,0
"1,-1,1,1,1,-1,1,1,1,1,1,1,-1,0,1,-1,1,1,0,1,1,1,1,1,-1,1,-1,1,1,1,1",,,3,0,0,0,0
"1,-1,1,1,1,-1,1,1,1,1,1,1,1,0,0,-1,1,1,0,1,1,1,1,1,-1,0,-1,1,1,1,-1",,,3,0,0,0,0
"1,-1,1,1,1,-1,-1,1,-1,1,1,1,1,0,0,-1,1,1,0,1,1,1,1,-1,1,1,-1,-1,0,1,1",,,3,0,0,0,0
"1,-1,1,1,1,-1,0,0,-1,1,1,1,1,0,-1,-1,1,1,0,1,1,1,1,1,-1,-1,-1,-1,1,1,-1",,,3,0,0,0,0
"1,-1,1,1,1,1,1,1,-1,-1,-1,1,1,0,0,-1,-1,1,0,-1,1,-1,1,1,-1,1,-1,-1,1,1,1",,,3,0,0,0,0
"1,-1,1,1,1,-1,0,0,-1,1,1,1,1,-1,1,-1,1,1,0,1,1,1,1,1,1,1,-1,-1,0,1,-1",,,3,0,0,0,0
"1,-1,1,1,1,-1,-1,-1,-1,1,1,1,-1,-1,0,-1,1,1,0,1,1,1,1,-1,1,0,-1,-1,0,1,-1",,,3,0,0,0,0
"-1,-1,-1,1,-1,-1,0,-1,-1,1,1,-1,1,0,0,-1,1,-1,0,1,1,1,1,1,-1,1,-1,-1,1,-1,1",,,3,0,0,0,0
"1,-1,1,1,1,-1,0,0,-1,1,1,1,1,-1,0,-1,-1,1,0,1,1,1,1,1,-1,-1,-1,-1,0,1,-1",,,3,0,0,0,0
"1,-1,1,1,1,-1,0,0,-1,1,1,1,-1,-1,-1,-1,-1,1,0,1,1,1,1,1,1,-1,-1,-1,0,1,-1",,,3,0,0,0,0
"1,1,1,1,1,-1,0,-1,-1,-1,1,1,1,0,0,1,-1,1,0,-1,1,-1,1,-1,1,1,-1,1,0,1,1",,,3,0,0,0,0
"1,-1,1,1,1,-1,-1,0,1,1,1,1,1,0,-1,-1,1,1,0,1,1,1,1,-1,-1,1,-1,-1,0,1,-1",,,3,0,0,0,0
"-1,-1,-1,1,-1,-1,0,1,1,1,1,-1,-1,1,-1,-1,1,-1,0,1,1,1,1,-1,-1,1,1,-1,1,-1,1",,,3,0,0,0,0
"1,1,1,1,1,-1,-1,1,-1,-1,1,1,1,1,0,1,1,1,0,-1,1,-1,1,1,-1,1,1,-1,1,1,1",,,3,0,0,0,0
"1,-1,1,-1,1,-1,0,0,-1,1,1,1,-1,-1,1,-1,1,1,0,1,1,1,1,1,-1,1,-1,-1,0,1,-1",,,3,0,0,0,0
"1,-1,1,1,1,-1,1,1,-1,1,1,1,1,1,-1,-1,1,1,0,1,1,1,1,1,-1,1,-1,-1,1,1,1",,,3,0,0,0,0
"1,-1,1,1,1,-1,0,1,1,1,1,1,-1,0,0,-1,1,1,0,1,1,1,1,-1,-1,1,-1,-1,1,1,1",,,3,0,0,0,0
"1,-1,1,1,1,-1,-1,-1,1,1,1,1,1,0,0,-1,1,1,0,1,1,1,1,-1,1,1,-1,-1,0,1,-1",,,3,0,0,0,0
"1,-1,1,1,1,-1,1,1,-1,1,1,1,1,0,-1,-1,1,1,0,1,1,1,1,1,1,1,1,-1,0,1,1",,,3,0,0,0,0
"1,-1,1,1,1,-1,0,-1,1,1,1,1,-1,0,-1,-1,1,1,0,1,1,1,1,-1,-1,1,-1,-1,0,1,-1",,,3,0,0,0,0
"1,1,1,1,1,-1,1,1,1,-1,1,1,-1,0,0,1,1,1,0,-1,1,-1,1,1,-1,1,-1,-1,0,1,1",,,3,0,0,0,0
"1,-1,1,1,1,-1,1,1,-1,1,1,1,1,1,0,-1,1,1,0,1,1,1,1,1,-1,1,1,1,0,1,1",,,3,0,0,0,0
"1,1,1,1,1,-1,0,0,-1,1,1,1,1,-1,-1,1,1,1,0,1,1,1,1,1,1,-1,-1,-1,0,1,-1",,,3,0,0,0,0
"1,-1,1,1,1,-1,-1,1,1,-1,1,1,-1,-1,0,-1,1,1,0,1,1,-1,1,-1,1,-1,-1,1,0,1,-1",,,3,0,0,0,0
"1,-1,1,1,1,-1,-1,1,-1,-1,1,1,1,1,1,-1,1,1,0,1,1,-1,1,1,-1,1,1,-1,1,1,1",,,3,0,0,0,0
"-1,-1,-1,1,-1,-1,1,1,1,-1,1,-1,-1,0,1,-1,1,-1,1,1,1,-1,1,1,-1,0,-1,1,1,-1,1",,,3,0,0,0,0
"1,-1,1,1,1,-1,-1,1,1,1,1,1,-1,0,0,-1,1,1,0,1,1,1,1,-1,-1,-1,-1,1,0,1,1",,,3,0,0,0,0
"1,-1,1,1,1,-1,1,1,-1,1,1,1,1,0,0,-1,1,1,0,1,1,1,1,1,1,0,-1,1,0,1,-1",,,3,0,0,0,0
"1,-1,1,1,1,-1,0,-1,1,1,1,1,1,0,-1,-1,1,1,0,1,1,1,1,-1,-1,0,-1,-1,0,1,-1",,,3,0,0,0,0
"-1,1,-1,1,-1,-1,-1,1,-1,1,1,-1,1,0,-1,1,1,1,1,1,1,1,1,-1,-1,0,-1,-1,1,1,-1",,,3,0,0,0,0
"1,-1,1,1,1,-1,-1,-1,-1,1,1,1,-1,0,-1,-1,1,1,0,1,1,1,1,-1,-1,0,-1,-1,0,1,-1",,,3,0,0,0,0
"1,-1,1,1,1,-1,-1,-1,1,1,1,1,-1,0,0,-1,1,1,0,1,1,1,1,-1,-1,1,-1,-1,0,1,-1",,,3,0,0,0,0
"1,-1,1,1,1,-1,-1,-1,-1,1,1,-1,-1,-1,0,-1,1,1,0,1,1,1,1,-1,-1,-1,-1,-1,0,1,-1",,,3,0,0,0,0
"1,-1,1,1,1,1,-1,1,1,1,1,1,-1,1,0,-1,1,1,0,1,1,1,1,-1,-1,1,1,1,0,1,1",,,3,0,0,0,0
"1,-1,1,1,1,-1,-1,-1,1,1,1,1,-1,0,0,-1,1,1,0,1,1,1,1,-1,-1,1,-1,1,0,1,-1",,,3,0,0,0,0
"1,-1,1,1,1,-1,-1,1,1,1,1,-1,-1,0,1,-1,-1,1,0,1,1,1,1,1,1,1,-1,1,0,1,1",,,3,0,0,0,0
"1,-1,1,1,1,1,0,1,-1,1,1,1,1,1,0,-1,1,1,0,1,1,1,1,-1,1,1,-1,1,0,1,1",,,3,0,0,0,0
"1,-1,1,1,1,-1,0,-1,-1,1,1,1,1,-1,-1,-1,1,1,0,1,1,1,1,-1,-1,1,-1,1,0,1,-1",,,3,0,0,0,0
"1,-1,1,1,1,-1,-1,-1,-1,-1,-1,1,1,0,-1,-1,-1,1,0,1,1,-1,1,1,1,1,-1,-1,0,1,1",,,3,0,0,0,0
"1,-1,1,1,1,-1,0,1,-1,1,1,1,1,0,0,-1,1,1,0,1,1,1,1,-1,1,1,1,-1,0,1,1",,,3,0,0,0,0
"1,-1,1,1,1,-1,1,1,-1,1,1,1,1,1,-1,-1,1,1,0,1,1,1,1,1,-1,0,1,-1,1,1,1",,,3,0,0,0,0
"1,-1,1,1,1,-1,-1,-1,1,1,1,1,-1,1,-1,-1,1,1,0,1,1,1,1,-1,-1,-1,-1,-1,1,1,-1",,,3,0,0,0,0
"1,-1,1,1,1,-1,0,-1,-1,1,1,1,-1,-1,0,-1,1,1,0,1,1,-1,1,-1,-1,0,-1,1,1,1,-1",,,3,0,0,0,0
"1,-1,1,1,1,-1,1,1,1,1,1,1,1,0,0,-1,1,1,0,1,1,1,1,1,-1,0,-1,1,1,1,1",,,3,0,0,0,0
"-1,1,-1,1,-1,1,1,1,-1,1,1,-1,-1,0,1,1,1,-1,1,1,1,1,1,1,-1,1,-1,1,1,-1,1",,,3,0,0,0,0
"1,-1,1,1,1,-1,-1,-1,1,1,1,1,-1,0,-1,-1,1,1,0,1,1,1,1,-1,-1,-1,-1,-1,1,1,-1",,,3,0,0,0,0
"1,-1,1,1,1,-1,0,-1,-1,-1,1,1,1,-1,1,-1,1,1,0,1,1,-1,1,-1,1,-1,-1,1,0,1,-1",,,3,0,0,0,0
"-1,1,-1,1,-1,1,0,-1,-1,1,1,-1,1,1,1,1,1,-1,1,1,1,1,1,1,-1,1,-1,1,1,-1,1",,,3,0,0,0,0
"1,-1,1,1,1,-1,1,1,-1,-1,-1,1,1,1,0,-1,-1,1,0,1,1,-1,-1,1,-1,1,-1,1,1,1,1",,,3,0,0,0,0
"1,-1,1,1,1,-1,-1,-1,-1,1,1,1,-1,0,-1,-1,1,1,0,1,1,1,1,-1,1,0,-1,1,0,1,-1",,,3,0,0,0,0
"1,1,1,1,1,-1,-1,1,-1,1,1,1,1,0,1,1,1,1,0,1,1,1,1,1,-1,1,-1,1,1,1,1",,,3,0,0,0,0
"1,1,1,-1,1,1,-1,1,-1,1,1,1,1,0,1,1,1,1,0,1,1,1,1,-1,-1,1,-1,1,0,1,1",,,3,0,0,0,0
"1,-1,1,1,1,-1,-1,-1,-1,1,1,1,1,-1,-1,-1,1,1,0,1,1,1,1,-1,-1,-1,-1,-1,0,1,-1",,,3,0,0,0,0
"1,-1,1,1,1,-1,0,1,1,1,1,1,-1,0,0,-1,1,1,0,1,1,1,1,-1,-1,1,-1,1,0,1,1",,,3,0,0,0,0
"1,-1,1,1,1,-1,-1,1,1,1,1,1,-1,1,1,-1,1,1,0,1,1,1,1,1,-1,1,1,-1,0,1,1",,,3,0,0,0,0
"1,-1,1,1,1,-1,-1,1,-1,1,1,1,1,0,0,-1,1,1,0,1,1,1,1,1,-1,1,-1,-1,1,1,1",,,3,0,0,0,0
"1,-1,1,1,1,-1,1,1,-1,-1,1,1,1,0,-1,-1,1,1,0,-1,1,-1,1,1,-1,1,-1,-1,1,1,1",,,3,0,0,0,0
"1,-1,1,1,1,-1,-1,1,1,1,1,1,-1,0,0,-1,1,1,0,1,1,1,1,-1,1,1,-1,1,0,1,1",,,3,0,0,0,0
"1,1,1,1,1,-1,-1,1,-1,1,1,1,1,0,0,1,1,1,0,1,1,1,1,-1,1,1,-1,1,0,1,1",,,3,0,0,0,0
"1,-1,1,1,1,-1,1,-1,-1,1,1,1,1,-1,0,-1,1,1,0,1,1,1,1,1,-1,-1,-1,1,0,1,-1",,,3,0,0,0,0
"1,-1,1,1,1,-1,-1,1,-1,1,1,1,-1,0,-1,-1,1,1,0,1,1,1,1,-1,-1,0,-1,-1,0,1,-1",,,3,0,0,0,0
"1,-1,1,1,1,1,-1,1,-1,-1,1,1,1,1,0,-1,1,1,0,1,1,-1,1,-1,1,1,-1,1,0,1,1",,,3,0,0,0,0
"1,1,1,1,1,-1,-1,-1,-1,1,1,1,1,-1,-1,1,1,1,0,1,1,1,1,1,-1,-1,-1,-1,1,1,-1",,,3,0,0,0,0
"1,-1,1,1,1,-1,-1,-1,1,1,1,1,-1,0,0,-1,1,1,0,1,1,1,1,-1,1,-1,1,-1,0,1,-1",,,3,0,0,0,0
"1,-1,1,1,1,-1,-1,1,-1,-1,1,1,1,0,0,-1,1,1,0,1,1,-1,1,1,1,0,-1,-1,0,1,1",,,3,0,0,0,0
"1,-1,1,1,1,-1,1,1,1,1,1,1,-1,1,-1,-1,1,1,0,1,1,1,1,1,-1,0,1,1,0,1,1",,,3,0,0,0,0
"1,1,1,1,1,-1,-1,1,-1,1,1,1,1,1,1,1,1,1,0,1,1,1,1,1,-1,1,1,1,0,1,1",,,3,0,0,0,0
"1,-1,1,1,1,-1,0,-1,-1,1,1,1,1,1,0,-1,1,1,0,1,1,1,1,1,-1,1,-1,1,0,1,1",,,3,0,0,0,0
"1,-1,1,1,1,-1,0,1,-1,1,1,1,-1,0,-1,-1,1,1,0,1,1,1,1,-1,1,0,-1,1,0,1,1",,,3,0,0,0,0
"1,-1,1,1,1,-1,0,0,1,1,1,1,-1,-1,-1,-1,1,1,0,1,1,1,1,1,1,1,-1,-1,0,1,-1",,,3,0,0,0,0
"1,-1,1,1,1,-1,0,1,-1,1,1,1,-1,0,1,-1,1,1,0,1,1,1,1,-1,1,1,1,1,0,1,1",,,3,0,0,0,0
"1,-1,1,1,1,-1,1,1,-1,-1,-1,1,1,0,1,-1,-1,1,0,1,1,-1,1,1,-1,0,-1,-1,1,1,-1",,,3,0,0,0,0
"1,-1,1,1,1,-1,-1,-1,1,1,1,1,1,-1,-1,-1,1,1,0,1,1,1,1,-1,1,-1,-1,-1,0,1,-1",,,3,0,0,0,0
"1,-1,1,1,1,-1,1,1,-1,-1,1,1,1,0,0,-1,1,1,0,1,1,-1,1,1,1,0,-1,1,0,1,1",,,3,0,0,0,0
"1,-1,1,1,1,1,1,1,1,1,1,1,-1,1,0,-1,1,1,0,1,1,1,1,1,-1,1,-1,1,1,1,1",,,3,0,0,0,0
"1,-1,1,1,1,-1,0,1,1,1,1,1,-1,0,1,-1,1,1,0,1,1,1,1,-1,-1,0,-1,1,0,1,-1",,,3,0,0,0,0
"1,-1,1,1,1,-1,0,-1,-1,1,1,1,1,0,0,-1,1,1,0,1,1,1,1,-1,-1,1,-1,1,0,1,-1",,,3,0,0,0,0
"1,-1,1,1,1,-1,0,1,-1,1,1,1,-1,0,0,-1,1,1,0,1,1,1,1,1,-1,1,1,1,1,1,1",,,3,0,0,0,0
"1,-1,1,1,1,-1,1,1,-1,1,1,1,-1,1,-1,-1,1,1,0,1,1,1,1,1,1,0,1,1,0,1,1",,,3,0,0,0,0
"1,-1,1,1,1,-1,1,1,-1,-1,1,1,1,0,-1,-1,1,1,0,1,1,-1,1,1,1,1,-1,1,0,1,1",,,3,0,0,0,0
"1,-1,1,1,1,1,0,1,-1,1,1,1,-1,1,0,-1,1,1,0,1,1,1,1,1,-1,1,-1,1,1,1,1",,,3,0,0,0,0
"1,1,1,1,1,-1,1,1,-1,-1,1,1,1,0,-1,1,1,1,0,1,1,-1,1,1,-1,1,-1,1,1,1,1",,,3,0,0,0,0
"1,-1,1,1,1,-1,-1,1,-1,-1,1,1,1,0,0,-1,1,1,0,1,1,-1,1,-1,1,0,-1,-1,0,1,-1",,,3,0,0,0,0
"1,-1,1,1,1,-1,-1,-1,1,1,1,1,-1,0,-1,-1,1,1,0,1,1,1,1,-1,1,0,-1,-1,0,1,-1",,,3,0,0,0,0
"1,-1,1,1,1,-1,-1,-1,1,1,1,1,1,0,-1,-1,1,1,0,1,1,1,1,-1,-1,0,-1,1,0,1,-1",,,3,0,0,0,0
"1,-1,1,1,1,-1,-1,0,-1,1,1,1,-1,0,-1,-1,1,1,0,1,1,1,1,-1,-1,0,-1,-1,0,1,-1",,,3,0,0,0,0
"1,-1,1,1,1,-1,1,-1,1,1,1,1,-1,0,-1,-1,1,1,0,1,1,1,1,1,-1,1,-1,-1,0,1,-1",,,3,0,0,0,0
"-1,-1,-1,1,-1,-1,-1,-1,-1,-1,1,-1,1,-1,1,-1,1,-1,1,-1,1,-1,1,-1,-1,0,-1,-1,1,-1,-1",,,3,0,0,0,0
"1,-1,1,-1,1,-1,1,1,1,1,1,1,-1,0,0,-1,1,1,0,1,1,1,1,1,1,-1,1,1,0,1,1",,,3,0,0,0,0
"1,-1,1,1,1,-1,-1,1,-1,-1,1,1,1,0,1,-1,1,1,0,1,1,-1,1,1,1,0,-1,1,0,1,1",,,3,0,0,0,0
"-1,-1,-1,1,-1,-1,-1,1,-1,1,1,-1,1,1,-1,-1,1,-1,1,1,1,1,1,1,-1,1,1,1,1,1,1",,,3,0,0,0,0
"1,-1,1,1,1,-1,0,1,-1,-1,-1,1,1,1,-1,-1,-1,1,0,-1,1,-1,1,-1,-1,1,-1,1,1,-1,1",,,3,0,0,0,0
"1,-1,1,1,1,-1,-1,1,-1,1,1,1,1,0,0,-1,1,1,0,1,1,1,1,1,-1,0,-1,-1,1,1,-1",,,3,0,0,0,0
"1,-1,1,1,1,-1,-1,-1,-1,-1,-1,1,1,-1,0,-1,-1,1,0,1,1,-1,1,-1,-1,-1,-1,-1,0,1,-1",,,3,0,0,0,0
"1,-1,1,1,1,-1,0,0,-1,1,1,1,1,-1,0,-1,1,1,0,1,1,1,1,1,-1,-1,-1,-1,0,1,-1",,,3,0,0,0,0
"1,1,1,1,1,-1,0,0,-1,1,1,1,1,-1,0,1,1,1,0,1,1,1,1,1,-1,1,-1,-1,1,1,-1",,,3,0,0,0,0
"1,-1,1,1,1,-1,-1,0,-1,1,1,1,-1,0,-1,-1,1,1,0,1,1,1,1,-1,1,1,-1,-1,0,1,-1",,,3,0,0,0,0
"1,-1,1,1,1,-1,1,1,-1,-1,-1,1,-1,1,0,-1,-1,1,0,1,1,-1,-1,1,1,1,-1,1,0,1,1",,,3,0,0,0,0
"1,1,1,1,1,-1,-1,1,-1,1,1,1,1,0,0,1,1,1,0,1,1,1,1,1,1,1,1,1,0,1,1",,,3,0,0,0,0
"1,-1,1,1,1,-1,-1,-1,1,1,1,1,-1,-1,-1,-1,1,1,0,1,1,1,1,-1,1,-1,-1,-1,0,1,-1",,,3,0,0,0,0
"1,-1,1,-1,1,-1,0,-1,-1,1,1,1,1,-1,0,-1,1,1,0,1,1,1,1,-1,-1,-1,-1,-1,1,1,-1",,,3,0,0,0,0
"1,1,1,1,1,-1,0,1,-1,1,1,1,1,0,0,1,1,1,0,1,1,1,1,-1,1,1,1,1,0,1,1",,,3,0,0,0,0
"1,1,1,1,1,-1,0,-1,-1,1,1,1,1,-1,0,1,1,1,0,1,1,1,1,-1,-1,0,-1,-1,1,1,-1",,,3,0,0,0,0
"1,-1,1,1,1,-1,-1,-1,-1,1,1,1,1,-1,-1,-1,1,1,0,1,1,1,1,-1,1,0,-1,-1,0,1,-1",,,3,0,0,0,0
"1,-1,1,1,1,-1,-1,-1,-1,1,1,1,1,-1,-1,-1,1,1,0,1,1,1,1,-1,-1,-1,-1,-1,1,1,-1",,,3,0,0,0,0
"-1,1,-1,1,-1,-1,-1,-1,-1,1,1,-1,1,-1,0,1,1,-1,1,1,1,1,1,-1,-1,1,-1,-1,1,1,-1",,,3,0,0,0,0
"1,-1,1,1,1,-1,-1,1,-1,-1,-1,1,1,0,0,-1,-1,1,0,1,1,-1,1,1,1,1,-1,1,0,1,1",,,3,0,0,0,0
"1,1,1,-1,1,-1,-1,-1,-1,1,1,1,1,0,1,1,1,1,0,1,1,1,1,1,1,1,-1,1,0,1,-1",,,3,0,0,0,0
"1,-1,1,1,1,-1,0,-1,1,1,1,1,-1,-1,-1,-1,1,1,0,1,1,1,1,-1,1,-1,-1,1,0,1,-1",,,3,0,0,0,0
"1,-1,1,1,1,-1,0,-1,-1,1,1,1,-1,0,0,-1,1,1,0,1,1,1,1,1,-1,1,-1,1,1,1,1",,,3,0,0,0,0
"-1,-1,-1,1,-1,-1,0,1,1,1,1,-1,-1,0,1,-1,1,-1,1,1,1,1,1,1,-1,1,-1,1,1,1,1",,,3,0,0,0,0
"1,-1,1,1,1,-1,0,1,1,1,1,1,-1,0,0,-1,1,1,0,1,1,1,1,1,-1,1,-1,1,1,1,1",,,3,0,0,0,0
"-1,1,-1,1,-1,1,-1,1,-1,1,1,-1,1,1,0,1,1,-1,1,1,1,1,1,1,-1,1,-1,1,1,1,1",,,3,0,0,0,0
"1,1,1,1,1,1,0,1,-1,1,1,1,1,1,-1,1,1,1,0,1,1,1,1,-1,-1,1,1,1,1,1,1",,,3,0,0,0,0
"1,-1,1,1,1,-1,-1,1,-1,1,1,1,1,0,-1,-1,1,1,0,1,1,1,1,1,-1,0,-1,-1,1,1,1",,,3,0,0,0,0
"-1,-1,-1,1,-1,1,1,1,-1,1,1,-1,1,1,0,-1,1,-1,1,1,1,1,1,1,-1,1,1,1,1,1,1",,,3,0,0,0,0
"1,-1,1,1,1,-1,0,1,-1,-1,-1,1,1,1,1,-1,-1,1,0,-1,1,-1,1,-1,-1,1,-1,1,1,-1,1",,,3,0,0,0,0
"1,-1,1,1,1,-1,1,1,-1,-1,-1,1,1,0,-1,-1,-1,1,0,-1,1,-1,1,-1,1,0,-1,1,0,-1,1",,,3,0,0,0,0
"1,-1,1,1,1,-1,-1,1,1,1,1,1,1,1,0,-1,1,1,0,1,1,1,1,1,1,1,1,-1,0,1,1",,,3,0,0,0,0
"1,1,1,1,1,-1,0,0,-1,1,1,1,1,-1,-1,1,1,1,0,1,1,1,1,1,-1,0,-1,1,0,1,-1",,,3,0,0,0,0
"1,-1,1,1,1,-1,-1,1,-1,1,1,1,1,1,0,-1,1,1,0,1,1,1,1,1,1,1,1,-1,0,1,1",,,3,0,0,0,0
"1,-1,1,1,1,-1,0,1,-1,1,1,1,1,0,0,-1,1,1,0,1,1,1,1,-1,-1,0,-1,1,0,1,-1",,,3,0,0,0,0
"1,1,1,1,1,-1,0,0,-1,1,1,1,-1,-1,-1,1,1,1,0,1,1,1,1,1,-1,-1,-1,-1,1,1,-1",,,3,0,0,0,0
"1,-1,1,1,1,-1,0,0,1,-1,-1,1,1,-1,0,-1,-1,1,0,1,1,-1,1,1,1,0,-1,1,0,-1,-1",,,3,0,0,0,0
"1,-1,1,1,1,-1,0,0,-1,1,1,1,1,-1,0,-1,1,1,0,1,1,1,1,1,-1,0,-1,1,0,1,-1",,,3,0,0,0,0
"1,-1,1,1,1,-1,-1,1,1,-1,-1,1,-1,1,1,-1,-1,1,0,1,1,-1,1,1,-1,1,1,-1,1,-1,1",,,3,0,0,0,0
"1,-1,1,1,1,-1,0,0,-1,1,1,1,1,-1,0,-1,1,1,0,1,1,1,1,1,-1,-1,-1,1,1,1,-1",,,3,0,0,0,0
"1,-1,1,1,1,-1,0,1,-1,-1,-1,1,1,0,0,-1,-1,1,0,1,1,-1,-1,-1,-1,1,1,-1,1,-1,1",,,3,0,0,0,0
"1,-1,1,1,1,-1,-1,-1,1,-1,-1,1,-1,-1,0,-1,-1,1,0,1,1,-1,1,-1,-1,-1,-1,1,0,-1,-1",,,3,0,0,0,0
"1,-1,1,1,1,-1,-1,-1,1,-1,-1,1,-1,0,0,-1,-1,1,0,1,1,-1,1,-1,-1,-1,-1,-1,0,-1,-1",,,3,0,0,0,0
"1,1,1,1,1,-1,1,1,-1,-1,-1,1,1,1,-1,1,-1,1,0,1,1,-1,1,1,-1,1,-1,1,1,-1,1",,,3,0,0,0,0
"1,-1,1,1,1,1,-1,1,-1,1,1,1,1,0,0,-1,1,1,0,1,1,1,1,1,-1,1,1,1,1,1,1",,,3,0,0,0,0
"1,-1,1,1,1,-1,0,1,-1,1,1,1,-1,0,1,-1,1,1,0,1,1,1,1,-1,-1,0,-1,-1,0,1,-1",,,3,0,0,0,0
"1,1,1,1,1,-1,-1,1,-1,1,1,1,1,-1,-1,1,1,1,0,1,1,1,1,-1,-1,0,-1,-1,0,1,-1",,,3,0,0,0,0
"1,-1,1,1,1,-1,-1,-1,1,1,1,1,-1,0,-1,-1,1,1,0,1,1,1,1,-1,-1,0,-1,-1,0,1,-1",,,3,0,0,0,0
"1,-1,1,1,1,-1,1,1,1,1,1,1,1,0,1,-1,1,1,0,1,1,1,1,1,1,1,1,-1,0,1,1",,,3,0,0,0,0
"1,-1,1,1,1,1,-1,1,-1,-1,-1,1,1,0,1,-1,-1,1,0,1,1,-1,-1,1,-1,1,-1,1,1,-1,1",,,3,0,0,0,0
"1,-1,1,1,1,-1,-1,-1,-1,1,1,1,-1,-1,-1,-1,1,1,0,1,1,1,1,-1,-1,-1,-1,-1,0,1,-1",,,3,0,0,0,0
"1,-1,1,1,1,-1,0,-1,-1,1,1,1,-1,-1,-1,-1,1,1,0,1,1,1,1,-1,1,0,-1,-1,0,1,-1",,,3,0,0,0,0
"1,-1,1,1,1,-1,-1,1,-1,1,1,1,1,0,-1,-1,1,1,0,1,1,1,1,1,1,0,-1,1,0,1,1",,,3,0,0,0,0
"1,1,1,1,1,1,1,1,-1,1,1,1,1,0,-1,1,1,1,0,1,1,1,1,1,1,0,-1,1,0,1,1",,,3,0,0,0,0
"-1,-1,-1,1,-1,-1,1,1,-1,1,1,-1,-1,0,-1,-1,1,-1,1,1,1,1,1,1,-1,1,-1,1,1,1,1",,,3,0,0,0,0
"1,-1,1,1,1,-1,1,1,-1,1,1,1,1,0,1,-1,1,1,0,1,1,1,1,1,-1,-1,-1,1,1,1,1",,,3,0,0,0,0
"1,-1,1,1,1,1,1,1,1,1,1,1,-1,1,0,-1,1,1,0,1,1,1,1,1,-1,-1,-1,1,1,1,1",,,3,0,0,0,0
"1,-1,1,1,1,-1,1,-1,-1,1,1,1,1,0,0,-1,1,1,0,1,1,-1,1,1,-1,0,-1,1,1,1,1",,,3,0,0,0,0
"1,-1,1,1,1,-1,-1,-1,-1,1,1,1,1,0,0,-1,1,1,0,1,1,1,1,-1,1,1,-1,-1,0,1,-1",,,3,0,0,0,0
"1,-1,1,1,1,-1,-1,-1,-1,1,1,1,1,-1,0,-1,1,1,0,1,1,1,1,-1,1,-1,-1,-1,0,1,-1",,,3,0,0,0,0
"1,-1,1,1,1,-1,-1,1,-1,1,1,1,1,0,-1,-1,1,1,0,1,1,1,1,1,-1,1,-1,1,1,1,1",,,3,0,0,0,0
"1,-1,1,1,1,-1,-1,-1,1,1,1,1,-1,-1,-1,-1,1,1,0,1,1,1,1,-1,-1,-1,-1,-1,0,1,-1",,,3,0,0,0,0
"-1,-1,-1,1,-1,-1,-1,1,1,1,1,-1,1,0,1,-1,1,-1,1,1,1,1,1,1,-1,1,1,1,1,1,1",,,3,0,0,0,0
"1,-1,1,1,1,-1,0,-1,-1,1,1,1,1,-1,0,-1,1,1,0,1,1,1,1,-1,-1,1,-1,-1,0,1,-1",,,3,0,0,0,0
"1,-1,1,1,1,-1,-1,-1,-1,1,1,1,1,0,-1,-1,1,1,0,1,1,1,1,-1,-1,0,-1,-1,0,1,-1",,,3,0,0,0,0
"1,-1,1,1,1,-1,-1,-1,-1,1,1,1,1,-1,-1,-1,1,1,0,1,1,1,1,1,-1,0,-1,-1,1,1,-1",,,3,0,0,0,0
"1,-1,1,1,1,-1,-1,-1,-1,-1,-1,1,1,-1,0,-1,-1,1,0,1,1,1,1,-1,1,1,-1,-1,0,-1,-1",,,3,0,0,0,0
"1,1,1,1,1,-1,-1,-1,-1,1,1,1,1,-1,-1,1,1,1,0,1,1,1,1,-1,1,0,-1,1,0,1,-1",,,3,0,0,0,0
"1,-1,1,1,1,-1,0,-1,1,1,1,1,-1,-1,0,-1,1,1,0,1,1,1,1,-1,1,0,-1,1,0,1,-1",,,3,0,0,0,0
"1,-1,1,1,1,-1,-1,-1,1,1,1,1,-1,-1,0,-1,1,1,0,1,1,1,1,-1,-1,-1,-1,1,0,1,-1",,,3,0,0,0,0
"-1,1,-1,1,-1,-1,0,0,-1,1,1,-1,-1,-1,1,1,1,-1,1,1,1,1,1,1,-1,-1,-1,1,0,1,-1",,,3,0,0,0,0
"1,-1,1,1,1,-1,0,-1,1,1,1,1,1,-1,-1,-1,1,1,0,1,1,1,1,-1,-1,0,-1,1,0,1,-1",,,3,0,0,0,0
"1,-1,1,1,1,-1,-1,1,-1,1,1,1,1,1,1,-1,1,1,0,1,1,1,1,1,1,1,1,1,0,1,1",,,3,0,0,0,0
"1,1,1,1,1,-1,-1,-1,-1,1,1,1,-1,-1,0,1,1,1,0,1,1,1,1,-1,-1,-1,-1,1,0,1,-1",,,3,0,0,0,0
"1,-1,1,1,1,-1,0,0,1,1,1,1,-1,0,0,-1,1,1,0,1,1,1,1,1,-1,-1,-1,-1,0,1,-1",,,3,0,0,0,0
"-1,-1,-1,1,-1,-1,1,1,1,1,1,-1,-1,0,0,-1,1,-1,1,1,1,1,1,1,-1,1,-1,1,1,1,1",,,3,0,0,0,0
"1,-1,1,1,1,-1,-1,-1,-1,-1,-1,1,-1,-1,0,-1,-1,1,0,1,1,-1,1,-1,-1,-1,-1,-1,0,-1,-1",,,3,0,0,0,0
"1,-1,1,1,1,-1,-1,-1,-1,-1,-1,1,1,0,-1,-1,-1,1,0,1,1,-1,1,-1,-1,0,-1,-1,0,-1,-1",,,3,0,0,0,0
"1,-1,1,1,1,1,-1,1,-1,-1,-1,1,1,1,-1,-1,-1,1,0,1,1,-1,1,1,-1,1,-1,1,1,-1,1",,,3,0,0,0,0
"1,-1,1,1,1,-1,-1,-1,-1,-1,-1,1,1,-1,-1,-1,-1,1,0,1,1,1,1,-1,-1,1,-1,-1,1,-1,-1",,,3,0,0,0,0
"1,1,1,1,1,-1,1,1,-1,-1,-1,1,1,1,0,1,-1,1,0,1,1,-1,1,1,-1,1,1,-1,1,-1,1",,,3,0,0,0,0
"1,-1,1,1,1,-1,0,0,-1,-1,-1,1,-1,-1,0,-1,-1,1,0,1,1,-1,1,1,1,0,-1,-1,0,-1,-1",,,3,0,0,0,0
"1,-1,1,1,1,-1,1,1,1,1,1,1,-1,0,-1,-1,1,1,0,1,1,1,1,1,1,1,-1,1,0,1,1",,,3,0,0,0,0
"1,-1,1,1,1,-1,0,0,1,-1,-1,1,-1,-1,1,-1,-1,1,0,1,1,-1,1,1,1,-1,-1,-1,0,-1,-1",,,3,0,0,0,0
"-1,-1,-1,1,-1,-1,-1,1,1,1,1,-1,-1,0,-1,-1,1,-1,1,1,1,1,1,1,-1,1,1,1,1,1,1",,,3,0,0,0,0
"1,-1,1,1,1,-1,0,0,1,-1,-1,1,-1,-1,1,-1,-1,1,0,1,1,-1,1,1,-1,-1,-1,-1,0,-1,-1",,,3,0,0,0,0
"1,-1,1,1,1,-1,-1,-1,1,1,1,1,1,0,0,-1,1,1,0,1,1,1,1,-1,-1,1,-1,-1,1,1,-1",,,3,0,0,0,0
"1,-1,1,1,1,-1,-1,-1,-1,1,1,1,-1,0,-1,-1,1,1,0,1,1,1,1,-1,1,1,-1,-1,0,1,-1",,,3,0,0,0,0
"1,1,1,-1,1,-1,-1,-1,-1,1,1,1,1,-1,0,1,1,1,0,1,1,1,1,-1,1,-1,-1,-1,0,1,-1",,,3,0,0,0,0
"1,-1,1,1,1,-1,-1,-1,-1,-1,-1,1,-1,-1,0,-1,-1,1,0,1,1,-1,1,-1,-1,0,-1,-1,1,-1,-1",,,3,0,0,0,0
"-1,-1,-1,1,-1,-1,-1,-1,-1,-1,-1,-1,-1,-1,1,-1,-1,-1,1,1,1,-1,1,-1,-1,0,-1,-1,1,-1,-1",,,3,0,0,0,0
"1,-1,1,1,1,-1,-1,1,1,-1,-1,1,-1,0,0,-1,-1,1,0,1,1,-1,1,1,-1,1,1,1,1,-1,1",,,3,0,0,0,0
"1,-1,1,1,1,-1,1,1,-1,1,1,1,1,1,-1,-1,1,1,0,1,1,1,1,1,-1,1,1,-1,1,1,1",,,3,0,0,0,0
"-1,1,-1,1,-1,1,0,-1,-1,-1,-1,-1,1,1,1,1,-1,-1,1,1,-1,-1,-1,-1,-1,0,-1,1,1,-1,1",,,3,0,0,0,0
"1,-1,1,1,1,-1,1,1,-1,1,1,1,-1,1,0,-1,1,1,0,1,1,1,1,1,-1,-1,-1,1,1,1,1",,,3,0,0,0,0
"1,-1,1,1,1,-1,1,1,1,1,1,1,-1,-1,0,-1,1,1,0,1,1,1,1,1,-1,-1,-1,1,0,1,-1",,,3,0,0,0,0
"1,-1,1,1,1,1,1,1,-1,1,1,1,1,0,1,-1,1,1,0,1,1,1,1,1,1,1,-1,1,0,1,1",,,3,0,0,0,0
"1,-1,1,1,1,-1,-1,1,1,1,1,1,-1,0,-1,-1,1,1,0,1,1,1,1,-1,1,0,-1,1,0,1,-1",,,3,0,0,0,0
"1,-1,1,1,1,-1,-1,-1,1,1,1,1,-1,-1,-1,-1,1,1,0,1,1,1,1,-1,1,0,-1,1,0,1,-1",,,3,0,0,0,0
"1,-1,1,1,1,-1,0,0,1,1,1,1,-1,-1,0,-1,1,1,0,1,1,1,1,1,1,1,-1,1,0,1,-1",,,3,0,0,0,0
"-1,-1,-1,1,-1,-1,1,1,1,1,1,-1,-1,0,1,-1,1,-1,1,1,1,1,1,1,1,-1,-1,1,0,1,1",,,3,0,0,0,0
"1,-1,1,1,1,-1,1,1,-1,-1,-1,1,1,1,-1,-1,-1,1,0,-1,1,-1,1,1,1,1,-1,1,0,-1,1",,,3,0,0,0,0
"1,-1,1,1,1,-1,-1,-1,-1,1,1,1,-1,0,-1,-1,1,1,0,1,1,1,1,1,-1,-1,1,1,0,1,-1",,,3,0,0,0,0
"1,-1,1,1,1,-1,-1,1,-1,1,1,1,-1,0,-1,-1,1,1,0,1,1,1,1,-1,-1,1,-1,1,0,1,-1",,,3,0,0,0,0
"1,-1,1,1,1,-1,-1,1,-1,-1,-1,1,1,1,-1,-1,-1,1,0,-1,1,-1,-1,-1,1,1,1,1,0,-1,1",,,3,0,0,0,0
"1,-1,1,1,1,-1,1,-1,-1,1,1,1,1,-1,-1,-1,1,1,0,1,1,1,1,1,-1,0,-1,1,0,1,-1",,,3,0,0,0,0
"1,-1,1,1,1,-1,1,-1,-1,1,1,1,-1,-1,0,-1,1,1,0,1,1,1,1,1,-1,-1,-1,1,0,1,-1",,,3,0,0,0,0
"1,-1,1,1,1,-1,1,1,1,1,1,1,-1,-1,-1,-1,1,1,0,1,1,1,1,1,-1,-1,-1,1,0,1,-1",,,3,0,0,0,0
"1,-1,1,1,1,-1,-1,-1,1,1,1,1,1,0,-1,-1,1,1,0,1,1,1,1,-1,1,1,-1,1,0,1,-1",,,3,0,0,0,0
"1,-1,1,1,1,-1,0,0,1,1,1,1,-1,0,0,-1,1,1,0,1,1,1,1,1,1,-1,1,1,0,1,-1",,,3,0,0,0,0
"1,-1,1,1,1,-1,0,-1,-1,1,1,1,-1,-1,0,-1,1,1,0,1,1,1,1,-1,1,1,-1,-1,0,1,-1",,,3,0,0,0,0
"1,-1,1,1,1,-1,1,1,-1,1,1,1,1,0,-1,-1,1,1,0,1,1,1,1,1,-1,0,-1,-1,0,1,-1",,,3,0,0,0,0
"1,-1,1,1,1,-1,0,-1,-1,-1,-1,1,1,-1,0,-1,-1,1,0,-1,1,-1,-1,-1,-1,-1,-1,-1,0,-1,-1",,,3,0,0,0,0
"-1,-1,-1,1,-1,-1,1,-1,-1,1,1,-1,1,0,0,-1,1,-1,1,1,1,1,1,1,-1,1,1,1,1,1,1",,,3,0,0,0,0
"1,-1,1,1,1,1,-1,1,1,-1,-1,1,-1,0,1,-1,-1,1,0,-1,1,-1,-1,1,-1,1,-1,1,1,-1,1",,,3,0,0,0,0
"1,-1,1,1,1,-1,-1,1,-1,1,1,1,-1,0,-1,-1,1,1,0,1,1,1,1,-1,1,0,-1,1,0,1,-1",,,3,0,0,0,0
"1,-1,1,1,1,-1,0,-1,-1,1,1,1,1,-1,0,-1,1,1,0,1,1,1,1,-1,-1,0,-1,1,1,1,-1",,,3,0,0,0,0
"-1,-1,-1,1,-1,-1,0,-1,1,-1,-1,-1,-1,-1,1,-1,-1,-1,1,-1,1,-1,-1,-1,-1,-1,-1,1,1,-1,-1",,,3,0,0,0,0
"1,-1,1,1,1,-1,-1,-1,1,1,1,1,-1,-1,-1,-1,1,1,0,1,1,1,1,-1,-1,-1,-1,1,1,1,-1",,,3,0,0,0,0
"-1,-1,-1,1,-1,-1,-1,1,-1,1,1,-1,1,1,0,-1,1,-1,1,1,1,1,1,1,-1,1,-1,1,1,1,1",,,3,0,0,0,0
"1,-1,1,1,1,-1,1,-1,1,1,1,1,-1,0,-1,-1,1,1,0,1,1,1,1,-1,1,1,-1,1,0,1,-1",,,3,0,0,0,0
"1,-1,1,1,1,-1,-1,-1,-1,-1,-1,1,1,0,1,-1,-1,1,0,-1,1,-1,-1,1,-1,0,-1,1,1,-1,1",,,3,0,0,0,0
"1,1,1,1,1,-1,-1,-1,-1,1,1,1,1,-1,-1,1,1,1,0,1,1,1,1,-1,1,-1,-1,1,0,1,-1",,,3,0,0,0,0
"1,-1,1,1,1,-1,0,0,1,-1,-1,1,1,-1,0,-1,-1,1,0,-1,1,-1,-1,1,1,0,-1,1,0,-1,-1",,,3,0,0,0,0
"1,-1,1,1,1,-1,1,1,-1,1,1,1,-1,1,-1,-1,1,1,0,1,1,1,1,1,1,1,-1,1,0,1,1",,,3,0,0,0,0
"1,-1,1,1,1,1,-1,1,-1,-1,-1,1,1,1,1,-1,-1,1,0,-1,-1,-1,-1,1,-1,1,-1,1,1,-1,1",,,3,0,0,0,0
"1,-1,1,1,1,-1,0,1,-1,1,1,1,1,0,1,-1,1,1,0,1,1,1,1,-1,-1,1,1,1,1,1,1",,,3,0,0,0,0
"1,-1,1,1,1,1,-1,1,-1,1,1,1,1,0,0,-1,1,1,0,1,1,1,1,1,-1,1,-1,1,1,1,1",,,3,0,0,0,0
"-1,-1,-1,1,-1,-1,0,1,-1,1,1,-1,1,1,1,-1,1,-1,1,1,1,1,1,1,-1,1,-1,1,1,1,1",,,3,0,0,0,0
"1,-1,1,1,1,1,-1,1,-1,-1,-1,1,-1,1,1,-1,-1,1,0,-1,-1,-1,-1,1,-1,1,-1,1,1,-1,1",,,3,0,0,0,0
"1,-1,1,1,1,1,0,1,-1,1,1,1,1,1,0,-1,1,1,0,1,1,1,1,1,-1,1,-1,1,1,1,1",,,3,0,0,0,0
"1,-1,1,1,1,-1,-1,-1,1,1,1,1,-1,-1,0,-1,1,1,0,1,1,1,1,1,-1,-1,-1,1,1,1,-1",,,3,0,0,0,0
"1,-1,1,1,1,-1,-1,1,-1,1,1,1,1,0,0,-1,1,1,0,1,1,1,1,-1,1,1,1,1,0,1,1",,,3,0,0,0,0
"1,1,1,1,1,1,-1,1,-1,1,1,1,1,0,0,1,1,1,0,1,1,1,1,1,1,1,1,1,0,1,1",,,3,0,0,0,0
"1,-1,1,1,1,-1,0,-1,1,1,1,1,1,-1,-1,-1,1,1,0,1,1,1,1,-1,1,0,-1,1,0,1,-1",,,3,0,0,0,0
"1,-1,1,1,1,-1,-1,-1,-1,1,1,1,1,1,0,-1,1,1,0,1,1,1,1,-1,1,1,-1,-1,0,1,-1",,,3,0,0,0,0
"1,-1,1,1,1,-1,1,1,-1,1,1,1,1,1,1,-1,1,1,0,1,1,1,1,1,1,1,1,-1,0,1,1",,,3,0,0,0,0
"1,-1,1,1,1,-1,-1,-1,-1,1,1,1,-1,-1,0,-1,1,1,0,1,1,1,1,-1,1,-1,-1,1,0,1,-1",,,3,0,0,0,0
"1,-1,1,1,1,-1,0,0,1,-1,-1,1,-1,-1,0,-1,-1,1,0,-1,1,-1,-1,1,1,0,-1,1,0,-1,-1",,,3,0,0,0,0
"1,-1,1,1,1,-1,0,0,-1,1,1,1,1,-1,-1,-1,1,1,0,1,1,1,1,1,1,-1,-1,1,0,1,-1",,,3,0,0,0,0
"1,-1,1,1,1,-1,-1,-1,1,1,1,1,-1,1,-1,-1,1,1,0,1,1,1,1,1,1,-1,-1,-1,0,1,-1",,,3,0,0,0,0
"1,-1,1,1,1,-1,0,1,1,1,1,1,-1,0,0,-1,1,1,0,1,1,1,1,-1,-1,0,1,-1,1,1,1",,,3,0,0,0,0
"1,-1,1,1,1,-1,0,0,-1,1,1,1,1,0,0,-1,1,1,0,1,1,1,1,1,1,-1,-1,1,0,1,-1",,,3,0,0,0,0
"1,1,1,1,1,-1,0,-1,1,1,1,1,-1,0,-1,1,1,1,0,1,1,1,1,-1,1,0,-1,1,0,1,-1",,,3,0,0,0,0
"1,-1,1,1,1,1,1,1,-1,-1,-1,1,1,1,0,-1,-1,1,0,-1,1,-1,-1,1,1,1,-1,1,0,-1,1",,,3,0,0,0,0
"1,-1,1,1,1,-1,-1,1,-1,1,1,1,-1,0,-1,-1,1,1,0,1,1,1,1,1,1,1,-1,1,0,1,1",,,3,0,0,0,0
"1,-1,1,1,1,-1,-1,-1,1,-1,-1,1,-1,-1,0,-1,-1,1,0,-1,1,-1,-1,-1,1,-1,-1,1,0,-1,-1",,,3,0,0,0,0
"1,-1,1,1,1,-1,1,-1,1,1,1,1,-1,-1,-1,-1,1,1,0,1,1,1,1,1,1,0,-1,1,0,1,-1",,,3,0,0,0,0
"1,-1,1,1,1,-1,0,-1,1,-1,-1,1,-1,-1,0,-1,-1,1,0,-1,1,-1,-1,1,-1,0,-1,1,1,-1,-1",,,3,0,0,0,0
"1,1,1,1,1,-1,0,0,1,1,1,1,-1,-1,0,1,1,1,0,1,1,1,1,1,1,0,-1,1,0,1,-1",,,3,0,0,0,0
"1,-1,1,1,1,-1,-1,-1,1,1,1,1,-1,0,-1,-1,1,1,0,1,1,1,1,1,1,0,-1,1,0,1,-1",,,3,0,0,0,0
"1,-1,1,1,1,-1,1,-1,1,1,1,1,-1,-1,-1,-1,1,1,0,1,1,1,1,1,1,-1,-1,1,0,1,-1",,,3,0,0,0,0
"1,-1,1,1,1,-1,0,-1,1,1,1,1,1,0,0,-1,1,1,0,1,1,1,1,1,-1,1,1,1,1,1,1",,,3,0,0,0,0
"1,-1,1,1,1,-1,0,-1,1,1,1,1,-1,-1,0,-1,1,1,0,1,1,1,1,-1,-1,0,-1,1,1,1,-1",,,3,0,0,0,0
"1,-1,1,1,1,-1,-1,1,-1,1,1,1,1,1,0,-1,1,1,0,1,1,1,1,1,-1,1,-1,1,1,1,1",,,3,0,0,0,0
"1,1,1,1,1,-1,1,1,-1,-1,-1,1,1,0,1,1,-1,1,0,-1,-1,-1,-1,1,-1,0,-1,1,1,-1,1",,,3,0,0,0,0
"1,-1,1,1,1,-1,-1,-1,1,1,1,1,-1,0,-1,-1,1,1,0,1,1,1,1,1,-1,0,-1,1,1,1,-1",,,3,0,0,0,0
"1,-1,1,1,1,-1,-1,1,1,-1,-1,1,-1,0,-1,-1,-1,1,0,-1,1,-1,-1,-1,1,0,-1,1,0,-1,-1",,,3,0,0,0,0
"1,-1,1,1,1,-1,-1,1,-1,-1,-1,1,-1,0,1,-1,-1,1,0,-1,1,-1,-1,-1,1,0,-1,1,0,-1,-1",,,3,0,0,0,0
"1,-1,1,1,1,-1,0,-1,1,-1,-1,1,-1,-1,0,-1,-1,1,0,-1,1,-1,-1,-1,1,-1,-1,1,0,-1,-1",,,3,0,0,0,0
"1,-1,1,1,1,-1,0,0,1,1,1,1,-1,0,0,-1,1,1,0,1,1,1,1,1,-1,-1,1,1,1,1,-1",,,3,0,0,0,0
"1,-1,1,1,1,-1,0,0,-1,1,1,1,-1,-1,0,-1,1,1,0,1,1,1,1,1,1,-1,-1,1,0,1,-1",,,3,0,0,0,0
"1,-1,1,-1,1,-1,-1,1,1,1,1,1,-1,1,1,-1,1,1,0,1,1,1,1,-1,1,1,-1,1,0,1,1",,,3,0,0,0,0
"1,-1,1,1,1,-1,1,1,-1,-1,-1,1,1,0,-1,-1,-1,1,0,-1,1,-1,-1,1,-1,1,1,1,1,-1,1",,,3,0,0,0,0
"1,1,1,1,1,-1,0,-1,-1,-1,-1,1,1,1,-1,1,-1,1,0,-1,1,-1,-1,-1,-1,1,-1,1,1,-1,1",,,3,0,0,0,0
"1,-1,1,1,1,1,-1,1,1,1,1,1,-1,0,1,-1,1,1,0,1,1,1,1,-1,-1,-1,-1,1,1,1,1",,,3,0,0,0,0
"1,-1,1,1,1,-1,-1,-1,-1,1,1,1,1,0,0,-1,1,1,0,1,1,1,1,1,1,0,-1,1,0,1,-1",,,3,0,0,0,0
"1,-1,1,1,1,1,0,1,1,1,1,1,-1,0,-1,-1,1,1,0,1,1,1,1,1,-1,1,1,1,1,1,1",,,3,0,0,0,0
"1,1,1,1,1,-1,0,0,-1,1,1,1,1,-1,-1,1,1,1,0,1,1,1,1,1,-1,-1,-1,1,1,1,-1",,,3,0,0,0,0
"-1,-1,-1,1,-1,-1,1,-1,1,-1,-1,-1,-1,-1,1,-1,-1,-1,1,-1,1,-1,-1,-1,-1,-1,-1,1,1,-1,-1",,,3,0,0,0,0
"1,1,1,1,1,-1,-1,-1,-1,1,1,1,1,0,0,1,1,1,0,1,1,1,1,-1,1,0,-1,1,0,1,-1",,,3,0,0,0,0
"1,1,1,1,1,-1,0,0,-1,-1,-1,1,1,-1,1,1,-1,1,0,-1,1,-1,-1,1,1,-1,-1,1,0,-1,-1",,,3,0,0,0,0
"1,-1,1,1,1,1,0,-1,1,1,1,1,-1,0,0,-1,1,1,0,1,1,1,1,1,-1,1,-1,1,1,1,1",,,3,0,0,0,0
"1,-1,1,1,1,-1,-1,-1,-1,-1,-1,1,-1,-1,1,-1,-1,1,0,-1,-1,-1,-1,-1,1,-1,-1,1,0,-1,-1",,,3,0,0,0,0
"1,-1,1,1,1,-1,-1,-1,-1,1,1,1,-1,0,0,-1,1,1,0,1,1,1,1,-1,1,1,-1,1,0,1,-1",,,3,0,0,0,0
"1,-1,1,1,1,-1,1,-1,1,1,1,1,1,0,-1,-1,1,1,0,1,1,1,1,-1,1,1,-1,1,0,1,-1",,,3,0,0,0,0
"1,-1,1,1,1,-1,-1,-1,1,1,1,1,-1,-1,-1,-1,1,1,0,1,1,1,1,-1,1,1,-1,1,0,1,-1",,,3,0,0,0,0
"1,-1,1,1,1,-1,0,-1,-1,1,1,1,1,1,0,-1,1,1,0,1,1,1,1,1,1,1,1,1,0,1,1",,,3,0,0,0,0
"1,1,1,1,1,-1,-1,1,-1,1,1,1,1,0,1,1,1,1,0,1,1,1,1,1,-1,0,-1,1,1,1,-1",,,3,0,0,0,0
"1,-1,1,1,1,-1,0,1,-1,1,1,1,1,0,-1,-1,1,1,0,1,1,1,1,1,1,0,-1,1,0,1,-1",,,3,0,0,0,0
"1,-1,1,1,1,-1,-1,-1,-1,1,1,1,-1,0,-1,-1,1,1,0,1,1,1,1,1,-1,1,-1,-1,1,1,-1",,,3,0,0,0,0
"1,1,1,1,1,-1,0,1,-1,-1,-1,1,1,0,0,1,-1,1,0,-1,1,-1,-1,-1,-1,1,-1,1,1,-1,1",,,3,0,0,0,0
"1,1,1,1,1,-1,0,0,-1,1,1,1,1,-1,0,1,1,1,0,1,1,1,1,1,1,-1,-1,1,0,1,-1",,,3,0,0,0,0
"1,-1,1,1,1,-1,-1,-1,1,1,1,1,-1,0,0,-1,1,1,0,1,1,1,1,-1,1,-1,-1,-1,0,1,-1",,,3,0,0,0,0
"1,-1,1,1,1,-1,-1,-1,-1,1,1,1,-1,-1,-1,-1,1,1,0,1,1,1,1,1,1,-1,-1,1,0,1,-1",,,3,0,0,0,0
"1,-1,1,1,1,-1,1,-1,-1,1,1,1,1,0,1,-1,1,1,0,1,1,1,1,1,1,0,-1,1,0,1,-1",,,3,0,0,0,0
"-1,-1,-1,1,-1,1,0,1,-1,1,1,-1,1,1,-1,-1,1,-1,1,1,1,1,1,-1,-1,1,-1,1,1,1,1",,,3,0,0,0,0
"1,-1,1,1,1,1,0,1,1,-1,-1,1,-1,1,1,-1,-1,1,0,-1,1,-1,-1,1,-1,1,-1,1,1,-1,1",,,3,0,0,0,0
"1,-1,1,1,1,-1,-1,1,-1,1,1,1,1,0,0,-1,1,1,0,1,1,1,1,1,1,0,-1,1,0,1,-1",,,3,0,0,0,0
"1,-1,1,1,1,-1,-1,-1,-1,-1,-1,1,1,1,0,-1,-1,1,0,-1,-1,-1,-1,-1,1,0,-1,-1,0,-1,-1",,,3,0,0,0,0
"1,-1,1,-1,1,-1,-1,-1,1,1,1,1,1,-1,0,-1,1,1,0,1,1,1,1,-1,-1,-1,-1,1,1,1,-1",,,3,0,0,0,0
"1,-1,1,1,1,-1,-1,1,-1,1,1,1,1,0,-1,-1,1,1,0,1,1,1,1,1,1,1,-1,1,0,1,-1",,,3,0,0,0,0
"1,-1,1,1,1,-1,-1,-1,1,-1,-1,1,-1,-1,1,-1,-1,1,0,-1,1,-1,-1,1,1,-1,-1,1,0,-1,-1",,,3,0,0,0,0
"1,-1,1,1,1,-1,0,-1,-1,1,1,1,1,-1,-1,-1,1,1,0,1,1,1,1,-1,1,0,-1,1,0,1,-1",,,3,0,0,0,0
"1,-1,1,1,1,-1,-1,-1,1,1,1,1,1,-1,0,-1,1,1,0,1,1,1,1,-1,1,0,-1,1,0,1,-1",,,3,0,0,0,0
"1,-1,1,1,1,-1,0,1,1,-1,-1,1,-1,1,0,-1,-1,1,0,-1,1,-1,-1,-1,-1,1,-1,1,1,-1,1",,,3,0,0,0,0
"1,-1,1,1,1,-1,-1,-1,-1,1,1,1,-1,0,-1,-1,1,1,0,1,1,1,1,-1,-1,0,-1,-1,1,1,-1",,,3,0,0,0,0
"1,1,1,1,1,-1,0,0,-1,1,1,1,1,1,0,1,1,1,0,1,1,1,1,1,1,-1,-1,1,0,1,-1",,,3,0,0,0,0
"1,-1,1,1,1,-1,0,-1,1,1,1,1,-1,0,1,-1,1,1,0,1,1,1,1,1,-1,1,-1,1,1,1,-1",,,3,0,0,0,0
"1,1,1,-1,1,-1,0,0,-1,1,1,1,1,-1,0,1,1,1,0,1,1,1,1,1,1,-1,-1,1,0,1,-1",,,3,0,0,0,0
"-1,-1,-1,1,-1,1,1,1,-1,1,1,-1,1,1,1,-1,1,-1,1,1,1,1,1,1,-1,1,-1,1,1,1,1",,,3,0,0,0,0
"1,-1,1,1,1,-1,0,-1,-1,1,1,1,1,-1,1,-1,1,1,0,1,1,1,1,-1,-1,-1,-1,1,1,1,-1",,,3,0,0,0,0
"1,-1,1,1,1,-1,1,-1,-1,1,1,1,1,0,1,-1,1,1,0,1,1,1,1,1,-1,-1,-1,1,1,1,1",,,3,0,0,0,0
"1,-1,1,1,1,-1,0,1,1,1,1,1,1,-1,-1,-1,1,1,0,1,1,1,1,-1,1,0,-1,1,0,1,-1",,,3,0,0,0,0
"1,-1,1,1,1,-1,0,1,-1,-1,-1,1,1,0,0,-1,-1,1,0,-1,1,-1,-1,-1,-1,1,1,1,1,-1,1",,,3,0,0,0,0
"1,1,1,-1,1,-1,0,-1,-1,1,1,1,1,-1,0,1,1,1,0,1,1,1,1,-1,1,-1,-1,1,0,1,-1",,,3,0,0,0,0
"1,-1,1,-1,1,-1,-1,-1,1,1,1,1,-1,-1,0,-1,1,1,0,1,1,1,1,-1,-1,-1,-1,1,1,1,-1",,,3,0,0,0,0
"1,-1,1,1,1,-1,1,1,-1,-1,-1,1,1,1,1,-1,-1,1,0,-1,-1,-1,-1,1,-1,1,1,1,1,-1,1",,,3,0,0,0,0
"1,-1,1,1,1,-1,-1,-1,-1,-1,-1,1,-1,-1,0,-1,-1,1,0,-1,-1,-1,-1,-1,1,0,-1,1,0,-1,-1",,,3,0,0,0,0
"1,-1,1,1,1,-1,-1,-1,-1,1,1,1,-1,-1,-1,-1,1,1,0,1,1,1,1,-1,1,-1,-1,1,0,1,-1",,,3,0,0,0,0
"1,-1,1,1,1,-1,-1,-1,-1,-1,-1,1,1,1,-1,-1,-1,1,0,-1,-1,-1,-1,-1,-1,1,-1,1,1,-1,-1",,,3,0,0,0,0
"-1,-1,-1,1,-1,-1,0,0,-1,1,1,-1,-1,-1,1,-1,1,-1,1,1,1,1,1,1,1,-1,-1,1,0,1,-1",,,3,0,0,0,0
"1,-1,1,-1,1,-1,0,0,-1,1,1,1,1,-1,0,-1,1,1,0,1,1,1,1,1,1,-1,-1,1,0,1,-1",,,3,0,0,0,0
"1,-1,1,1,1,-1,-1,-1,-1,1,1,1,1,-1,0,-1,1,1,0,1,1,1,1,-1,-1,-1,-1,1,1,1,-1",,,3,0,0,0,0
"1,1,1,1,1,-1,-1,-1,1,1,1,1,-1,-1,0,1,1,1,0,1,1,1,1,-1,1,-1,-1,1,0,1,-1",,,3,0,0,0,0
"1,-1,1,1,1,-1,1,1,-1,1,1,1,1,0,-1,-1,1,1,0,1,1,1,1,1,-1,0,-1,1,1,1,1",,,3,0,0,0,0
"1,-1,1,1,1,-1,-1,-1,-1,1,1,1,-1,-1,0,-1,1,1,0,1,1,1,1,-1,-1,-1,-1,1,1,1,-1",,,3,0,0,0,0
"1,-1,1,1,1,-1,0,1,-1,-1,-1,1,1,0,-1,-1,-1,1,0,-1,-1,-1,-1,1,1,1,-1,1,0,-1,1",,,3,0,0,0,0
"1,1,1,1,1,-1,0,1,-1,1,1,1,1,1,0,1,1,1,0,1,1,1,1,-1,1,1,1,-1,0,1,1",,,3,0,0,0,0
"1,-1,1,1,1,-1,-1,-1,-1,1,1,1,1,0,-1,-1,1,1,0,1,1,1,1,-1,1,1,-1,-1,0,1,-1",,,3,0,0,0,0
"1,-1,1,1,1,-1,0,1,-1,-1,-1,1,1,1,0,-1,-1,1,0,-1,-1,-1,-1,-1,-1,1,-1,1,1,-1,1",,,3,0,0,0,0
"1,-1,1,1,1,-1,-1,1,-1,1,1,1,-1,-1,-1,-1,1,1,0,1,1,1,1,-1,1,0,-1,1,0,1,-1",,,3,0,0,0,0
"1,-1,1,1,1,-1,0,-1,-1,-1,-1,1,1,-1,0,-1,-1,1,0,-1,-1,-1,-1,-1,1,-1,-1,1,0,-1,-1",,,3,0,0,0,0
"-1,-1,-1,1,-1,-1,-1,-1,-1,1,1,-1,-1,-1,1,-1,1,-1,1,1,1,1,1,-1,1,-1,-1,1,0,1,-1",,,3,0,0,0,0
"1,-1,1,-1,1,-1,-1,1,-1,1,1,1,1,1,1,-1,1,1,0,1,1,1,1,1,1,1,1,1,0,1,1",,,3,0,0,0,0
"-1,1,-1,1,-1,-1,0,1,-1,1,1,-1,1,0,-1,1,1,-1,1,1,1,1,1,-1,-1,1,1,-1,1,1,1",,,3,0,0,0,0
"1,1,1,1,1,1,-1,1,-1,1,1,1,1,-1,0,1,1,1,0,1,1,1,1,1,-1,1,-1,1,1,1,1",,,3,0,0,0,0
"1,-1,1,1,1,1,1,1,-1,-1,-1,1,1,0,-1,-1,-1,1,0,-1,-1,-1,-1,1,-1,1,-1,1,1,-1,1",,,3,0,0,0,0
"1,-1,1,1,1,-1,0,1,1,1,1,1,-1,0,-1,-1,1,1,0,1,1,1,1,-1,1,0,-1,-1,0,1,-1",,,3,0,0,0,0
"1,-1,1,1,1,-1,-1,-1,-1,1,1,1,1,0,-1,-1,1,1,0,1,1,1,1,-1,1,0,-1,-1,0,1,1",,,3,0,0,0,0
"1,-1,1,1,1,-1,-1,-1,-1,1,1,1,1,0,-1,-1,1,1,0,1,1,1,1,1,1,1,-1,-1,0,1,-1",,,3,0,0,0,0
"1,-1,1,1,1,-1,1,1,-1,1,1,1,1,0,1,-1,1,1,0,1,1,1,1,1,1,0,-1,1,0,1,-1",,,3,0,0,0,0
"-1,-1,-1,1,-1,1,1,-1,-1,1,1,-1,1,1,0,-1,1,-1,1,1,1,1,1,1,-1,1,-1,1,1,1,1",,,3,0,0,0,0
"1,-1,1,1,1,-1,1,1,1,1,1,1,-1,0,0,-1,1,1,0,1,1,1,1,1,1,0,1,1,0,1,1",,,3,0,0,0,0
"1,-1,1,-1,1,-1,-1,1,-1,1,1,1,1,1,1,-1,1,1,0,1,1,1,1,-1,1,1,1,1,0,1,1",,,3,0,0,0,0
"1,-1,1,1,1,-1,-1,-1,-1,1,1,1,1,-1,0,-1,1,1,0,1,1,1,1,-1,1,1,-1,1,0,1,-1",,,3,0,0,0,0
"-1,-1,-1,1,-1,-1,-1,1,-1,1,1,-1,1,1,1,-1,1,-1,1,1,1,1,1,1,-1,1,-1,1,1,1,1",,,3,0,0,0,0
"-1,1,-1,1,-1,-1,1,1,-1,1,1,-1,1,0,-1,1,1,-1,1,1,1,1,1,1,-1,0,-1,1,1,1,1",,,3,0,0,0,0
"1,-1,1,1,1,-1,0,1,-1,1,1,1,-1,0,0,-1,1,1,0,1,1,1,1,-1,1,1,-1,1,0,1,1",,,3,0,0,0,0
"1,-1,1,1,1,-1,0,-1,-1,-1,-1,1,1,-1,0,-1,-1,1,0,-1,-1,-1,-1,-1,1,1,-1,1,0,-1,-1",,,3,0,0,0,0
"1,-1,1,1,1,-1,-1,-1,-1,1,1,1,-1,-1,-1,-1,1,1,0,1,1,1,1,-1,1,0,-1,1,0,1,-1",,,3,0,0,0,0
"1,-1,1,1,1,-1,0,-1,-1,-1,-1,1,1,-1,1,-1,-1,1,0,-1,-1,-1,-1,-1,1,-1,-1,1,0,-1,-1",,,3,0,0,0,0
"1,-1,1,1,1,-1,0,-1,-1,1,1,1,1,-1,1,-1,1,1,0,1,1,1,1,-1,1,1,-1,1,0,1,-1",,,3,0,0,0,0
"-1,-1,-1,1,-1,-1,0,-1,-1,-1,-1,-1,1,-1,1,-1,-1,-1,1,-1,-1,-1,-1,1,-1,-1,-1,1,1,-1,-1",,,3,0,0,0,0
"-1,-1,-1,1,-1,-1,0,0,1,-1,-1,-1,-1,-1,1,-1,-1,-1,1,-1,-1,-1,-1,1,-1,0,-1,1,1,-1,-1",,,3,0,0,0,0
"1,-1,1,1,1,-1,-1,1,1,1,1,1,1,0,1,-1,1,1,0,1,1,1,1,-1,-1,-1,-1,1,1,1,1",,,3,0,0,0,0
"1,1,1,-1,1,-1,0,1,-1,1,1,1,1,0,1,1,1,1,0,1,1,1,1,-1,1,1,1,1,0,1,1",,,3,0,0,0,0
"1,-1,1,1,1,-1,-1,1,1,1,1,1,-1,-1,0,-1,1,1,0,1,1,1,1,-1,1,0,-1,1,0,1,-1",,,3,0,0,0,0
"1,-1,1,1,1,-1,0,0,-1,-1,-1,1,1,-1,-1,-1,-1,1,0,-1,-1,-1,-1,1,-1,1,-1,1,1,-1,-1",,,3,0,0,0,0
"1,1,1,1,1,1,1,1,-1,1,1,1,1,0,1,1,1,1,0,1,1,1,1,1,-1,-1,-1,1,1,1,1",,,3,0,0,0,0
"1,1,1,1,1,1,0,1,-1,1,1,1,1,0,-1,1,1,1,0,1,1,1,1,-1,1,0,-1,1,0,1,1",,,3,0,0,0,0
"1,-1,1,1,1,-1,0,0,-1,-1,-1,1,1,-1,-1,-1,-1,1,0,-1,-1,-1,-1,1,1,1,-1,1,0,-1,-1",,,3,0,0,0,0
"1,-1,1,-1,-1,-1,0,1,1,1,1,-1,-1,-1,-1,-1,1,1,0,-1,1,1,1,1,-1,-1,-1,-1,1,-1,-1",,,3,0,0,0,0
"1,-1,1,1,1,-1,1,-1,1,1,1,1,-1,0,-1,-1,1,1,0,1,1,1,1,1,-1,1,-1,1,1,-1,1",,,3,0,0,0,0
"1,-1,1,1,1,-1,-1,1,-1,1,1,1,1,1,0,-1,1,1,0,1,1,1,1,1,-1,1,1,1,1,-1,1",,,3,0,0,0,0
"1,-1,1,-1,1,-1,1,-1,-1,1,1,-1,-1,-1,1,-1,1,-1,0,1,1,1,1,1,-1,0,-1,-1,-1,-1,-1",,,3,0,0,0,0
"1,-1,-1,1,1,-1,-1,1,-1,1,1,1,-1,0,0,-1,1,1,0,1,1,1,1,-1,1,0,-1,1,0,1,1",,,3,0,0,0,0
"1,1,1,-1,1,-1,1,1,-1,1,1,1,-1,0,1,-1,1,-1,0,-1,1,-1,1,-1,-1,0,-1,-1,-1,-1,-1",,,3,0,0,0,0
"1,-1,1,1,1,-1,1,1,1,1,1,1,-1,-1,-1,-1,1,1,0,1,1,1,1,-1,-1,0,-1,-1,1,-1,-1",,,3,0,0,0,0
"1,-1,1,1,1,-1,-1,-1,1,1,1,1,-1,-1,-1,-1,1,1,0,1,1,1,1,1,-1,0,-1,1,1,1,-1",,,3,0,0,0,0
"1,1,-1,1,-1,-1,0,1,1,1,1,-1,-1,-1,1,-1,1,-1,0,1,1,1,1,1,-1,-1,-1,1,0,1,-1",,,3,0,0,0,0
"1,1,1,1,1,-1,1,1,-1,1,1,1,1,0,1,-1,1,-1,0,1,1,1,1,1,1,1,1,1,0,1,1",,,3,0,0,0,0
"1,1,1,1,1,-1,-1,1,-1,1,1,1,1,0,0,-1,1,-1,0,1,1,1,1,-1,1,1,-1,-1,0,1,1",,,3,0,0,0,0
"1,-1,-1,1,1,-1,-1,1,1,1,1,1,1,0,0,-1,1,1,0,1,1,1,1,1,1,1,-1,1,0,-1,1",,,3,0,0,0,0
"1,1,-1,1,1,-1,1,1,-1,1,1,1,1,0,1,-1,1,1,0,1,1,1,1,1,1,-1,-1,1,1,-1,1",,,3,0,0,0,0
"1,1,1,-1,1,-1,0,1,1,-1,-1,1,-1,-1,-1,-1,1,1,0,-1,-1,-1,-1,1,-1,0,-1,1,0,-1,-1",,,3,0,0,0,0
"1,1,1,1,1,-1,1,1,-1,1,1,1,1,0,0,-1,1,-1,0,1,1,1,1,-1,1,0,-1,1,0,-1,1",,,3,0,0,0,0
"1,-1,1,-1,1,-1,0,-1,1,1,1,1,-1,-1,-1,-1,1,-1,0,1,1,1,1,-1,1,0,1,1,0,1,-1",,,3,0,0,0,0
"1,-1,1,1,1,-1,0,1,-1,-1,-1,1,1,1,1,-1,1,-1,0,-1,1,-1,1,-1,1,1,-1,1,1,-1,1",,,3,0,0,0,0
"1,-1,-1,1,1,-1,0,1,-1,1,1,1,1,1,0,-1,1,-1,0,1,1,1,1,-1,1,1,-1,1,0,1,1",,,3,0,0,0,0
"1,-1,1,1,1,-1,-1,-1,1,1,1,1,1,0,-1,-1,1,1,0,1,1,1,1,1,-1,0,-1,1,1,1,-1",,,3,0,0,0,0
"1,-1,-1,1,-1,-1,0,-1,1,1,1,-1,-1,-1,1,-1,1,-1,0,-1,1,-1,-1,-1,-1,1,-1,-1,1,-1,-1",,,3,0,0,0,0
"1,-1,1,-1,1,-1,1,1,1,1,1,1,-1,0,-1,-1,1,1,0,1,1,1,1,-1,-1,0,-1,1,0,1,-1",,,3,0,0,0,0
"1,-1,-1,1,1,-1,-1,1,-1,-1,-1,1,1,1,0,-1,-1,1,0,-1,-1,-1,-1,-1,1,1,-1,1,0,-1,1",,,3,0,0,0,0
"1,-1,1,-1,1,-1,-1,-1,1,1,1,1,-1,-1,-1,-1,1,1,0,1,1,1,1,1,1,-1,1,1,1,1,-1",,,3,0,0,0,0
"1,-1,1,-1,1,-1,1,-1,1,1,1,1,-1,-1,0,-1,1,1,0,1,1,1,1,-1,1,-1,1,-1,0,1,-1",,,3,0,0,0,0
"1,-1,1,-1,1,-1,1,1,-1,-1,-1,1,1,-1,1,-1,-1,1,0,1,1,-1,1,1,-1,0,-1,-1,1,-1,-1",,,3,0,0,0,0
"1,1,1,1,1,-1,-1,1,-1,-1,-1,1,1,0,1,1,-1,1,0,1,1,-1,-1,1,-1,1,-1,1,1,-1,1",,,3,0,0,0,0
"1,-1,1,1,1,-1,-1,1,1,1,1,1,-1,0,0,-1,1,1,0,1,1,1,1,1,1,1,-1,1,0,-1,1",,,3,0,0,0,0
"1,-1,-1,1,-1,-1,-1,1,-1,1,1,-1,1,0,1,-1,1,-1,0,1,1,1,1,1,-1,1,-1,1,1,1,1",,,3,0,0,0,0
"1,-1,-1,1,1,-1,1,1,-1,1,1,1,1,1,0,-1,1,1,0,1,1,1,1,1,1,1,-1,-1,0,1,1",,,3,0,0,0,0
"1,-1,1,1,1,-1,0,0,1,1,1,1,-1,-1,1,-1,1,1,0,1,1,1,1,1,-1,-1,-1,-1,1,1,-1",,,3,0,0,0,0
"1,-1,1,1,1,-1,1,-1,1,1,1,1,-1,0,0,-1,1,1,0,1,1,1,1,1,-1,1,-1,-1,1,1,-1",,,3,0,0,0,0
"1,1,1,-1,1,-1,1,1,1,1,1,1,-1,1,1,-1,1,1,0,1,1,1,1,1,1,1,-1,1,0,1,1",,,3,0,0,0,0
"1,1,1,1,1,1,0,1,-1,1,1,1,1,1,1,-1,1,1,0,1,1,1,1,-1,1,1,-1,1,0,1,1",,,3,0,0,0,0
"1,1,1,1,1,-1,0,0,-1,-1,1,1,-1,-1,1,-1,1,1,0,1,1,-1,1,1,-1,0,-1,-1,1,1,-1",,,3,0,0,0,0
"1,1,-1,1,-1,-1,1,-1,-1,-1,-1,-1,-1,0,-1,-1,1,-1,0,-1,1,-1,1,1,-1,0,-1,1,-1,-1,-1",,,3,0,0,0,0
"1,1,1,1,1,1,-1,1,-1,-1,-1,1,1,0,-1,1,1,1,0,-1,-1,-1,-1,1,-1,1,-1,1,1,-1,1",,,3,0,0,0,0
"1,0,-1,1,1,-1,-1,1,-1,1,1,1,1,0,1,-1,-1,-1,0,1,1,1,1,1,-1,1,-1,-1,0,-1,1",,,3,0,0,0,0
"1,-1,-1,1,1,-1,-1,1,-1,1,1,1,1,0,-1,-1,1,1,0,1,1,1,1,-1,1,0,-1,1,0,-1,1",,,3,0,0,0,0
"1,-1,-1,1,1,-1,-1,1,1,-1,-1,1,-1,1,1,-1,1,1,0,-1,-1,-1,-1,1,-1,1,-1,1,1,-1,1",,,3,0,0,0,0
"1,-1,-1,1,1,-1,0,1,-1,1,1,1,-1,0,1,-1,1,1,0,1,1,1,1,-1,1,1,1,-1,0,-1,1",,,3,0,0,0,0
"1,-1,1,1,1,1,0,1,-1,1,1,1,1,1,0,-1,1,1,0,1,1,1,1,-1,-1,1,-1,1,0,-1,1",,,3,0,0,0,0
"-1,-1,-1,1,-1,-1,1,1,1,-1,-1,-1,-1,0,1,-1,1,-1,1,1,1,-1,1,1,1,0,-1,1,1,-1,1",,,3,0,0,0,0
"1,-1,-1,1,1,-1,1,-1,-1,1,1,1,1,0,-1,-1,1,1,0,1,1,1,1,1,-1,-1,-1,1,1,1,-1",,,3,0,0,0,0
"1,-1,1,1,1,-1,1,-1,-1,1,1,1,-1,-1,-1,-1,1,-1,0,1,1,1,1,-1,-1,0,-1,-1,1,1,-1",,,3,0,0,0,0
"1,1,1,1,1,-1,-1,1,-1,-1,-1,1,1,1,0,1,1,-1,0,-1,1,-1,1,1,1,1,1,1,1,1,1",,,3,0,0,0,0
"1,1,1,1,1,-1,-1,1,-1,1,1,1,1,0,1,1,1,-1,0,1,1,1,1,1,1,1,-1,1,0,1,1",,,3,0,0,0,0
"1,-1,1,1,1,-1,0,1,1,1,1,1,-1,1,-1,-1,1,-1,0,1,1,1,1,-1,-1,0,1,-1,1,1,1",,,3,0,0,0,0
"1,1,1,-1,1,-1,1,-1,1,-1,-1,1,-1,-1,1,-1,1,1,0,-1,1,-1,-1,1,1,-1,-1,1,0,-1,-1",,,3,0,0,0,0
"1,1,1,1,1,1,0,1,-1,1,1,1,1,0,0,-1,1,1,0,1,1,1,1,1,-1,1,1,1,0,1,1",,,3,0,0,0,0
"1,-1,-1,1,-1,1,0,1,-1,1,1,-1,1,1,0,-1,1,-1,0,1,1,1,1,1,-1,1,-1,1,1,1,1",,,3,0,0,0,0
"1,-1,1,1,1,1,1,1,1,-1,-1,1,-1,1,0,-1,1,1,0,-1,1,-1,-1,1,1,1,-1,1,0,-1,1",,,3,0,0,0,0
"1,-1,1,1,1,-1,1,1,-1,1,1,1,1,-1,-1,-1,1,1,0,1,1,1,1,-1,1,0,-1,1,0,-1,-1",,,3,0,0,0,0
"-1,-1,-1,1,1,-1,0,1,-1,1,1,1,1,-1,0,-1,1,1,0,1,1,1,1,1,-1,-1,-1,-1,0,-1,-1",,,3,0,0,0,0
"-1,-1,1,1,1,-1,-1,-1,1,1,1,1,1,-1,-1,-1,1,1,0,1,1,1,1,1,-1,0,-1,1,1,-1,-1",,,3,0,0,0,0
"-1,-1,1,1,1,-1,-1,1,1,1,1,1,-1,0,0,-1,1,1,0,1,1,1,1,-1,-1,-1,-1,1,0,-1,1",,,3,0,0,0,0
"1,-1,1,1,1,-1,-1,-1,-1,1,1,1,-1,1,-1,-1,1,1,0,1,1,1,1,1,1,-1,-1,-1,0,-1,-1",,,3,0,0,0,0
"1,-1,1,1,1,-1,1,1,-1,-1,-1,1,1,0,0,-1,1,1,0,1,1,-1,1,1,1,0,-1,-1,0,-1,1",,,3,0,0,0,0
"1,-1,-1,1,-1,1,1,1,1,1,1,-1,-1,1,0,-1,-1,-1,0,1,1,1,1,1,1,1,1,1,1,-1,1",,,3,0,0,0,0
"1,-1,1,1,-1,1,-1,1,-1,1,1,1,1,1,0,-1,1,-1,0,1,1,1,1,1,-1,1,-1,1,0,1,1",,,3,0,0,0,0
"1,-1,1,1,1,-1,0,1,1,1,1,1,-1,0,-1,-1,1,-1,0,1,1,1,1,-1,1,1,-1,1,0,1,1",,,3,0,0,0,0
"1,1,1,1,1,-1,0,-1,-1,1,1,1,-1,-1,-1,-1,1,-1,0,1,1,-1,1,-1,-1,-1,-1,1,0,1,-1",,,3,0,0,0,0
"1,1,-1,1,-1,1,-1,1,-1,1,1,-1,1,0,0,1,-1,-1,0,1,1,1,1,1,1,1,-1,1,1,-1,1",,,3,0,0,0,0
"-1,-1,-1,1,-1,-1,0,-1,-1,-1,-1,-1,-1,-1,1,-1,-1,-1,1,-1,1,-1,-1,-1,-1,-1,-1,1,1,-1,-1",,,3,0,0,0,0
"1,-1,1,1,1,-1,0,1,-1,1,1,1,-1,0,0,-1,1,1,0,1,1,1,1,-1,1,1,-1,1,0,-1,1",,,3,0,0,0,0
"1,1,1,1,1,-1,0,1,-1,1,1,1,1,0,-1,1,1,1,0,1,1,1,1,-1,-1,1,-1,1,1,-1,1",,,3,0,0,0,0
"1,1,1,1,1,-1,-1,-1,-1,1,1,1,-1,-1,-1,1,1,1,0,1,1,1,1,-1,-1,-1,-1,1,0,1,-1",,,3,0,0,0,0
"1,-1,1,-1,1,-1,0,1,1,-1,-1,-1,-1,-1,1,-1,-1,-1,0,-1,1,-1,1,1,-1,-1,-1,1,0,-1,-1",,,3,0,0,0,0
"1,1,1,1,1,1,0,1,-1,1,1,1,1,0,0,-1,1,1,0,1,1,1,1,1,1,1,1,1,0,1,1",,,3,0,0,0,0
"1,-1,1,1,1,-1,1,1,1,-1,-1,1,-1,0,1,-1,1,1,0,1,1,-1,1,1,-1,1,-1,1,1,1,1",,,3,0,0,0,0
"1,-1,1,1,1,-1,0,1,-1,1,1,1,-1,-1,1,-1,1,1,0,1,1,1,1,1,1,0,-1,1,0,1,-1",,,3,0,0,0,0
"1,1,1,1,1,-1,-1,-1,1,1,1,1,1,-1,-1,-1,1,1,0,1,1,1,1,-1,-1,-1,-1,-1,0,1,-1",,,3,0,0,0,0
"1,1,1,1,1,-1,-1,-1,1,1,1,1,-1,-1,1,1,1,1,0,1,1,1,1,-1,-1,0,-1,1,1,1,-1",,,3,0,0,0,0
"1,-1,1,1,1,-1,1,1,1,1,1,1,-1,0,-1,-1,1,1,0,1,1,1,1,1,1,-1,-1,1,0,-1,1",,,3,0,0,0,0
"1,-1,1,1,1,-1,1,1,1,1,1,1,-1,1,1,-1,1,1,0,1,1,1,1,1,1,1,1,-1,0,-1,1",,,3,0,0,0,0
"1,-1,1,1,1,-1,0,0,1,-1,-1,1,1,-1,-1,-1,1,1,0,-1,-1,-1,-1,1,-1,0,-1,1,0,-1,-1",,,3,0,0,0,0
"-1,-1,-1,1,-1,-1,0,1,1,1,1,-1,-1,1,1,-1,1,-1,0,1,1,1,1,1,-1,1,-1,1,1,1,1",,,3,0,0,0,0
"-1,-1,-1,1,-1,-1,1,-1,1,-1,-1,-1,-1,-1,1,-1,1,-1,1,-1,1,-1,-1,-1,-1,-1,-1,-1,1,-1,-1",,,3,0,0,0,0
"1,-1,1,-1,1,-1,-1,-1,1,1,1,1,-1,1,0,-1,1,1,0,1,1,1,1,1,-1,-1,-1,-1,1,1,-1",,,3,0,0,0,0
"1,-1,1,1,1,1,-1,1,-1,-1,-1,-1,1,0,1,-1,-1,1,0,1,1,-1,-1,1,-1,1,-1,1,1,-1,1",,,3,0,0,0,0
"-1,-1,-1,-1,-1,-1,0,-1,-1,-1,-1,-1,-1,-1,1,-1,-1,-1,0,1,1,-1,-1,-1,-1,1,-1,1,1,-1,-1",,,3,0,0,0,0
"1,-1,1,1,1,-1,0,0,1,1,1,1,1,-1,-1,-1,1,1,0,1,1,1,1,1,-1,-1,-1,1,1,-1,-1",,,3,0,0,0,0
"-1,-1,1,1,1,1,-1,1,-1,1,1,1,1,-1,-1,-1,1,1,0,1,1,1,1,1,-1,1,-1,1,1,1,1",,,3,0,0,0,0
"1,-1,1,1,1,-1,1,1,-1,1,1,1,-1,-1,0,-1,1,1,0,1,1,1,1,-1,-1,1,-1,1,0,-1,-1",,,3,0,0,0,0
"1,-1,1,1,1,-1,1,-1,1,1,1,1,1,-1,0,-1,1,1,0,1,1,1,1,-1,-1,-1,-1,1,0,-1,-1",,,3,0,0,0,0
"1,-1,1,1,1,-1,1,-1,1,-1,-1,-1,-1,0,-1,-1,-1,1,0,-1,1,-1,-1,1,-1,1,-1,1,1,-1,-1",,,3,0,0,0,0
"1,-1,1,1,1,-1,1,-1,-1,-1,-1,-1,1,-1,0,-1,-1,1,0,1,1,1,1,-1,-1,0,-1,-1,0,-1,-1",,,3,0,0,0,0
"1,-1,1,1,1,-1,0,-1,1,1,1,1,-1,0,-1,-1,1,1,0,1,1,1,1,-1,-1,1,-1,1,1,-1,1",,,3,0,0,0,0
"1,-1,1,1,1,-1,1,-1,-1,1,1,1,-1,-1,0,-1,1,1,0,1,1,1,1,-1,-1,1,-1,-1,0,-1,-1",,,3,0,0,0,0
"1,-1,1,1,1,-1,-1,1,-1,-1,-1,-1,-1,0,0,-1,-1,1,0,1,1,-1,1,1,-1,1,-1,1,1,-1,1",,,3,0,0,0,0
"1,1,1,1,1,-1,0,-1,-1,1,1,1,1,0,0,1,1,1,0,1,1,1,1,-1,1,1,-1,1,0,-1,1",,,3,0,0,0,0
"1,-1,1,1,1,-1,1,-1,-1,1,1,1,-1,-1,0,-1,1,1,0,1,1,1,1,-1,-1,-1,-1,-1,1,1,-1",,,3,0,0,0,0
"1,0,-1,1,1,-1,1,1,-1,1,1,1,1,0,1,-1,1,1,0,1,1,1,1,1,-1,1,1,1,0,1,1",,,3,0,0,0,0
"1,-1,1,1,1,-1,0,0,-1,-1,-1,-1,-1,-1,0,-1,-1,-1,0,-1,1,-1,1,1,-1,0,-1,1,0,-1,-1",,,3,0,0,0,0
"1,-1,1,1,1,-1,0,1,1,1,1,1,-1,1,-1,-1,1,1,0,-1,1,1,1,-1,-1,1,-1,1,1,1,1",,,3,0,0,0,0
"1,-1,1,1,1,-1,1,1,1,1,1,1,-1,0,-1,-1,1,1,0,-1,1,1,1,-1,1,0,-1,1,0,1,-1",,,3,0,0,0,0
"1,-1,1,1,1,-1,1,1,-1,1,1,1,1,0,1,-1,1,1,0,-1,1,1,1,1,-1,1,-1,1,0,1,1",,,3,0,0,0,0
"1,-1,1,1,1,-1,0,1,1,1,1,1,-1,1,0,-1,1,1,0,-1,1,1,1,-1,1,1,-1,1,0,1,1",,,3,0,0,0,0
"-1,-1,-1,1,-1,-1,0,-1,1,-1,-1,-1,-1,-1,1,-1,-1,-1,0,-1,-1,-1,-1,1,-1,-1,-1,1,1,-1,-1",,,3,0,0,0,0
"1,-1,1,-1,1,-1,-1,-1,1,1,1,1,-1,0,0,-1,1,1,0,1,1,1,1,1,-1,1,-1,-1,1,1,-1",,,3,0,0,0,0
"-1,-1,1,1,1,-1,-1,1,-1,1,1,1,-1,0,-1,-1,1,1,0,1,1,1,1,1,1,1,-1,1,0,1,1",,,3,0,0,0,0
"1,-1,1,-1,1,-1,0,1,1,-1,-1,-1,-1,-1,-1,-1,-1,1,0,-1,-1,-1,-1,1,-1,1,-1,1,1,-1,-1",,,3,0,0,0,0
"-1,-1,-1,1,-1,1,-1,1,-1,1,1,1,-1,0,0,-1,1,-1,0,1,1,1,1,1,-1,1,-1,1,0,-1,1",,,3,0,0,0,0
"1,-1,1,1,1,-1,-1,1,-1,1,1,1,1,0,1,-1,1,1,0,1,1,1,1,1,1,1,1,1,0,-1,1",,,3,0,0,0,0
"1,-1,1,1,1,-1,0,-1,-1,-1,-1,-1,-1,-1,0,-1,-1,1,0,-1,1,-1,-1,-1,-1,-1,-1,1,0,-1,-1",,,3,0,0,0,0
"1,-1,1,-1,1,-1,-1,-1,-1,1,1,1,1,-1,0,-1,1,1,0,1,1,1,1,1,-1,0,-1,1,1,1,-1",,,3,0,0,0,0
"1,-1,1,-1,1,-1,0,1,1,1,1,1,-1,-1,0,-1,1,1,0,1,1,1,1,1,-1,-1,1,1,1,-1,-1",,,3,0,0,0,0
"1,-1,1,-1,1,-1,-1,1,1,1,1,1,1,0,-1,-1,1,1,0,1,1,1,1,1,-1,0,-1,-1,1,-1,-1",,,3,0,0,0,0
"1,-1,1,-1,1,-1,-1,-1,-1,1,1,1,-1,0,-1,-1,1,1,0,1,1,1,1,-1,1,0,-1,1,0,1,-1",,,3,0,0,0,0
"1,1,1,1,1,1,-1,1,-1,-1,-1,-1,1,1,-1,1,-1,1,0,1,1,-1,-1,-1,1,1,-1,1,0,-1,1",,,3,0,0,0,0
"1,-1,1,1,1,-1,0,-1,-1,-1,1,1,-1,-1,1,-1,1,1,0,1,1,-1,1,-1,-1,-1,-1,-1,0,1,-1",,,3,0,0,0,0
"1,1,1,-1,1,-1,0,1,-1,1,1,1,1,-1,-1,1,1,1,0,1,1,1,1,1,1,-1,-1,-1,0,1,-1",,,3,0,0,0,0
"1,-1,1,1,1,-1,0,1,-1,-1,-1,-1,1,1,1,-1,-1,1,0,-1,1,-1,1,-1,-1,1,-1,1,1,-1,1",,,3,0,0,0,0
"1,-1,1,1,1,1,1,1,-1,-1,-1,-1,1,0,-1,-1,-1,1,0,-1,-1,-1,-1,1,1,1,-1,1,1,-1,1",,,3,0,0,0,0
"1,-1,1,1,1,-1,0,1,-1,-1,-1,-1,1,0,-1,-1,-1,1,0,-1,1,-1,-1,-1,-1,1,1,1,1,-1,1",,,3,0,0,0,0
"1,-1,1,1,1,-1,-1,-1,1,1,1,1,-1,-1,-1,-1,1,1,0,-1,1,1,1,-1,1,-1,-1,-1,0,1,-1",,,3,0,0,0,0
"1,-1,1,1,1,-1,-1,-1,1,1,1,1,-1,-1,-1,-1,1,1,0,1,1,1,1,-1,-1,-1,1,1,0,1,-1",,,3,0,0,0,0
"1,0,1,1,1,-1,-1,-1,1,1,1,-1,-1,0,0,-1,1,1,0,-1,1,1,1,1,1,0,-1,-1,-1,1,-1",,,3,0,0,0,0
"1,-1,1,1,1,-1,-1,-1,1,1,1,1,-1,-1,-1,-1,1,1,0,1,1,1,1,1,-1,-1,-1,1,1,1,-1",,,3,0,0,0,0
"1,-1,1,1,-1,-1,0,-1,1,1,1,1,-1,-1,0,-1,1,1,0,1,1,1,1,1,-1,1,-1,1,0,-1,-1",,,3,0,0,0,0
"-1,1,-1,1,-1,-1,-1,1,-1,1,1,-1,1,0,-1,1,1,-1,0,1,1,1,1,1,-1,0,-1,1,1,1,1",,,3,0,0,0,0
"1,-1,1,1,1,-1,0,0,-1,1,1,1,1,-1,1,-1,1,1,0,1,1,1,1,1,1,1,-1,-1,0,-1,-1",,,3,0,0,0,0
"1,1,1,1,1,-1,0,0,-1,1,1,1,-1,-1,-1,1,1,1,0,1,1,1,1,1,-1,-1,-1,1,1,-1,-1",,,3,0,0,0,0
"1,-1,1,1,1,-1,-1,1,-1,1,1,1,1,1,0,-1,1,-1,0,1,1,1,1,1,-1,-1,-1,1,1,1,1",,,3,0,0,0,0
"1,-1,1,1,1,-1,1,1,-1,1,1,1,1,0,0,-1,1,-1,0,1,1,1,1,1,1,1,-1,1,0,-1,1",,,3,0,0,0,0
"1,-1,1,-1,1,-1,-1,-1,-1,-1,-1,1,1,-1,-1,-1,-1,1,0,1,1,1,1,-1,-1,0,-1,1,1,-1,-1",,,3,0,0,0,0
"1,-1,1,1,1,1,-1,1,1,1,1,1,-1,0,1,-1,1,1,0,1,1,1,1,-1,-1,-1,-1,1,1,-1,1",,,3,0,0,0,0
"1,-1,1,1,1,-1,0,-1,1,1,1,1,-1,0,-1,-1,1,1,0,1,1,1,1,-1,-1,0,-1,1,0,1,-1",,,3,0,0,0,0
"1,-1,1,1,1,-1,1,-1,-1,-1,1,1,-1,-1,-1,-1,1,1,0,1,1,-1,1,-1,-1,0,-1,-1,1,1,-1",,,3,0,0,0,0
"1,-1,1,1,1,-1,1,1,-1,1,1,1,-1,-1,0,-1,1,1,0,1,1,1,1,-1,-1,0,-1,1,0,1,-1",,,3,0,0,0,0
"1,1,1,-1,1,-1,1,-1,-1,1,1,1,-1,-1,0,1,1,1,0,1,1,1,1,-1,1,-1,-1,1,0,1,-1",,,3,0,0,0,0
"1,-1,1,1,1,-1,0,0,-1,1,1,1,-1,-1,0,-1,1,-1,0,1,1,1,1,1,-1,-1,-1,-1,0,1,-1",,,3,0,0,0,0
"1,-1,1,1,1,-1,1,-1,1,1,1,1,-1,-1,0,-1,1,-1,0,1,1,1,1,-1,1,0,-1,1,0,1,-1",,,3,0,0,0,0
"1,-1,1,1,1,-1,0,1,-1,1,1,1,-1,-1,-1,-1,-1,1,0,1,1,1,1,1,1,-1,1,-1,0,1,-1",,,3,0,0,0,0
"1,1,-1,1,1,1,-1,1,-1,1,1,-1,1,0,1,1,1,1,0,1,1,1,1,1,1,1,-1,1,-1,-1,1",,,3,0,0,0,0
"1,-1,1,1,1,-1,1,-1,-1,1,1,1,1,-1,-1,-1,1,1,0,1,1,1,1,-1,-1,-1,-1,1,1,1,-1",,,3,0,0,0,0
"1,-1,1,1,1,-1,1,1,-1,1,1,1,1,1,-1,-1,1,1,0,1,1,1,1,1,1,0,1,1,0,-1,1",,,3,0,0,0,0
"1,-1,1,1,1,1,1,1,1,1,1,1,-1,1,0,-1,1,1,0,1,1,1,1,1,-1,1,-1,-1,1,-1,1",,,3,0,0,0,0
"-1,-1,-1,1,-1,-1,-1,1,-1,1,1,-1,1,1,1,-1,1,-1,0,1,1,1,1,1,-1,1,1,1,1,1,1",,,3,0,0,0,0
"-1,-1,-1,1,-1,-1,-1,-1,-1,-1,-1,-1,-1,-1,1,-1,-1,-1,0,1,1,-1,1,1,-1,0,-1,-1,1,-1,-1",,,3,0,0,0,0
"1,-1,1,1,1,-1,-1,-1,-1,-1,-1,1,1,1,-1,-1,-1,1,0,-1,-1,-1,-1,1,-1,1,-1,-1,1,-1,-1",,,3,0,0,0,0
"1,-1,1,-1,1,-1,-1,-1,1,1,1,1,1,-1,0,-1,1,1,0,1,1,1,1,1,-1,-1,-1,1,1,1,-1",,,3,0,0,0,0
"1,-1,1,1,1,-1,-1,-1,-1,1,1,1,-1,-1,1,-1,1,1,0,1,1,1,1,1,-1,-1,-1,1,1,1,-1",,,3,0,0,0,0
"-1,1,-1,-1,-1,-1,-1,-1,-1,1,1,-1,1,-1,0,1,1,-1,1,1,1,1,1,-1,-1,-1,-1,-1,1,1,-1",,,3,0,0,0,0
"1,-1,1,1,1,-1,0,1,-1,1,1,1,1,1,0,-1,1,-1,0,1,1,1,1,-1,1,1,-1,1,0,1,1",,,3,0,0,0,0
"1,-1,1,1,1,1,-1,1,-1,-1,-1,1,-1,1,0,-1,-1,-1,0,1,1,1,1,1,1,1,-1,1,0,-1,1",,,3,0,0,0,0
"1,-1,1,-1,1,-1,0,-1,1,1,1,1,-1,-1,-1,-1,1,-1,0,1,1,1,1,-1,-1,-1,-1,1,0,1,-1",,,3,0,0,0,0
"1,-1,1,1,1,1,0,1,-1,1,1,1,1,1,1,-1,1,-1,0,1,1,1,1,-1,1,1,1,1,0,1,1",,,3,0,0,0,0
"1,-1,1,1,1,-1,0,-1,-1,1,1,-1,-1,1,0,-1,1,1,0,1,1,1,1,-1,1,1,-1,1,0,-1,1",,,3,0,0,0,0
"-1,-1,-1,1,-1,-1,0,0,-1,1,1,-1,-1,-1,1,-1,1,-1,0,1,1,1,1,1,-1,-1,1,1,0,1,-1",,,3,0,0,0,0
"1,-1,1,1,1,-1,-1,-1,1,1,1,1,-1,-1,0,-1,1,1,0,1,1,1,1,1,-1,0,-1,-1,1,1,-1",,,3,0,0,0,0
"1,-1,1,1,1,-1,0,1,-1,1,1,1,1,0,0,1,1,1,0,1,1,1,1,-1,1,1,1,1,0,1,1",,,3,0,0,0,0
"1,1,1,1,1,-1,1,-1,1,1,1,1,1,-1,-1,1,1,1,0,1,1,1,1,-1,-1,0,-1,1,0,-1,-1",,,3,0,0,0,0
"-1,-1,-1,1,-1,-1,1,1,-1,1,1,-1,-1,0,-1,1,1,-1,1,1,1,1,1,1,-1,1,1,-1,1,1,1",,,3,0,0,0,0
"-1,1,-1,1,-1,-1,1,1,-1,1,1,-1,1,0,-1,1,1,1,1,1,1,1,1,-1,-1,0,-1,-1,1,-1,-1",,,3,0,0,0,0
"1,-1,1,1,1,1,0,1,-1,1,1,1,1,0,0,1,1,1,0,1,1,-1,1,-1,-1,1,-1,1,1,1,1",,,3,0,0,0,0
"1,-1,1,1,1,-1,-1,1,-1,-1,-1,1,1,0,-1,1,-1,1,0,1,-1,-1,-1,1,-1,1,1,1,1,-1,1",,,3,0,0,0,0
"1,-1,1,-1,1,-1,0,0,-1,1,1,1,-1,-1,0,-1,1,1,0,1,1,1,1,1,1,-1,-1,1,0,-1,-1",,,3,0,0,0,0
"1,-1,1,1,1,-1,1,1,1,-1,-1,1,-1,0,1,-1,-1,1,0,-1,1,-1,-1,1,-1,0,-1,1,1,-1,-1",,,3,0,0,0,0
"1,-1,1,1,1,-1,1,1,-1,-1,-1,1,1,-1,1,-1,-1,1,0,1,1,-1,1,1,-1,0,-1,1,1,1,-1",,,3,0,0,0,0
"1,-1,1,-1,1,-1,1,-1,1,1,1,1,-1,0,-1,-1,1,1,0,1,1,1,1,1,-1,0,-1,1,1,1,-1",,,3,0,0,0,0
"1,-1,1,1,1,-1,1,-1,1,1,1,1,-1,0,0,-1,1,1,0,1,1,1,1,-1,-1,-1,1,1,1,1,-1",,,3,0,0,0,0
"1,-1,1,-1,1,-1,-1,-1,1,1,1,1,-1,-1,0,-1,1,1,0,1,1,1,1,1,-1,-1,-1,1,0,1,-1",,,3,0,0,0,0
"1,-1,1,1,1,-1,-1,1,-1,1,1,1,1,0,-1,-1,1,1,0,1,1,1,1,1,1,1,-1,1,0,-1,1",,,3,0,0,0,0
"1,-1,1,1,1,-1,1,1,-1,1,1,1,1,1,0,-1,1,1,0,1,1,1,1,1,1,1,-1,1,0,-1,1",,,3,0,0,0,0
"1,-1,1,1,1,1,-1,1,1,-1,-1,1,-1,1,0,-1,-1,1,0,1,1,-1,-1,-1,1,0,-1,1,0,-1,1",,,3,0,0,0,0
"1,-1,1,1,1,-1,-1,-1,-1,1,1,1,1,0,-1,-1,-1,-1,0,1,1,1,1,-1,-1,-1,1,-1,0,-1,-1",,,3,0,0,0,0
"1,1,1,1,1,1,1,1,-1,1,1,1,1,0,-1,1,1,1,0,1,1,1,1,1,1,0,-1,-1,0,-1,1",,,3,0,0,0,0
"1,-1,1,1,1,-1,-1,-1,1,1,1,1,-1,1,-1,-1,1,1,0,1,1,1,1,-1,-1,0,-1,1,0,1,-1",,,3,0,0,0,0
"1,1,1,-1,1,-1,-1,-1,-1,-1,1,1,1,-1,1,1,1,1,0,1,1,-1,1,1,-1,-1,-1,1,0,-1,-1",,,3,0,0,0,0
"1,-1,1,-1,1,-1,0,-1,1,1,1,1,-1,-1,-1,-1,1,1,0,1,1,1,1,-1,-1,0,-1,-1,0,1,-1",,,3,0,0,0,0
"-1,1,-1,-1,-1,-1,0,-1,-1,1,1,-1,1,-1,1,1,1,-1,1,1,1,1,1,-1,-1,-1,-1,1,0,-1,-1",,,3,0,0,0,0
"1,-1,1,1,1,-1,-1,1,1,1,1,1,1,-1,-1,-1,1,1,0,1,1,1,1,1,1,1,-1,1,0,1,-1",,,3,0,0,0,0
"1,-1,1,1,1,-1,-1,-1,1,1,1,1,-1,1,-1,-1,1,1,0,1,1,1,1,1,-1,-1,-1,1,1,1,-1",,,3,0,0,0,0
"1,1,1,1,1,-1,-1,-1,1,1,1,1,-1,-1,0,1,1,1,0,1,1,1,1,1,-1,-1,-1,-1,0,1,-1",,,3,0,0,0,0
"1,-1,1,1,1,-1,0,-1,1,1,1,1,-1,-1,1,-1,1,1,0,1,1,1,1,1,1,1,-1,1,1,1,-1",,,3,0,0,0,0
"1,-1,1,-1,1,1,1,1,-1,1,1,1,1,1,1,-1,1,1,0,1,1,1,1,1,1,1,-1,1,0,-1,1",,,3,0,0,0,0
"1,-1,1,1,1,-1,-1,-1,-1,1,1,-1,-1,-1,-1,-1,1,1,0,1,1,1,1,-1,1,0,-1,1,0,1,-1",,,3,0,0,0,0
"1,-1,1,1,1,-1,1,-1,-1,1,1,1,1,-1,1,-1,1,1,0,1,1,1,1,1,1,0,-1,1,0,1,-1",,,3,0,0,0,0
"1,-1,1,-1,1,-1,0,1,1,1,1,1,-1,-1,0,-1,1,1,0,1,1,1,1,1,-1,-1,-1,1,0,-1,-1",,,3,0,0,0,0
"1,-1,1,1,1,-1,0,-1,1,1,1,1,-1,0,-1,-1,1,1,0,1,1,1,1,-1,1,0,-1,-1,0,-1,-1",,,3,0,0,0,0
"1,-1,1,1,-1,-1,1,1,-1,1,1,1,1,1,1,-1,1,1,0,1,1,1,1,1,1,1,-1,1,0,1,1",,,3,0,0,0,0
"1,-1,1,1,-1,-1,1,1,-1,1,1,1,1,0,1,-1,1,1,0,1,1,1,1,1,-1,1,1,1,1,1,1",,,3,0,0,0,0
"1,1,1,1,1,-1,-1,-1,-1,1,1,1,1,-1,0,1,1,1,0,1,1,1,1,-1,1,-1,-1,1,0,-1,-1",,,3,0,0,0,0
"1,-1,1,1,1,-1,-1,1,1,1,1,1,-1,-1,1,-1,1,1,0,1,1,1,1,-1,1,0,-1,1,0,1,-1",,,3,0,0,0,0
"1,-1,1,1,-1,-1,-1,-1,1,1,1,1,-1,-1,-1,-1,1,1,0,1,1,1,1,-1,-1,-1,1,1,-1,1,-1",,,3,0,0,0,0
"1,1,1,-1,1,-1,0,0,-1,1,1,1,1,-1,1,1,1,1,0,1,1,1,1,1,-1,-1,-1,1,-1,1,-1",,,3,0,0,0,0
"1,-1,1,1,1,-1,1,1,-1,1,1,1,1,0,1,-1,1,1,0,1,1,1,1,1,-1,0,-1,1,0,1,-1",,,3,0,0,0,0
"1,-1,1,1,1,-1,-1,-1,1,1,1,1,1,0,0,-1,1,1,0,1,1,1,1,-1,1,-1,1,-1,0,1,-1",,,3,0,0,0,0
"1,-1,1,1,-1,-1,-1,1,-1,1,1,1,1,1,0,-1,1,1,0,1,1,1,1,1,1,1,1,-1,0,-1,1",,,3,0,0,0,0
"1,1,1,1,1,-1,0,-1,-1,1,1,1,1,0,0,1,1,1,0,1,1,1,1,-1,-1,1,-1,1,0,-1,1",,,3,0,0,0,0
"1,1,1,-1,1,-1,1,-1,-1,1,1,1,1,0,1,1,1,1,0,1,1,1,1,1,-1,-1,-1,1,0,1,-1",,,3,0,0,0,0
"1,-1,1,1,1,-1,1,-1,1,1,1,1,-1,-1,0,-1,1,1,0,1,1,1,1,1,-1,-1,-1,1,1,1,-1",,,3,0,0,0,0
"-1,-1,-1,-1,-1,-1,1,-1,-1,-1,1,-1,-1,-1,1,-1,-1,-1,1,-1,1,-1,1,-1,-1,0,-1,1,0,-1,-1",,,3,0,0,0,0
"1,-1,1,1,-1,-1,1,-1,1,1,1,1,-1,-1,0,-1,1,1,0,1,1,1,1,1,1,-1,-1,1,0,1,-1",,,3,0,0,0,0
"1,-1,1,1,1,-1,1,-1,1,1,1,1,-1,-1,0,-1,1,1,0,1,1,1,1,-1,-1,-1,-1,1,1,-1,-1",,,3,0,0,0,0
"-1,1,-1,1,-1,-1,1,1,-1,1,1,-1,1,0,-1,1,1,-1,1,1,1,1,1,1,-1,0,-1,1,1,-1,1",,,3,0,0,0,0
"1,-1,1,1,1,-1,1,-1,-1,1,1,1,1,-1,0,-1,1,1,0,1,1,1,1,-1,-1,-1,-1,1,0,-1,-1",,,3,0,0,0,0
"1,1,1,1,1,-1,1,-1,-1,1,1,1,1,-1,-1,1,1,1,0,1,1,1,1,-1,-1,-1,-1,1,0,1,-1",,,3,0,0,0,0
"1,-1,1,-1,1,-1,0,0,-1,1,1,1,-1,-1,0,-1,1,1,0,1,1,1,1,1,-1,-1,-1,1,0,1,-1",,,3,0,0,0,0
"1,-1,1,1,-1,-1,1,1,1,1,1,1,-1,1,1,-1,1,1,0,1,1,1,1,1,1,1,1,-1,0,-1,1",,,3,0,0,0,0
"1,1,1,1,1,-1,1,0,-1,1,1,1,1,0,0,-1,1,1,0,1,1,1,1,1,1,1,-1,1,-1,-1,1",,,3,0,0,0,0
"1,1,1,1,1,-1,0,1,-1,1,1,1,1,-1,-1,1,1,1,0,1,1,1,1,1,1,0,-1,1,0,1,-1",,,3,0,0,0,0
"1,-1,1,-1,1,-1,0,0,-1,1,1,1,1,-1,-1,-1,1,1,0,1,1,1,1,1,-1,0,-1,1,0,1,-1",,,3,0,0,0,0
"1,0,1,-1,1,-1,-1,1,-1,-1,1,-1,-1,-1,0,-1,1,1,0,-1,1,-1,-1,-1,-1,0,-1,1,0,1,-1",,,3,0,0,0,0
"1,-1,1,-1,1,-1,0,-1,1,1,1,1,1,-1,0,-1,1,1,0,1,1,1,1,-1,-1,-1,-1,1,0,1,-1",,,3,0,0,0,0
"1,-1,1,-1,1,-1,-1,-1,1,1,1,1,-1,-1,-1,-1,1,1,0,1,1,1,1,-1,-1,0,-1,1,0,1,-1",,,3,0,0,0,0
"1,-1,1,-1,1,-1,-1,-1,1,1,1,1,-1,0,0,-1,1,1,0,1,1,1,1,-1,-1,-1,1,1,1,1,-1",,,3,0,0,0,0
"1,-1,1,-1,1,-1,0,0,1,1,1,1,-1,-1,-1,-1,1,1,0,1,1,1,1,1,1,-1,-1,1,0,1,-1",,,3,0,0,0,0
"1,1,1,1,1,-1,1,1,-1,1,1,1,1,1,0,1,1,1,0,1,1,1,1,1,1,1,-1,1,0,-1,1",,,3,0,0,0,0
"1,-1,1,-1,1,-1,0,-1,1,-1,-1,1,1,-1,1,-1,-1,1,0,-1,-1,-1,-1,-1,-1,-1,-1,1,0,-1,-1",,,3,0,0,0,0
"1,-1,1,-1,1,-1,-1,1,1,1,1,1,-1,0,-1,-1,1,1,0,1,1,1,1,-1,1,0,-1,-1,0,1,-1",,,3,0,0,0,0
"1,-1,1,1,1,1,-1,1,-1,1,1,1,1,-1,-1,-1,1,1,0,1,1,1,1,1,-1,1,-1,1,1,-1,1",,,3,0,0,0,0
"1,-1,1,-1,1,-1,-1,-1,1,1,1,1,-1,-1,0,-1,1,1,0,1,1,1,1,-1,-1,-1,-1,-1,0,-1,-1",,,3,0,0,0,0
"1,1,1,1,1,-1,-1,-1,-1,1,1,1,1,-1,0,1,1,1,0,1,1,1,1,-1,-1,-1,-1,1,0,-1,-1",,,3,0,0,0,0
"1,-1,1,1,1,-1,0,0,-1,1,1,1,-1,0,-1,-1,1,1,0,1,1,1,1,1,-1,0,-1,1,1,1,-1",,,3,0,0,0,0
"1,-1,1,1,1,-1,0,-1,-1,1,1,1,-1,-1,-1,-1,1,1,0,1,1,1,1,-1,1,1,-1,-1,0,1,-1",,,3,0,0,0,0
"1,-1,1,1,-1,-1,0,1,-1,1,1,-1,-1,-1,1,-1,1,1,0,1,1,1,1,1,-1,-1,-1,1,0,1,-1",,,3,0,0,0,0
"1,-1,1,-1,1,-1,-1,-1,-1,1,1,1,1,-1,0,-1,1,1,0,1,1,1,1,1,-1,-1,-1,1,0,-1,-1",,,3,0,0,0,0
"1,-1,1,1,1,-1,0,1,1,-1,-1,1,1,-1,0,-1,-1,1,0,-1,1,-1,-1,1,1,0,-1,1,0,-1,-1",,,3,0,0,0,0
"1,-1,1,1,1,-1,0,0,-1,1,1,1,1,-1,0,-1,1,1,0,1,1,1,1,1,1,1,-1,1,0,-1,-1",,,3,0,0,0,0
"1,-1,1,1,1,-1,1,-1,-1,1,1,1,1,0,0,-1,1,1,0,1,1,1,1,1,1,0,-1,1,0,-1,1",,,3,0,0,0,0
"1,-1,1,1,1,-1,-1,-1,-1,1,1,1,-1,0,-1,-1,1,1,0,1,1,1,1,-1,-1,0,-1,-1,0,-1,-1",,,3,0,0,0,0
"1,-1,1,1,1,-1,-1,-1,-1,1,1,1,-1,0,-1,-1,1,1,0,1,1,1,1,-1,-1,-1,1,1,1,1,-1",,,3,0,0,0,0
"1,-1,1,1,1,-1,1,-1,1,1,1,1,-1,-1,0,-1,1,1,0,1,1,1,1,1,-1,-1,-1,-1,1,1,-1",,,3,0,0,0,0
"1,-1,1,1,1,-1,1,-1,-1,1,1,1,1,-1,1,-1,1,1,0,1,1,1,1,-1,-1,-1,-1,1,1,1,-1",,,3,0,0,0,0
"1,-1,1,-1,1,-1,-1,1,-1,-1,-1,1,-1,0,1,-1,-1,1,0,-1,1,-1,-1,-1,-1,0,-1,1,0,-1,-1",,,3,0,0,0,0
"1,-1,1,1,1,-1,-1,-1,-1,1,1,1,-1,0,-1,-1,1,1,0,1,1,1,1,-1,-1,0,-1,1,0,-1,-1",,,3,0,0,0,0
"1,-1,1,1,1,-1,-1,1,-1,1,1,1,1,0,0,-1,1,1,0,1,1,1,1,1,1,1,1,1,0,-1,1",,,3,0,0,0,0
"-1,-1,-1,1,-1,-1,-1,-1,-1,-1,-1,-1,-1,-1,1,-1,-1,-1,1,-1,-1,-1,-1,1,-1,1,1,1,1,-1,-1",,,3,0,0,0,0
"-1,1,-1,1,-1,-1,-1,1,-1,1,1,-1,1,0,0,1,1,-1,1,1,1,1,1,-1,-1,1,-1,1,1,-1,1",,,3,0,0,0,0
"1,-1,1,1,1,-1,-1,1,-1,1,1,1,-1,0,0,-1,1,1,0,1,1,1,1,-1,1,1,-1,1,0,-1,1",,,3,0,0,0,0
"-1,-1,-1,1,-1,-1,0,-1,1,-1,1,-1,-1,-1,1,-1,1,-1,0,-1,1,-1,-1,-1,-1,-1,-1,-1,1,-1,-1",,,3,0,0,0,0
"1,-1,1,1,1,-1,0,-1,1,1,1,1,-1,-1,-1,-1,1,1,0,1,1,1,1,-1,-1,0,-1,1,0,-1,-1",,,3,0,0,0,0
"1,-1,1,1,1,-1,0,-1,-1,1,1,1,1,-1,0,-1,1,1,0,1,1,-1,1,-1,-1,-1,-1,1,0,-1,-1",,,3,0,0,0,0
"1,-1,1,1,1,-1,1,-1,1,1,1,1,-1,0,-1,-1,1,1,0,1,1,1,1,1,-1,-1,-1,-1,1,1,-1",,,3,0,0,0,0
"1,-1,1,1,1,-1,-1,-1,-1,1,1,1,-1,0,-1,-1,1,1,0,1,1,1,1,-1,-1,-1,-1,-1,0,1,-1",,,3,0,0,0,0
"1,-1,1,1,1,-1,0,-1,1,1,1,1,-1,-1,0,-1,1,1,0,1,1,1,1,-1,-1,-1,-1,1,0,-1,-1",,,3,0,0,0,0
"1,-1,1,1,1,-1,0,0,-1,1,1,1,1,-1,1,-1,1,1,0,1,1,1,1,1,-1,-1,-1,-1,1,1,-1",,,3,0,0,0,0
"1,-1,1,1,1,-1,-1,1,-1,1,1,1,1,0,-1,-1,1,1,0,1,1,1,1,-1,1,-1,-1,1,0,1,-1",,,3,0,0,0,0
"1,-1,1,1,1,-1,0,0,1,1,1,1,-1,-1,-1,-1,1,1,0,1,1,1,1,1,1,1,-1,-1,0,-1,-1",,,3,0,0,0,0
"1,-1,1,1,1,-1,1,1,-1,1,1,1,1,0,-1,-1,1,1,0,1,1,1,1,-1,-1,0,-1,-1,0,1,-1",,,3,0,0,0,0
"1,-1,1,1,1,-1,0,0,1,-1,-1,1,1,-1,-1,-1,-1,1,0,-1,1,-1,-1,1,1,0,-1,-1,0,-1,-1",,,3,0,0,0,0
"1,-1,1,1,1,-1,0,0,1,1,1,1,-1,-1,0,-1,1,1,0,1,1,1,1,1,-1,0,-1,1,0,-1,-1",,,3,0,0,0,0
"1,-1,1,-1,1,-1,0,-1,-1,1,1,1,1,-1,1,-1,-1,-1,0,1,1,1,1,-1,-1,1,-1,1,1,-1,-1",,,3,0,0,0,0
"1,-1,1,1,1,-1,-1,1,1,-1,1,1,-1,-1,0,-1,1,1,0,1,1,-1,1,-1,-1,-1,-1,1,0,-1,-1",,,3,0,0,0,0
"1,-1,1,1,1,-1,1,-1,-1,-1,1,1,1,0,0,-1,1,1,0,-1,1,-1,1,1,-1,0,-1,1,-1,-1,-1",,,3,0,0,0,0
"1,-1,1,1,1,-1,-1,1,-1,1,1,1,-1,0,0,-1,1,1,0,1,1,1,1,-1,-1,0,-1,1,0,-1,-1",,,3,0,0,0,0
"1,1,1,1,1,-1,0,0,-1,1,1,1,1,-1,-1,1,1,1,0,1,1,1,1,1,-1,0,-1,1,0,-1,-1",,,3,0,0,0,0
"1,-1,1,1,1,-1,-1,-1,-1,1,1,1,1,0,0,-1,1,1,0,1,1,1,1,-1,1,0,-1,1,0,-1,-1",,,3,0,0,0,0
"1,-1,1,1,1,-1,0,-1,-1,1,1,1,1,0,0,-1,1,1,0,1,1,1,1,-1,1,1,-1,1,0,-1,-1",,,3,0,0,0,0
"1,-1,1,1,1,-1,-1,-1,-1,1,1,1,1,-1,-1,-1,1,1,0,1,1,1,1,-1,1,0,-1,1,0,-1,-1",,,3,0,0,0,0
"-1,-1,-1,1,-1,-1,0,-1,-1,-1,-1,-1,1,-1,1,-1,-1,-1,1,-1,-1,-1,-1,-1,-1,0,-1,1,1,-1,-1",,,3,0,0,0,0
"1,-1,1,1,1,-1,-1,0,-1,1,1,1,-1,-1,-1,-1,1,1,0,1,1,1,1,-1,-1,0,-1,-1,0,1,-1",,,3,0,0,0,0
"1,1,1,1,1,-1,0,1,-1,1,1,-1,1,-1,-1,-1,1,1,0,1,1,1,1,-1,-1,0,-1,1,1,1,-1",,,3,0,0,0,0
"1,-1,1,1,1,-1,-1,-1,1,1,1,1,-1,-1,0,-1,1,1,0,1,1,1,1,-1,-1,1,-1,-1,0,1,-1",,,3,0,0,0,0
"1,-1,1,1,1,-1,0,0,1,1,1,1,-1,-1,0,-1,1,1,0,1,1,1,1,1,1,-1,1,1,0,1,-1",,,3,0,0,0,0
"1,1,1,1,1,-1,-1,-1,-1,1,1,-1,1,-1,-1,1,1,1,0,1,1,1,1,1,-1,-1,-1,1,-1,1,-1",,,3,0,0,0,0
"1,-1,1,1,1,-1,-1,-1,1,1,1,1,-1,0,-1,-1,1,1,0,1,1,1,1,1,1,1,-1,-1,0,1,-1",,,3,0,0,0,0
"1,-1,1,1,1,-1,-1,1,1,1,1,1,-1,-1,-1,-1,1,1,0,1,1,1,1,1,-1,1,-1,1,0,1,-1",,,3,0,0,0,0
"1,-1,1,1,1,-1,-1,0,-1,1,1,1,-1,-1,-1,-1,1,1,0,1,1,1,1,1,1,0,-1,1,0,1,-1",,,3,0,0,0,0
"1,-1,1,1,1,-1,-1,-1,-1,1,1,1,-1,-1,1,-1,1,1,0,1,1,1,1,-1,-1,-1,-1,1,1,-1,-1",,,3,0,0,0,0
"1,-1,1,1,-1,-1,-1,1,-1,1,1,1,-1,0,-1,-1,1,1,1,1,1,1,1,-1,-1,1,-1,1,0,-1,-1",,,3,0,0,0,0
"1,-1,1,1,1,-1,-1,-1,1,1,1,1,-1,-1,-1,-1,1,1,0,1,1,1,1,-1,-1,0,-1,1,1,-1,-1",,,3,0,0,0,0
"1,-1,1,1,1,-1,-1,-1,-1,1,1,1,-1,-1,-1,-1,1,1,0,1,1,1,1,-1,-1,-1,-1,-1,0,-1,-1",,,3,0,0,0,0
"1,1,1,1,1,-1,-1,1,-1,1,1,1,1,-1,-1,1,1,1,0,1,1,1,1,-1,-1,0,-1,-1,0,-1,-1",,,3,0,0,0,0
"1,-1,1,1,1,-1,-1,1,1,1,1,1,1,-1,-1,-1,1,1,0,1,1,1,1,-1,-1,0,-1,1,0,1,-1",,,3,0,0,0,0
"1,-1,1,1,1,-1,-1,-1,1,-1,-1,1,-1,-1,0,-1,-1,1,0,-1,-1,-1,-1,-1,-1,-1,-1,1,0,-1,-1",,,3,0,0,0,0
"1,-1,1,1,1,-1,1,1,-1,-1,-1,1,1,1,1,-1,-1,-1,0,-1,1,-1,-1,1,-1,1,-1,1,1,-1,1",,,3,0,0,0,0
"1,-1,1,1,1,-1,0,0,-1,1,1,1,-1,-1,0,-1,1,1,0,1,1,1,1,1,-1,0,-1,1,1,1,-1",,,3,0,0,0,0
"1,-1,1,1,1,-1,-1,-1,-1,1,1,1,-1,-1,0,-1,1,1,0,1,1,1,1,-1,-1,-1,1,1,1,1,-1",,,3,0,0,0,0
"1,-1,1,1,1,-1,1,1,-1,1,1,-1,1,-1,-1,-1,1,1,0,1,1,1,1,1,1,0,-1,1,0,1,-1",,,3,0,0,0,0
"1,-1,1,1,1,-1,0,-1,1,1,1,1,-1,-1,0,-1,1,1,0,1,1,1,1,-1,1,0,-1,1,0,-1,-1",,,3,0,0,0,0
"1,-1,1,1,1,-1,1,1,-1,1,1,1,1,0,1,-1,1,1,0,1,1,1,1,1,1,0,-1,1,-1,-1,-1",,,3,0,0,0,0
"1,-1,1,1,1,-1,0,1,-1,1,1,1,-1,0,1,-1,1,1,0,1,1,1,1,-1,-1,0,-1,-1,0,-1,-1",,,3,0,0,0,0
"1,-1,1,1,1,-1,-1,-1,1,-1,-1,1,-1,-1,0,-1,-1,1,0,-1,-1,-1,-1,1,1,0,-1,1,0,-1,-1",,,3,0,0,0,0
"1,-1,1,1,1,-1,-1,-1,-1,1,1,1,1,0,-1,-1,1,1,0,1,1,1,1,1,-1,0,-1,-1,0,1,-1",,,3,0,0,0,0
"1,-1,1,1,1,-1,-1,-1,1,1,1,1,1,0,0,-1,1,1,0,1,1,1,1,1,-1,1,-1,-1,1,1,-1",,,3,0,0,0,0
"1,-1,1,1,1,-1,-1,1,-1,-1,-1,1,-1,-1,1,-1,-1,1,0,-1,1,-1,-1,1,1,0,-1,1,0,-1,-1",,,3,0,0,0,0
"-1,-1,-1,1,-1,-1,0,0,1,-1,-1,-1,-1,-1,1,-1,-1,-1,1,-1,1,-1,1,1,-1,-1,-1,1,1,-1,-1",,,3,0,0,0,0
"1,-1,1,1,1,-1,-1,-1,1,1,1,1,1,-1,-1,-1,1,1,0,1,1,1,1,-1,-1,-1,-1,1,1,1,-1",,,3,0,0,0,0
"1,-1,1,1,1,-1,-1,-1,1,-1,-1,1,-1,-1,0,-1,-1,1,0,-1,-1,-1,-1,-1,-1,0,-1,1,0,-1,-1",,,3,0,0,0,0
"1,-1,1,1,1,-1,-1,-1,-1,1,1,1,1,-1,0,-1,1,1,0,1,1,1,1,-1,1,-1,-1,1,0,-1,-1",,,3,0,0,0,0
"1,-1,1,-1,1,-1,0,-1,1,1,1,1,1,-1,1,-1,-1,-1,0,1,1,1,1,-1,1,1,-1,1,1,-1,-1",,,3,0,0,0,0
"1,-1,1,1,1,-1,-1,-1,1,1,1,1,-1,0,-1,-1,1,1,0,1,1,1,1,1,-1,1,-1,1,1,1,-1",,,3,0,0,0,0
"-1,1,-1,1,-1,-1,1,1,-1,1,1,-1,1,0,-1,1,1,-1,1,1,1,1,1,1,-1,0,-1,1,1,-1,-1",,,3,0,0,0,0
"1,1,1,1,1,-1,0,0,-1,1,1,1,1,-1,0,1,1,1,0,1,1,1,1,1,-1,-1,-1,1,1,-1,-1",,,3,0,0,0,0
"1,-1,1,-1,1,-1,0,-1,1,1,1,1,1,-1,0,-1,1,1,0,1,1,1,1,-1,-1,-1,-1,-1,1,1,-1",,,3,0,0,0,0
"-1,-1,-1,1,-1,-1,0,-1,1,-1,-1,-1,-1,-1,1,-1,-1,-1,1,1,1,-1,-1,-1,-1,1,-1,1,1,-1,-1",,,3,0,0,0,0
"1,-1,1,1,1,-1,-1,1,1,1,1,1,1,0,-1,-1,1,1,0,1,1,1,1,-1,1,0,-1,1,0,1,-1",,,3,0,0,0,0
"1,-1,1,1,1,-1,-1,-1,1,1,1,1,-1,0,-1,-1,1,1,0,1,1,1,1,1,-1,1,-1,-1,1,-1,-1",,,3,0,0,0,0
"1,-1,1,-1,1,-1,-1,-1,-1,1,1,1,1,-1,0,-1,1,1,0,1,1,1,1,-1,-1,-1,-1,1,1,1,-1",,,3,0,0,0,0
"1,-1,1,-1,1,-1,-1,-1,-1,1,1,1,-1,-1,-1,-1,1,1,0,1,1,1,1,-1,-1,-1,-1,1,0,1,-1",,,3,0,0,0,0
"1,-1,1,-1,1,-1,0,0,-1,1,1,1,1,-1,0,-1,1,1,0,1,1,1,1,1,1,-1,-1,1,-1,1,-1",,,3,0,0,0,0
"1,1,1,-1,1,-1,0,-1,-1,1,1,1,1,-1,0,1,1,1,0,1,1,1,1,-1,-1,-1,-1,1,0,1,-1",,,3,0,0,0,0
"1,-1,1,-1,1,-1,-1,-1,-1,1,1,1,-1,-1,-1,-1,1,1,0,1,1,1,1,-1,-1,-1,1,-1,0,1,-1",,,3,0,0,0,0
"1,-1,1,-1,1,-1,-1,-1,1,1,1,1,-1,-1,0,-1,1,1,0,1,1,1,1,-1,1,-1,-1,1,0,-1,-1",,,3,0,0,0,0
"1,-1,1,1,1,-1,-1,-1,1,1,1,-1,-1,-1,-1,-1,1,1,0,1,1,1,1,1,-1,-1,-1,1,1,-1,-1",,,3,0,0,0,0
"1,1,1,1,-1,-1,-1,-1,-1,-1,-1,1,1,-1,-1,1,-1,-1,1,-1,1,-1,1,-1,-1,1,1,1,-1,-1,-1",,,3,0,0,0,0
"-1,1,-1,-1,-1,-1,1,-1,-1,1,1,-1,1,-1,1,1,1,-1,1,-1,1,-1,1,1,-1,1,-1,1,0,-1,-1",,,3,0,0,0,0
"1,-1,1,-1,1,-1,-1,-1,1,1,1,1,-1,-1,-1,-1,1,1,0,1,1,1,1,-1,1,-1,-1,-1,0,-1,-1",,,3,0,0,0,0
"1,-1,1,1,1,-1,-1,-1,1,-1,-1,1,-1,-1,0,-1,-1,1,0,-1,1,-1,-1,-1,1,-1,1,1,0,-1,-1",,,3,0,0,0,0
"1,1,1,-1,1,-1,0,0,-1,1,1,1,1,-1,0,1,1,1,0,1,1,1,1,1,-1,1,-1,1,1,1,-1",,,3,0,0,0,0
"1,0,1,1,1,-1,-1,-1,1,-1,1,1,-1,-1,0,-1,1,1,0,-1,1,-1,1,-1,1,0,1,1,0,1,-1",,,3,0,0,0,0
"-1,-1,-1,1,-1,-1,-1,-1,1,1,1,-1,-1,-1,1,-1,1,-1,1,1,1,1,1,-1,1,-1,-1,-1,0,1,-1",,,3,0,0,0,0
"1,1,1,1,1,-1,-1,-1,1,1,1,1,1,-1,-1,1,1,1,0,1,1,1,1,-1,-1,0,-1,1,0,-1,-1",,,3,0,0,0,0
"-1,-1,-1,1,-1,-1,0,0,1,1,1,-1,-1,-1,1,-1,1,1,1,-1,1,-1,1,1,-1,-1,-1,1,0,1,-1",,,3,0,0,0,0
"1,-1,1,-1,1,-1,-1,-1,-1,1,1,1,-1,-1,0,-1,1,1,0,1,1,1,1,-1,1,-1,-1,1,0,1,-1",,,3,0,0,0,0
"1,-1,1,-1,1,-1,0,-1,1,1,1,1,1,0,-1,-1,1,1,0,1,1,1,1,-1,1,0,-1,1,0,1,-1",,,3,0,0,0,0
"1,0,1,-1,1,-1,-1,-1,1,1,1,-1,-1,0,-1,-1,1,1,0,1,1,1,1,-1,1,0,-1,-1,0,1,-1",,,3,0,0,0,0
"1,-1,1,-1,1,-1,0,0,1,-1,-1,1,-1,-1,1,-1,-1,1,0,1,1,-1,1,1,-1,-1,-1,1,0,-1,-1",,,3,0,0,0,0
"-1,-1,-1,1,-1,-1,0,0,-1,1,1,-1,-1,-1,1,-1,1,-1,1,1,1,1,1,1,1,-1,-1,1,0,-1,-1",,,3,0,0,0,0
"1,-1,1,1,1,-1,0,0,1,1,1,1,-1,-1,0,-1,1,1,0,1,1,1,1,1,-1,-1,-1,-1,0,-1,-1",,,3,0,0,0,0
"1,-1,1,1,1,-1,-1,-1,-1,1,1,1,1,-1,-1,-1,1,1,0,1,1,1,1,-1,-1,1,-1,1,0,-1,-1",,,3,0,0,0,0
"1,-1,1,-1,1,-1,-1,-1,1,-1,-1,1,1,-1,0,-1,-1,1,0,1,1,-1,1,-1,-1,0,-1,1,0,-1,-1",,,3,0,0,0,0
"1,-1,1,-1,1,-1,-1,-1,1,1,1,1,-1,0,0,-1,1,1,0,1,1,1,1,-1,-1,1,-1,1,0,1,-1",,,3,0,0,0,0
"1,-1,1,-1,1,-1,0,-1,-1,1,1,1,-1,-1,-1,-1,1,1,0,1,1,1,1,-1,-1,0,-1,-1,0,1,-1",,,3,0,0,0,0
"1,-1,1,-1,1,-1,-1,-1,-1,-1,-1,1,1,0,-1,-1,-1,1,0,1,1,-1,1,-1,-1,0,-1,1,0,-1,-1",,,3,0,0,0,0
"1,-1,1,-1,1,-1,-1,-1,1,1,1,1,-1,-1,-1,-1,1,1,0,1,1,1,1,1,1,-1,-1,1,0,1,-1",,,3,0,0,0,0
"1,-1,1,-1,1,-1,-1,-1,1,1,1,1,-1,-1,-1,-1,1,1,0,1,1,1,1,-1,-1,0,-1,1,1,1,-1",,,3,0,0,0,0
"1,-1,1,-1,1,-1,-1,-1,-1,-1,1,1,-1,-1,-1,-1,1,1,0,1,1,-1,1,-1,-1,1,-1,1,1,1,-1",,,3,0,0,0,0
"1,-1,1,1,1,-1,-1,-1,1,1,1,1,-1,0,-1,-1,1,1,0,1,1,1,1,-1,-1,-1,1,-1,1,1,-1",,,3,0,0,0,0
"-1,-1,-1,-1,-1,-1,-1,-1,-1,1,1,-1,-1,-1,1,-1,1,-1,1,1,1,1,1,-1,1,-1,-1,1,0,1,-1",,,3,0,0,0,0
"1,-1,1,1,1,-1,0,0,1,1,1,1,-1,-1,0,-1,1,1,0,1,1,1,1,1,-1,-1,1,1,0,1,-1",,,3,0,0,0,0
"1,-1,1,-1,1,-1,-1,-1,1,1,1,1,-1,-1,0,-1,1,1,0,1,1,1,1,1,-1,-1,1,1,1,1,-1",,,3,0,0,0,0
"1,-1,1,1,1,-1,0,0,1,1,1,1,-1,-1,1,-1,1,1,0,1,1,1,1,1,-1,-1,1,1,1,1,-1",,,3,0,0,0,0
"1,-1,1,1,1,-1,0,0,1,-1,-1,1,1,-1,0,-1,-1,1,0,1,1,-1,1,1,1,0,-1,-1,0,-1,-1",,,3,0,0,0,0
"1,1,1,1,1,-1,-1,-1,-1,-1,-1,1,1,-1,0,1,-1,1,0,1,1,-1,1,-1,-1,1,-1,-1,1,-1,-1",,,3,0,0,0,0
"1,-1,1,1,1,-1,0,1,1,1,1,1,1,0,-1,-1,1,1,0,1,1,1,1,-1,-1,1,-1,-1,0,1,-1",,,3,0,0,0,0
"1,-1,1,1,1,-1,0,0,1,1,1,1,-1,-1,-1,-1,1,1,0,1,1,1,1,1,-1,1,-1,-1,0,1,-1",,,3,0,0,0,0
"1,-1,1,1,1,-1,0,-1,1,1,1,1,1,0,-1,-1,1,1,0,1,1,1,1,-1,-1,1,-1,-1,1,1,-1",,,3,0,0,0,0
"1,-1,1,1,-1,-1,1,-1,-1,1,1,1,1,0,0,-1,-1,1,1,1,1,1,1,-1,-1,0,-1,-1,0,1,-1",,,3,0,0,0,0
"-1,-1,1,-1,-1,-1,0,-1,1,1,-1,1,-1,1,-1,-1,-1,1,1,1,1,1,1,-1,1,-1,1,1,1,1,-1",,,3,0,0,0,0
"-1,-1,1,-1,1,-1,0,-1,-1,1,1,1,-1,0,-1,0,1,1,0,1,1,1,1,-1,1,1,1,1,1,1,1",,,3,0,0,0,0
"-1,-1,1,-1,1,-1,1,1,-1,1,1,1,1,1,0,0,1,1,0,1,1,1,1,-1,1,1,-1,1,1,1,1",,,3,0,0,0,0
"1,-1,1,-1,-1,-1,0,-1,-1,1,-1,1,-1,1,-1,-1,-1,1,1,1,1,1,-1,-1,1,-1,1,1,-1,-1,-1",,,3,0,0,0,0
"1,-1,-1,1,1,-1,0,1,-1,1,1,1,-1,0,0,-1,1,1,0,1,1,1,1,-1,1,0,-1,1,0,1,1",,,3,0,0,0,0
"1,1,-1,-1,-1,-1,0,-1,-1,1,1,1,-1,0,-1,-1,1,1,1,1,-1,1,-1,-1,1,-1,1,1,-1,1,-1",,,3,0,0,0,0
"1,-1,1,-1,1,-1,0,-1,1,1,1,1,-1,1,-1,-1,1,1,1,1,-1,1,-1,-1,1,-1,1,1,1,-1,-1",,,3,0,0,0,0
"-1,-1,-1,1,1,-1,0,-1,1,1,1,1,-1,-1,-1,-1,1,1,0,1,1,1,1,-1,1,0,1,1,1,-1,-1",,,3,0,0,0,0
"-1,1,-1,1,-1,-1,0,1,1,1,1,-1,-1,-1,-1,-1,-1,1,0,1,1,1,1,-1,1,-1,1,1,0,1,-1",,,3,0,0,0,0
"1,1,1,1,1,-1,0,1,-1,1,1,1,1,0,1,1,1,-1,0,1,1,1,1,-1,1,1,1,1,0,1,1",,,3,0,0,0,0
"1,1,1,1,1,-1,0,1,-1,1,1,1,1,0,0,0,1,-1,1,1,1,1,1,-1,1,1,-1,1,0,1,1",,,3,0,0,0,0
"1,-1,-1,-1,1,-1,1,1,-1,1,1,1,1,0,0,0,1,1,0,1,1,1,1,-1,1,1,-1,1,0,1,1",,,3,0,0,0,0
"1,1,-1,-1,1,-1,1,1,-1,1,1,1,1,0,1,0,1,1,0,1,1,1,1,-1,1,-1,1,1,1,1,1",,,3,0,0,0,0
"-1,0,1,-1,1,-1,0,1,1,1,-1,1,-1,-1,-1,-1,-1,1,0,1,-1,1,-1,-1,1,0,1,1,0,1,-1",,,3,0,0,0,0
"1,1,1,-1,1,-1,0,1,-1,1,1,1,1,0,0,-1,1,-1,0,1,1,1,1,-1,1,0,1,1,0,1,1",,,3,0,0,0,0
"1,0,1,1,1,-1,0,-1,1,1,1,1,-1,-1,-1,1,-1,1,0,1,1,1,1,-1,1,0,1,1,0,1,-1",,,3,0,0,0,0
"1,-1,1,-1,1,-1,0,1,-1,-1,-1,1,1,1,1,0,1,-1,0,-1,1,-1,1,-1,1,1,1,1,1,1,1",,,3,0,0,0,0
"1,-1,-1,1,1,-1,0,1,-1,1,1,1,1,1,0,0,1,-1,0,1,1,1,1,-1,1,1,1,1,0,1,1",,,3,0,0,0,0
"1,-1,1,1,1,-1,1,1,-1,1,1,1,1,1,0,0,1,1,0,1,1,1,1,-1,1,0,1,1,0,1,1",,,3,0,0,0,0
"-1,-1,1,1,1,-1,0,-1,1,1,-1,1,1,0,-1,-1,1,1,0,1,1,1,1,-1,1,0,1,1,1,1,-1",,,3,0,0,0,0
"1,-1,1,1,1,-1,0,1,-1,1,1,1,-1,0,0,1,1,1,1,1,1,1,1,-1,1,1,1,1,0,1,1",,,3,0,0,0,0
"-1,0,-1,-1,-1,-1,0,-1,1,1,-1,1,-1,-1,1,-1,1,-1,1,1,-1,1,-1,-1,1,-1,1,1,1,-1,-1",,,3,0,0,0,0
"1,-1,1,1,-1,-1,0,-1,-1,1,-1,1,1,-1,-1,-1,1,1,0,1,-1,1,1,-1,1,-1,1,1,0,-1,-1",,,3,0,0,0,0
"-1,-1,-1,1,-1,-1,-1,-1,1,1,1,1,-1,0,-1,-1,1,1,0,1,-1,1,1,-1,1,-1,1,1,0,-1,-1",,,3,0,0,0,0
"1,-1,-1,-1,1,-1,0,1,-1,-1,-1,1,1,1,0,-1,-1,1,0,-1,-1,-1,-1,-1,1,1,-1,1,0,1,1",,,3,0,0,0,0
"1,-1,-1,1,-1,-1,0,-1,1,1,1,1,-1,-1,-1,1,1,1,0,1,-1,1,1,-1,1,-1,1,1,1,-1,-1",,,3,0,0,0,0
"1,1,1,1,1,-1,0,-1,1,1,1,1,-1,-1,0,1,1,1,1,1,1,1,1,-1,1,-1,1,1,0,-1,-1",,,3,0,0,0,0
"-1,-1,1,-1,1,-1,0,1,-1,-1,-1,1,1,0,-1,1,-1,1,0,-1,1,-1,-1,-1,1,1,1,1,1,1,1",,,3,0,0,0,0
"1,-1,-1,1,1,-1,1,1,-1,1,1,-1,-1,0,0,-1,1,1,0,1,1,1,1,-1,1,-1,1,1,0,-1,1",,,3,0,0,0,0
"-1,1,1,-1,1,-1,0,-1,-1,1,-1,1,1,-1,1,-1,-1,1,1,1,1,1,1,-1,1,-1,1,1,1,-1,-1",,,3,0,0,0,0
"1,1,1,1,1,-1,0,0,-1,1,-1,1,1,1,-1,0,1,1,0,1,1,1,1,-1,1,-1,1,1,0,1,-1",,,3,0,0,0,0
"-1,-1,1,1,1,-1,0,-1,1,1,1,1,-1,0,0,-1,1,1,0,1,1,1,1,-1,1,1,-1,1,1,1,1",,,3,0,0,0,0
"-1,1,1,-1,1,-1,1,1,-1,-1,-1,1,1,0,1,0,-1,1,0,1,1,-1,-1,1,1,1,-1,1,1,1,1",,,3,0,0,0,0
"1,-1,1,-1,1,-1,1,1,1,1,1,1,-1,0,0,-1,1,1,0,1,1,1,1,-1,1,1,-1,1,0,1,1",,,3,0,0,0,0
"-1,-1,-1,1,-1,-1,1,1,-1,1,1,-1,1,0,1,-1,1,-1,0,1,1,1,1,-1,1,1,-1,1,1,1,1",,,3,0,0,0,0
"1,-1,1,1,1,-1,0,-1,1,1,1,1,-1,0,-1,-1,-1,1,0,1,-1,1,1,-1,1,1,1,1,0,-1,-1",,,3,0,0,0,0
"1,-1,1,1,1,-1,1,1,-1,-1,-1,1,1,0,0,-1,-1,1,0,1,1,-1,1,-1,1,1,-1,1,0,1,1",,,3,0,0,0,0
"-1,1,1,1,1,-1,1,1,-1,1,1,1,1,1,-1,0,1,1,0,1,1,1,1,1,1,1,1,1,1,1,1",,,3,0,0,0,0
"1,-1,-1,1,1,-1,1,1,-1,1,1,1,1,1,0,-1,1,1,1,1,1,1,1,-1,1,1,1,1,0,1,1",,,3,0,0,0,0
"1,1,1,1,1,-1,0,0,1,1,1,1,-1,1,1,-1,-1,1,1,1,1,1,1,-1,1,-1,1,1,1,1,-1",,,3,0,0,0,0
"-1,-1,-1,1,1,-1,0,-1,1,1,1,1,-1,0,-1,-1,-1,1,1,1,1,1,1,-1,1,1,1,1,1,1,-1",,,3,0,0,0,0
"1,1,1,1,1,-1,1,1,1,1,1,1,-1,1,1,0,1,1,0,1,1,1,1,-1,1,1,1,1,0,-1,1",,,3,0,0,0,0
"1,1,1,1,1,1,0,1,-1,1,1,1,1,1,1,-1,1,1,0,1,1,1,1,-1,1,1,1,1,0,1,1",,,3,0,0,0,0
"-1,1,-1,1,-1,-1,0,0,-1,1,1,1,-1,1,-1,-1,-1,1,1,1,1,1,1,-1,1,-1,1,1,1,1,-1",,,3,0,0,0,0
"-1,1,-1,-1,-1,-1,1,-1,-1,-1,-1,1,-1,0,-1,-1,-1,1,0,1,1,1,1,-1,1,0,1,1,-1,1,-1",,,3,0,0,0,0
"-1,1,1,-1,1,1,1,1,-1,-1,-1,1,1,0,-1,-1,1,1,0,-1,-1,-1,-1,1,1,1,-1,1,1,1,1",,,3,0,0,0,0
"-1,0,-1,-1,1,-1,1,1,-1,1,1,1,1,0,1,0,-1,-1,1,1,1,1,1,-1,1,1,-1,1,0,1,1",,,3,0,0,0,0
"1,-1,-1,-1,1,-1,-1,1,-1,1,1,1,1,0,-1,-1,1,1,0,1,1,1,1,-1,1,0,-1,1,0,1,1",,,3,0,0,0,0
"-1,-1,-1,-1,1,-1,1,1,1,-1,-1,1,-1,1,1,-1,1,1,0,-1,-1,-1,-1,-1,1,1,-1,1,1,1,1",,,3,0,0,0,0
"1,-1,-1,-1,1,-1,-1,1,-1,1,1,1,-1,0,1,1,1,1,1,1,1,1,1,-1,1,1,1,1,0,1,1",,,3,0,0,0,0
"-1,-1,1,-1,1,1,-1,1,-1,1,1,1,1,1,0,-1,1,1,0,1,1,1,1,-1,1,1,1,1,0,1,1",,,3,0,0,0,0
"1,-1,1,1,1,-1,1,1,-1,1,1,1,-1,0,0,0,1,1,1,1,1,1,1,-1,1,1,-1,1,0,1,1",,,3,0,0,0,0
"1,-1,1,1,1,-1,1,1,-1,1,1,1,1,1,0,-1,1,1,0,1,1,1,1,-1,1,1,1,1,0,1,1",,,3,0,0,0,0
"1,-1,-1,-1,-1,-1,1,1,-1,-1,-1,-1,-1,0,1,1,1,-1,0,1,1,-1,1,-1,-1,0,1,-1,1,1,1",,,3,0,0,0,0
"-1,-1,-1,1,1,-1,1,-1,-1,1,1,1,1,0,-1,0,-1,1,0,1,1,1,1,-1,1,-1,1,1,1,1,-1",,,3,0,0,0,0
"-1,-1,-1,1,-1,1,1,1,-1,1,1,-1,1,0,0,-1,1,1,0,1,1,1,1,-1,-1,1,1,1,1,1,1",,,3,0,0,0,0
"-1,-1,-1,-1,-1,-1,0,-1,-1,1,1,-1,1,0,0,0,1,-1,1,1,1,1,1,-1,-1,1,-1,1,1,1,1",,,3,0,0,0,0
"1,1,1,1,1,1,0,-1,-1,1,1,1,1,0,0,0,1,1,0,1,1,1,1,1,1,1,-1,1,-1,1,1",,,3,0,0,0,0
"-1,-1,1,1,1,-1,0,-1,-1,1,1,1,-1,-1,-1,-1,-1,1,1,1,1,1,1,-1,1,0,1,1,1,1,-1",,,3,0,0,0,0
"1,1,1,1,1,-1,1,1,-1,-1,-1,1,1,1,0,0,1,-1,0,-1,1,-1,1,1,1,1,-1,1,1,1,1",,,3,0,0,0,0
"1,1,1,1,1,-1,1,1,-1,1,1,1,1,0,1,-1,1,-1,0,1,1,1,1,1,1,1,-1,1,0,1,1",,,3,0,0,0,0
"-1,-1,1,1,1,-1,-1,1,1,1,1,1,-1,1,-1,1,1,-1,1,1,1,1,1,-1,1,0,-1,1,1,1,1",,,3,0,0,0,0
"1,1,1,-1,1,-1,1,-1,1,1,-1,1,-1,-1,-1,-1,1,1,0,1,1,1,-1,-1,1,-1,1,1,0,1,-1",,,3,0,0,0,0
"-1,1,1,1,1,1,0,1,-1,1,1,1,1,0,0,1,1,1,0,1,1,1,1,-1,1,1,1,1,0,1,1",,,3,0,0,0,0
"-1,-1,-1,1,-1,1,0,1,-1,1,1,-1,1,1,0,-1,1,-1,0,1,1,1,1,-1,1,1,1,1,1,1,1",,,3,0,0,0,0
"1,-1,1,-1,1,1,1,1,-1,-1,-1,1,-1,1,0,-1,1,1,0,-1,1,-1,-1,-1,1,1,1,1,0,1,1",,,3,0,0,0,0
"1,-1,1,-1,-1,-1,0,1,-1,1,1,1,1,-1,-1,-1,1,1,0,1,1,1,1,-1,1,0,1,1,0,1,-1",,,3,0,0,0,0
"-1,-1,-1,-1,-1,-1,1,1,-1,1,1,1,1,-1,0,-1,1,1,1,1,1,1,1,-1,-1,-1,1,1,0,1,-1",,,3,0,0,0,0
"-1,-1,1,-1,1,-1,0,-1,1,1,1,1,1,-1,-1,-1,1,1,0,1,1,1,1,-1,-1,0,1,1,1,1,-1",,,3,0,0,0,0
"-1,-1,1,-1,1,-1,-1,1,-1,1,1,1,-1,0,0,-1,1,1,0,1,1,1,1,-1,-1,-1,-1,1,0,1,1",,,3,0,0,0,0
"1,-1,1,-1,1,-1,0,-1,-1,1,1,1,-1,1,-1,-1,1,1,1,1,1,1,1,-1,1,-1,1,1,0,-1,-1",,,3,0,0,0,0
"1,-1,1,-1,1,-1,1,1,-1,-1,-1,1,1,0,0,-1,1,1,1,1,1,-1,1,-1,1,0,1,1,0,1,1",,,3,0,0,0,0
"1,-1,-1,-1,-1,1,1,1,1,1,1,-1,-1,1,0,1,-1,-1,0,1,1,1,1,-1,1,1,1,1,1,1,1",,,3,0,0,0,0
"-1,-1,1,1,-1,1,1,1,-1,1,1,1,1,1,0,0,1,-1,0,1,1,1,1,-1,1,1,-1,1,0,1,1",,,3,0,0,0,0
"1,-1,1,1,1,-1,-1,1,1,1,1,1,-1,0,-1,-1,1,-1,0,1,1,1,1,-1,1,1,1,1,0,1,1",,,3,0,0,0,0
"-1,1,1,1,1,-1,0,-1,-1,1,-1,1,-1,-1,-1,-1,1,-1,0,1,1,-1,1,-1,1,-1,1,1,0,1,-1",,,3,0,0,0,0
"1,1,-1,-1,-1,1,1,1,-1,1,1,-1,1,0,0,1,-1,-1,0,1,1,1,1,1,1,1,-1,1,1,1,1",,,3,0,0,0,0
"-1,-1,-1,-1,-1,-1,0,-1,-1,-1,-1,-1,-1,0,1,-1,-1,-1,0,-1,1,1,-1,-1,-1,-1,1,-1,1,1,-1",,,3,0,0,0,0
"1,-1,1,1,1,-1,0,-1,1,1,1,1,1,0,-1,1,1,1,0,1,1,1,1,-1,1,1,-1,1,0,1,1",,,3,0,0,0,0
"-1,-1,1,-1,-1,-1,0,-1,1,-1,-1,1,-1,-1,0,0,-1,1,0,-1,1,-1,-1,-1,1,-1,1,1,0,-1,-1",,,3,0,0,0,0
"-1,-1,-1,1,-1,1,1,-1,-1,1,1,-1,1,1,0,-1,1,-1,1,1,1,1,1,-1,-1,1,1,-1,1,1,1",,,3,0,0,0,0
"1,-1,1,-1,1,-1,0,1,-1,1,1,1,-1,0,0,0,1,1,0,1,1,1,1,-1,1,1,-1,1,0,1,1",,,3,0,0,0,0
"-1,1,1,-1,1,-1,0,1,-1,1,1,1,1,0,-1,-1,1,1,0,1,1,1,1,1,1,1,1,1,1,1,1",,,3,0,0,0,0
"-1,1,1,1,1,-1,0,-1,-1,1,1,1,-1,-1,-1,-1,1,1,0,1,1,1,1,1,1,-1,1,1,0,1,-1",,,3,0,0,0,0
"1,-1,1,1,1,-1,1,1,-1,1,1,1,-1,1,-1,-1,1,1,0,1,1,1,1,-1,1,-1,-1,1,0,1,1",,,3,0,0,0,0
"1,-1,1,1,1,-1,0,1,-1,1,1,1,1,1,1,1,1,1,0,1,1,1,1,-1,1,1,1,1,0,1,1",,,3,0,0,0,0
"-1,-1,1,-1,1,-1,1,-1,1,-1,-1,-1,-1,-1,1,-1,-1,-1,0,-1,1,-1,1,-1,1,-1,-1,1,0,-1,-1",,,3,0,0,0,0
"1,1,1,1,1,1,0,1,-1,1,1,1,1,0,0,1,1,1,0,1,1,1,1,-1,1,1,1,1,0,1,1",,,3,0,0,0,0
"-1,-1,1,1,1,-1,1,1,-1,-1,-1,1,-1,0,1,0,1,1,0,1,1,-1,1,-1,1,1,1,1,1,1,1",,,3,0,0,0,0
"1,1,1,1,1,1,0,1,-1,1,1,1,1,0,1,-1,1,1,0,1,1,1,1,1,1,1,-1,1,0,-1,1",,,3,0,0,0,0
"1,-1,1,1,1,-1,1,-1,-1,1,1,1,-1,0,-1,-1,-1,1,0,1,1,1,1,-1,1,0,-1,1,0,1,-1",,,3,0,0,0,0
"-1,1,1,1,1,-1,0,-1,1,1,-1,1,1,0,-1,-1,-1,1,1,1,1,1,1,-1,1,-1,1,1,0,-1,-1",,,3,0,0,0,0
"-1,1,1,1,1,-1,1,1,-1,1,1,1,1,0,0,-1,1,1,0,1,1,1,1,1,1,1,-1,1,0,1,1",,,3,0,0,0,0
"-1,1,1,1,1,-1,0,-1,1,1,1,1,-1,0,-1,-1,-1,1,0,1,1,1,1,1,1,-1,1,1,1,-1,-1",,,3,0,0,0,0
"-1,-1,1,1,1,-1,1,1,-1,1,1,1,1,1,0,1,1,1,0,1,1,1,1,-1,1,-1,-1,1,1,1,1",,,3,0,0,0,0
"-1,-1,1,1,1,1,0,1,-1,1,1,1,-1,1,0,0,1,1,0,1,1,1,1,-1,1,1,1,1,1,1,1",,,3,0,0,0,0
"1,-1,1,1,1,1,0,1,-1,1,1,1,1,0,-1,-1,1,1,0,1,1,1,1,-1,1,0,1,1,0,1,1",,,3,0,0,0,0
"1,-1,1,-1,1,-1,1,1,1,1,1,1,-1,0,-1,0,1,1,0,1,1,1,1,-1,1,-1,1,1,0,1,1",,,3,0,0,0,0
"1,-1,1,-1,1,-1,1,1,1,1,1,1,-1,1,1,1,1,1,1,1,1,1,1,-1,1,1,1,1,0,1,1",,,3,0,0,0,0
"-1,-1,1,1,1,-1,0,-1,-1,1,1,1,1,-1,-1,-1,-1,1,0,1,1,1,1,-1,1,-1,1,1,0,1,-1",,,3,0,0,0,0
"-1,-1,1,-1,1,-1,0,0,1,1,-1,1,1,-1,-1,-1,-1,1,0,-1,-1,-1,-1,-1,1,-1,1,1,0,1,-1",,,3,0,0,0,0
"1,1,1,1,1,-1,0,1,-1,1,1,1,1,0,-1,0,1,1,0,1,1,1,1,1,1,1,1,1,0,1,1",,,3,0,0,0,0
"1,-1,1,1,1,-1,0,-1,1,1,1,1,-1,-1,-1,-1,1,1,1,1,1,1,1,-1,1,-1,1,1,0,1,-1",,,3,0,0,0,0
"-1,-1,-1,1,-1,-1,0,1,1,1,1,-1,-1,1,1,-1,1,-1,0,1,1,1,1,-1,-1,1,1,1,1,1,1",,,3,0,0,0,0
"-1,-1,-1,-1,-1,-1,0,-1,1,1,-1,-1,-1,-1,-1,-1,1,-1,1,-1,1,-1,-1,-1,-1,-1,1,-1,1,-1,-1",,,3,0,0,0,0
"-1,-1,1,1,1,1,0,1,-1,1,1,1,1,1,0,-1,1,1,0,1,1,1,1,-1,1,1,1,1,1,1,1",,,3,0,0,0,0
"-1,-1,1,1,1,-1,0,-1,1,1,1,1,-1,1,-1,-1,1,1,1,1,1,1,1,-1,1,-1,1,1,1,-1,-1",,,3,0,0,0,0
"-1,-1,1,-1,1,1,1,1,-1,-1,-1,-1,1,0,1,-1,-1,1,0,1,1,-1,-1,-1,1,1,-1,1,1,1,1",,,3,0,0,0,0
"1,1,1,1,1,-1,0,1,-1,1,1,1,1,0,1,1,1,1,1,1,1,1,1,1,1,1,1,1,-1,1,1",,,3,0,0,0,0
"-1,-1,-1,-1,-1,-1,0,-1,-1,-1,-1,-1,-1,-1,1,-1,-1,-1,0,1,1,-1,-1,-1,-1,1,1,1,1,-1,-1",,,3,0,0,0,0
"-1,-1,1,-1,1,-1,0,0,1,1,1,1,1,1,-1,-1,1,1,0,1,1,1,1,-1,1,-1,1,1,1,-1,-1",,,3,0,0,0,0
"1,-1,1,1,1,-1,1,1,1,1,1,1,-1,0,0,1,1,1,0,1,1,1,1,-1,1,0,1,1,0,1,1",,,3,0,0,0,0
"-1,-1,1,1,1,1,1,1,-1,1,1,1,1,-1,-1,-1,1,1,0,1,1,1,1,-1,-1,1,-1,1,1,1,1",,,3,0,0,0,0
"-1,-1,1,-1,1,-1,0,1,-1,1,1,1,-1,1,-1,-1,1,1,0,1,1,1,1,-1,1,1,1,1,0,1,-1",,,3,0,0,0,0
"-1,-1,1,-1,1,-1,0,-1,1,1,1,1,1,1,-1,-1,1,1,0,1,1,1,1,-1,1,-1,1,1,0,1,-1",,,3,0,0,0,0
"-1,-1,1,-1,1,-1,1,-1,1,-1,-1,-1,-1,0,-1,-1,-1,1,0,-1,1,-1,-1,-1,1,1,1,1,1,1,-1",,,3,0,0,0,0
"-1,1,1,1,1,-1,-1,1,-1,1,1,1,1,0,1,1,1,1,0,1,1,1,1,1,1,1,-1,1,0,-1,1",,,3,0,0,0,0
"-1,-1,1,-1,1,-1,0,-1,-1,1,-1,-1,1,-1,-1,-1,-1,1,1,1,1,1,1,-1,1,0,1,1,0,-1,-1",,,3,0,0,0,0
"-1,0,-1,1,1,-1,-1,1,-1,1,1,1,1,0,0,-1,1,1,0,-1,1,-1,1,-1,1,0,1,1,1,1,1",,,3,0,0,0,0
"1,1,1,1,1,1,-1,1,-1,1,1,1,1,1,-1,1,1,1,0,1,1,1,1,1,1,1,-1,1,1,1,1",,,3,0,0,0,0
"-1,-1,1,-1,1,-1,-1,-1,1,1,1,1,-1,0,-1,-1,1,1,0,1,1,1,1,-1,1,1,-1,1,1,1,1",,,3,0,0,0,0
"-1,-1,1,-1,1,-1,0,-1,-1,1,1,1,-1,-1,-1,-1,1,1,1,1,1,1,1,-1,1,1,1,1,0,-1,-1",,,3,0,0,0,0
"-1,-1,1,-1,1,-1,1,1,-1,-1,-1,-1,-1,0,0,0,-1,1,0,1,1,-1,1,-1,1,1,-1,1,1,1,1",,,3,0,0,0,0
"1,1,1,-1,1,-1,-1,-1,-1,1,1,1,1,0,0,-1,1,1,0,1,1,1,1,1,1,1,1,1,0,1,1",,,3,0,0,0,0
"1,-1,1,1,1,-1,0,-1,1,1,1,1,-1,-1,0,-1,1,1,0,1,1,1,1,-1,1,-1,1,1,0,1,-1",,,3,0,0,0,0
"-1,-1,1,1,1,-1,0,-1,1,1,1,1,-1,-1,-1,-1,1,1,1,1,1,1,1,-1,1,0,1,1,0,1,-1",,,3,0,0,0,0
"1,1,1,1,1,-1,1,1,-1,-1,1,1,1,0,-1,0,1,1,0,1,1,-1,1,1,1,1,1,1,1,1,1",,,3,0,0,0,0
"-1,-1,1,1,1,-1,0,-1,-1,1,1,1,-1,-1,0,-1,1,1,1,1,1,1,1,-1,1,-1,1,1,1,1,-1",,,3,0,0,0,0
"-1,0,-1,1,1,-1,1,1,-1,1,1,1,1,0,1,1,1,1,0,1,1,1,1,-1,1,1,1,1,0,1,1",,,3,0,0,0,0
"-1,-1,1,1,1,-1,0,-1,1,1,1,1,-1,1,-1,-1,1,1,0,1,1,1,1,-1,1,-1,1,1,0,-1,-1",,,3,0,0,0,0
"-1,-1,1,-1,1,-1,1,0,-1,1,-1,-1,-1,1,0,0,-1,-1,0,-1,1,-1,1,-1,1,0,1,1,0,1,-1",,,3,0,0,0,0
"-1,-1,1,1,1,-1,0,1,1,1,1,1,-1,1,-1,-1,1,1,0,1,1,1,1,-1,1,-1,1,1,0,-1,-1",,,3,0,0,0,0
"-1,-1,1,1,1,-1,-1,1,-1,1,1,1,-1,1,-1,-1,1,1,0,-1,1,1,1,-1,1,1,1,1,1,1,1",,,3,0,0,0,0
"1,-1,1,1,1,-1,0,1,1,1,1,1,-1,0,-1,-1,1,1,0,-1,1,1,1,-1,1,0,1,1,0,1,-1",,,3,0,0,0,0
"-1,-1,1,1,1,-1,0,1,-1,1,1,1,1,0,1,-1,1,1,0,-1,1,1,1,-1,1,1,1,1,0,1,1",,,3,0,0,0,0
"1,-1,1,1,1,-1,-1,1,-1,1,1,1,-1,1,0,0,1,1,0,-1,1,1,1,-1,1,1,1,1,0,1,1",,,3,0,0,0,0
"1,-1,1,1,1,-1,-1,1,-1,1,1,1,1,0,-1,1,1,1,0,1,1,1,1,-1,1,1,1,1,0,1,1",,,3,0,0,0,0
"-1,-1,-1,-1,-1,-1,0,-1,1,-1,-1,-1,-1,-1,1,-1,-1,-1,0,-1,-1,-1,-1,-1,-1,-1,-1,1,1,1,-1",,,3,0,0,0,0
"1,-1,1,-1,1,-1,-1,1,-1,-1,1,1,1,0,0,-1,-1,-1,0,-1,1,-1,1,-1,1,0,1,1,-1,1,1",,,3,0,0,0,0
"1,1,1,-1,1,-1,1,1,-1,1,1,1,1,0,0,-1,-1,-1,0,-1,-1,-1,-1,-1,1,0,-1,1,0,1,1",,,3,0,0,0,0
"1,-1,1,1,1,-1,-1,1,-1,1,1,1,-1,1,1,-1,1,1,1,1,1,1,1,-1,1,1,-1,1,0,-1,1",,,3,0,0,0,0
"1,-1,1,1,1,-1,1,1,-1,1,1,1,1,0,0,0,1,1,0,1,1,1,1,-1,1,1,-1,1,0,1,1",,,3,0,0,0,0
"-1,-1,1,1,1,-1,0,-1,1,1,1,1,-1,0,-1,-1,1,1,1,1,1,1,1,-1,1,1,1,1,1,-1,-1",,,3,0,0,0,0
"1,-1,1,1,1,-1,1,1,-1,1,1,1,-1,0,-1,0,1,1,0,1,1,1,1,-1,-1,1,-1,1,0,1,1",,,3,0,0,0,0
"-1,-1,1,-1,1,-1,0,-1,1,-1,-1,-1,-1,-1,-1,-1,-1,1,0,-1,-1,-1,-1,-1,1,1,-1,1,1,-1,-1",,,3,0,0,0,0
"-1,-1,-1,-1,-1,1,1,1,-1,1,1,1,-1,0,0,-1,1,-1,0,1,1,1,1,-1,-1,1,-1,1,0,1,1",,,3,0,0,0,0
"1,-1,1,-1,1,-1,1,1,-1,1,1,1,1,0,1,1,1,1,0,1,1,1,1,-1,1,1,-1,1,0,1,1",,,3,0,0,0,0
"-1,-1,1,-1,1,-1,0,-1,-1,-1,-1,-1,-1,-1,-1,-1,-1,1,0,-1,1,-1,-1,-1,1,-1,1,1,0,1,-1",,,3,0,0,0,0
"1,-1,1,1,1,1,1,1,1,1,1,1,-1,0,-1,-1,1,1,0,1,1,1,1,-1,1,-1,-1,1,1,1,1",,,3,0,0,0,0
"-1,-1,1,1,1,-1,1,0,-1,1,1,1,1,0,0,-1,1,1,0,1,1,1,1,-1,1,0,1,1,1,1,-1",,,3,0,0,0,0
"-1,-1,1,1,1,-1,0,-1,-1,1,1,1,1,-1,0,-1,1,1,0,1,1,1,1,-1,1,0,1,1,1,-1,-1",,,3,0,0,0,0
"1,1,1,1,1,-1,1,-1,-1,1,1,1,1,0,1,-1,1,1,0,1,1,1,1,1,1,1,1,1,0,-1,-1",,,3,0,0,0,0
"-1,-1,1,-1,1,-1,1,0,1,1,1,1,-1,-1,-1,1,1,1,0,1,1,1,1,-1,1,-1,1,1,1,1,-1",,,3,0,0,0,0
"-1,-1,1,-1,1,-1,1,0,1,1,1,1,1,0,-1,-1,1,1,1,1,1,1,1,-1,1,0,1,1,1,-1,-1",,,3,0,0,0,0
"1,-1,1,1,1,-1,0,-1,-1,1,1,1,-1,0,-1,-1,1,1,0,1,1,1,1,-1,1,0,1,1,0,-1,-1",,,3,0,0,0,0
"1,1,1,-1,1,1,-1,1,-1,-1,-1,-1,1,1,-1,-1,-1,1,0,1,1,-1,-1,1,1,1,-1,1,0,1,1",,,3,0,0,0,0
"-1,-1,1,1,1,-1,0,-1,-1,-1,1,1,-1,-1,1,-1,1,1,1,1,1,-1,1,-1,1,-1,1,1,0,1,-1",,,3,0,0,0,0
"1,1,1,1,1,-1,0,0,-1,1,1,1,1,-1,-1,-1,1,1,1,1,1,1,1,1,1,-1,1,1,0,-1,-1",,,3,0,0,0,0
"-1,-1,1,1,1,-1,-1,1,1,-1,1,1,-1,1,0,1,1,1,1,1,1,-1,-1,-1,1,1,1,1,1,1,1",,,3,0,0,0,0
"1,-1,1,-1,1,-1,-1,1,1,1,1,1,-1,1,0,-1,-1,-1,0,1,1,1,1,-1,1,1,1,1,0,1,1",,,3,0,0,0,0
"1,-1,1,1,1,-1,1,1,-1,1,1,1,1,0,-1,-1,1,1,0,1,1,1,1,-1,1,0,1,1,0,1,1",,,3,0,0,0,0
"-1,-1,1,-1,1,-1,-1,1,-1,-1,-1,-1,1,1,1,-1,-1,1,0,-1,1,-1,1,-1,1,1,1,1,1,1,1",,,3,0,0,0,0
"1,-1,1,-1,1,1,1,1,-1,-1,-1,-1,1,0,-1,-1,-1,1,0,-1,-1,-1,-1,-1,1,1,1,1,1,1,1",,,3,0,0,0,0
"-1,-1,1,-1,1,-1,-1,1,-1,-1,-1,-1,1,0,-1,1,-1,1,0,-1,1,-1,-1,-1,1,1,1,1,1,1,1",,,3,0,0,0,0
"-1,1,1,1,1,-1,1,1,-1,1,1,1,1,1,1,-1,1,1,0,1,1,1,1,1,1,1,-1,1,1,1,1",,,3,0,0,0,0
"-1,-1,1,1,1,-1,-1,-1,1,1,1,1,-1,0,-1,-1,1,1,0,1,1,1,1,-1,1,1,-1,1,1,1,1",,,3,0,0,0,0
"-1,-1,1,1,1,-1,1,1,-1,1,1,1,1,1,-1,-1,1,1,0,1,1,1,1,-1,1,1,-1,1,1,1,1",,,3,0,0,0,0
"-1,-1,1,1,1,-1,0,1,-1,1,1,1,1,0,0,0,1,1,0,1,1,1,1,-1,1,1,-1,1,1,1,1",,,3,0,0,0,0
"1,1,1,1,1,1,-1,1,-1,1,1,1,1,1,0,-1,1,1,0,1,1,1,1,1,1,1,-1,1,0,1,1",,,3,0,0,0,0
"-1,-1,1,1,1,-1,-1,1,1,1,1,1,-1,0,-1,1,1,1,0,1,1,1,1,-1,1,1,-1,1,1,1,1",,,3,0,0,0,0
"1,-1,1,1,1,-1,0,-1,-1,1,1,1,1,1,0,-1,1,1,0,1,1,1,1,-1,1,1,1,1,0,1,1",,,3,0,0,0,0
"1,1,1,1,1,-1,1,1,-1,1,1,1,1,1,1,-1,1,1,0,1,1,1,1,1,1,1,-1,1,0,-1,1",,,3,0,0,0,0
"1,-1,1,1,1,-1,0,-1,1,1,1,1,-1,-1,-1,-1,1,1,1,-1,1,1,1,-1,1,-1,1,1,0,-1,-1",,,3,0,0,0,0
"1,-1,1,-1,1,-1,1,1,-1,-1,-1,1,1,1,-1,-1,-1,1,0,-1,1,-1,1,-1,1,1,1,1,0,1,1",,,3,0,0,0,0
"1,-1,1,1,1,-1,-1,1,-1,1,1,1,1,0,1,1,1,1,0,1,1,1,1,-1,1,1,1,1,1,1,1",,,3,0,0,0,0
"-1,-1,1,1,1,-1,0,-1,1,1,1,1,-1,-1,-1,1,1,1,0,1,1,1,1,-1,1,-1,1,1,0,1,-1",,,3,0,0,0,0
"1,-1,1,1,1,1,0,1,-1,1,1,1,1,1,-1,-1,1,1,0,1,1,1,1,-1,1,0,1,1,0,1,1",,,3,0,0,0,0
"-1,1,1,1,1,1,1,1,-1,1,1,1,1,1,0,-1,1,1,0,1,1,1,1,1,1,-1,-1,1,1,1,1",,,3,0,0,0,0
"1,0,1,1,1,-1,0,-1,1,1,1,1,-1,0,-1,-1,1,1,1,-1,1,1,1,-1,1,0,1,1,-1,-1,-1",,,3,0,0,0,0
"-1,-1,1,1,1,-1,0,-1,1,1,1,1,-1,-1,-1,-1,1,1,0,1,1,1,1,-1,1,-1,1,1,1,1,-1",,,3,0,0,0,0
"-1,-1,1,1,1,-1,1,0,-1,1,1,1,1,0,-1,-1,1,1,0,1,1,1,1,-1,1,1,1,1,1,1,-1",,,3,0,0,0,0
"1,1,1,1,1,-1,0,0,-1,1,1,1,1,-1,-1,-1,1,1,0,1,1,1,1,1,1,-1,1,1,0,1,-1",,,3,0,0,0,0
"-1,1,1,-1,-1,-1,-1,-1,-1,1,1,1,1,0,-1,-1,-1,-1,0,1,1,1,1,-1,-1,-1,1,1,1,1,-1",,,3,0,0,0,0
"-1,-1,1,-1,-1,-1,1,-1,1,1,1,1,-1,0,0,-1,1,1,0,1,1,1,1,-1,1,1,1,1,0,1,-1",,,3,0,0,0,0
"-1,0,-1,-1,1,-1,1,-1,1,1,1,1,-1,0,0,-1,-1,-1,0,1,1,1,1,-1,1,-1,1,1,0,-1,-1",,,3,0,0,0,0
"-1,1,-1,1,-1,-1,1,1,-1,1,1,-1,1,0,-1,-1,1,-1,0,1,1,1,1,1,-1,0,-1,1,1,1,1",,,3,0,0,0,0
"1,1,1,-1,1,1,0,1,-1,1,1,1,1,0,0,-1,-1,-1,0,1,1,1,1,1,1,0,1,1,0,1,1",,,3,0,0,0,0
"-1,-1,1,-1,1,-1,0,-1,-1,-1,-1,1,1,1,-1,-1,-1,1,0,-1,-1,-1,-1,-1,1,1,1,1,1,-1,-1",,,3,0,0,0,0
"1,-1,1,-1,1,-1,1,0,-1,1,1,1,1,0,-1,-1,1,1,1,1,1,1,1,-1,1,1,1,1,0,-1,-1",,,3,0,0,0,0
"-1,1,1,-1,1,-1,1,0,-1,1,1,1,-1,-1,-1,-1,1,1,0,1,1,1,1,1,1,-1,1,1,1,1,-1",,,3,0,0,0,0
"-1,-1,1,1,1,-1,1,1,-1,1,1,1,1,1,0,-1,1,-1,0,1,1,1,1,-1,1,-1,-1,1,1,1,1",,,3,0,0,0,0
"1,-1,1,-1,1,-1,1,1,-1,1,1,1,1,0,0,-1,1,-1,0,1,1,1,1,-1,1,1,1,1,0,1,1",,,3,0,0,0,0
"-1,-1,1,-1,1,-1,-1,-1,-1,-1,-1,1,1,-1,-1,-1,-1,1,0,1,1,1,1,-1,1,0,1,1,1,-1,-1",,,3,0,0,0,0
"-1,-1,1,-1,1,1,0,1,1,1,1,1,-1,0,1,-1,1,1,0,1,1,1,1,-1,1,-1,-1,1,1,1,1",,,3,0,0,0,0
"-1,-1,1,1,1,-1,0,-1,1,1,1,1,-1,0,-1,-1,1,1,0,1,1,1,1,-1,1,0,1,1,0,1,-1",,,3,0,0,0,0
"1,-1,1,1,1,-1,1,1,-1,1,1,1,1,0,-1,1,1,1,0,1,1,1,1,-1,1,1,1,1,0,1,1",,,3,0,0,0,0
"-1,-1,1,1,1,-1,0,0,1,1,1,1,1,0,-1,-1,-1,1,0,1,1,1,1,-1,1,0,1,1,1,1,-1",,,3,0,0,0,0
"-1,-1,1,1,1,-1,0,-1,-1,-1,1,1,-1,-1,-1,-1,1,1,1,1,1,-1,1,-1,1,0,1,1,1,1,-1",,,3,0,0,0,0
"1,-1,1,1,1,-1,0,1,-1,1,1,1,1,0,0,0,1,1,0,1,1,1,1,-1,1,1,1,1,0,1,1",,,3,0,0,0,0
"-1,-1,1,1,1,-1,0,1,1,1,1,1,-1,0,0,-1,1,1,0,1,1,1,1,-1,1,1,-1,1,1,1,1",,,3,0,0,0,0
"1,-1,1,1,1,-1,0,1,-1,1,1,1,1,0,-1,1,1,1,0,1,1,1,1,-1,1,1,1,1,0,1,1",,,3,0,0,0,0
"-1,-1,1,1,1,-1,0,1,-1,1,1,1,-1,-1,0,-1,1,1,0,1,1,1,1,-1,1,-1,1,1,0,-1,-1",,,3,0,0,0,0
"1,1,1,1,1,-1,0,-1,-1,1,1,1,-1,-1,-1,-1,1,1,0,1,1,1,1,1,1,-1,1,1,0,-1,-1",,,3,0,0,0,0
"-1,-1,1,1,1,-1,0,0,-1,1,1,1,-1,-1,-1,-1,1,-1,1,1,1,1,1,-1,1,-1,1,1,0,-1,-1",,,3,0,0,0,0
"1,-1,1,1,1,-1,0,-1,1,1,1,1,-1,-1,0,-1,1,-1,0,1,1,1,1,-1,1,-1,1,1,0,1,-1",,,3,0,0,0,0
"1,-1,1,1,1,-1,0,1,-1,1,1,1,-1,-1,-1,1,-1,1,1,1,1,1,1,-1,1,-1,1,1,0,1,-1",,,3,0,0,0,0
"1,-1,1,1,1,-1,0,-1,-1,1,1,1,-1,0,0,0,1,1,0,1,1,1,1,-1,1,1,1,1,1,1,1",,,3,0,0,0,0
"-1,1,-1,-1,-1,1,1,1,-1,1,1,-1,1,0,1,-1,1,-1,0,1,1,1,1,1,-1,1,1,-1,1,1,1",,,3,0,0,0,0
"1,-1,1,1,1,-1,1,1,-1,1,1,1,-1,0,-1,-1,1,1,0,1,1,1,1,-1,1,1,-1,1,0,1,1",,,3,0,0,0,0
"1,-1,1,1,1,-1,0,-1,-1,1,1,1,1,0,-1,-1,1,1,1,1,1,1,1,-1,1,0,-1,1,0,1,1",,,3,0,0,0,0
"1,1,-1,-1,1,1,1,1,-1,1,1,-1,1,0,1,-1,1,1,0,1,1,1,1,1,1,1,-1,1,-1,1,1",,,3,0,0,0,0
"-1,-1,1,1,1,-1,0,-1,-1,1,1,1,1,-1,-1,-1,1,1,0,1,1,1,1,-1,1,-1,1,1,1,-1,-1",,,3,0,0,0,0
"1,-1,1,-1,1,-1,1,1,-1,1,1,1,1,1,-1,1,1,1,0,1,1,1,1,-1,1,0,1,1,0,1,1",,,3,0,0,0,0
"-1,-1,1,-1,1,1,0,1,-1,1,1,1,-1,1,0,-1,1,1,1,1,1,1,1,-1,1,1,1,1,1,1,1",,,3,0,0,0,0
"-1,-1,1,1,1,-1,1,1,-1,1,1,1,1,1,0,1,1,1,0,1,1,1,1,-1,1,1,-1,1,1,1,1",,,3,0,0,0,0
"-1,1,1,-1,1,1,1,1,-1,-1,-1,1,1,1,1,1,-1,1,0,-1,1,-1,-1,1,1,1,1,1,1,1,1",,,3,0,0,0,0
"1,-1,1,1,1,-1,1,1,-1,1,1,1,-1,0,0,1,1,1,0,1,1,1,1,-1,1,1,1,1,0,1,1",,,3,0,0,0,0
"-1,-1,-1,1,-1,-1,1,1,-1,1,1,-1,1,1,1,1,1,-1,0,1,1,1,1,-1,-1,1,-1,1,1,1,1",,,3,0,0,0,0
"-1,-1,-1,-1,-1,-1,0,-1,-1,-1,-1,1,-1,-1,1,-1,-1,-1,1,1,1,-1,1,-1,-1,-1,1,1,1,-1,-1",,,3,0,0,0,0
"-1,-1,1,-1,1,-1,0,-1,-1,-1,-1,1,1,1,-1,-1,-1,1,1,-1,-1,-1,-1,-1,1,1,1,1,1,-1,-1",,,3,0,0,0,0
"-1,1,1,1,1,1,0,1,-1,1,1,1,1,1,0,-1,1,1,0,1,1,1,1,1,1,1,-1,1,1,1,1",,,3,0,0,0,0
"1,-1,1,-1,1,-1,0,1,-1,-1,-1,1,1,1,0,1,-1,1,0,-1,-1,-1,-1,-1,1,1,-1,1,0,1,1",,,3,0,0,0,0
"-1,-1,1,1,1,-1,0,-1,1,1,1,1,1,1,0,-1,1,1,0,1,1,1,1,-1,1,-1,1,1,1,1,-1",,,3,0,0,0,0
"1,-1,1,1,1,-1,0,1,-1,1,1,1,1,1,1,-1,1,1,0,1,1,1,1,-1,1,1,1,1,0,1,1",,,3,0,0,0,0
"-1,-1,-1,-1,-1,-1,0,1,-1,1,1,-1,1,0,-1,-1,1,-1,0,1,1,1,1,-1,-1,1,-1,-1,1,1,1",,,3,0,0,0,0
"-1,-1,1,1,1,-1,0,-1,-1,1,1,1,-1,1,1,-1,1,1,0,1,1,1,1,-1,1,-1,1,1,1,1,-1",,,3,0,0,0,0
"-1,1,-1,1,-1,-1,0,-1,-1,1,1,-1,1,1,-1,0,1,-1,1,1,1,1,1,1,-1,-1,1,-1,1,1,-1",,,3,0,0,0,0
"1,1,1,1,-1,-1,1,1,-1,-1,1,-1,1,0,1,-1,1,1,0,-1,1,-1,1,1,1,1,-1,1,0,1,1",,,3,0,0,0,0
"1,-1,1,1,1,-1,-1,1,-1,1,1,1,1,1,0,-1,1,-1,0,1,1,1,1,-1,1,1,-1,1,0,1,1",,,3,0,0,0,0
"1,-1,1,-1,1,1,1,1,-1,-1,-1,1,-1,1,0,-1,-1,-1,0,1,1,1,1,-1,1,1,-1,1,0,1,1",,,3,0,0,0,0
"-1,-1,1,1,1,-1,0,-1,1,1,1,1,-1,1,-1,-1,1,-1,0,1,1,1,1,-1,1,-1,1,1,0,-1,-1",,,3,0,0,0,0
"1,-1,1,1,1,1,-1,1,-1,1,1,1,1,1,1,1,1,-1,0,1,1,1,1,-1,1,1,1,1,0,1,1",,,3,0,0,0,0
"1,-1,1,1,1,-1,1,1,-1,1,1,1,1,0,1,1,1,1,0,1,1,1,1,-1,1,1,1,1,0,1,1",,,3,0,0,0,0
"-1,-1,1,1,1,-1,1,1,-1,1,1,1,1,0,-1,-1,1,1,0,1,1,1,1,-1,1,0,-1,1,1,1,1",,,3,0,0,0,0
"-1,-1,1,1,1,1,1,1,1,1,1,1,-1,1,1,-1,1,1,0,1,1,1,1,-1,1,-1,1,1,1,1,1",,,3,0,0,0,0
"-1,-1,1,-1,1,-1,0,-1,-1,-1,-1,1,-1,-1,-1,0,-1,1,1,1,1,-1,1,-1,1,-1,1,1,1,1,-1",,,3,0,0,0,0
"1,1,1,-1,1,1,-1,1,-1,1,1,1,1,0,0,-1,-1,-1,0,1,1,1,1,1,1,0,1,1,0,1,1",,,3,0,0,0,0
"1,-1,1,1,1,-1,0,-1,-1,1,1,1,1,0,0,-1,1,1,1,1,1,1,1,-1,1,1,1,1,0,1,-1",,,3,0,0,0,0
"1,-1,1,-1,1,-1,-1,-1,-1,1,1,-1,-1,1,0,0,1,1,0,1,1,1,1,-1,1,1,1,1,0,1,1",,,3,0,0,0,0
"-1,0,-1,1,1,-1,1,1,-1,1,1,-1,1,0,1,1,1,1,0,1,1,1,1,-1,1,1,1,1,0,1,1",,,3,0,0,0,0
"-1,-1,1,1,1,-1,0,-1,-1,1,1,1,-1,0,-1,1,1,1,0,1,1,1,1,-1,1,-1,1,1,1,-1,-1",,,3,0,0,0,0
"-1,1,1,-1,1,1,1,1,-1,-1,-1,1,1,0,-1,-1,-1,1,0,-1,-1,-1,-1,1,1,1,-1,1,1,1,1",,,3,0,0,0,0
"1,-1,1,1,1,-1,1,1,-1,1,1,1,1,1,1,1,1,1,1,1,1,1,1,-1,1,1,1,1,0,1,1",,,3,0,0,0,0
"-1,-1,-1,1,-1,-1,0,0,-1,1,1,-1,-1,-1,-1,1,1,-1,0,1,1,1,1,-1,-1,-1,1,1,0,1,-1",,,3,0,0,0,0
"-1,-1,1,-1,1,-1,0,-1,1,-1,1,1,-1,-1,-1,-1,1,-1,0,1,1,-1,1,-1,1,-1,1,1,1,-1,-1",,,3,0,0,0,0
"-1,-1,1,1,1,-1,0,-1,-1,1,1,1,1,-1,-1,-1,1,1,0,1,1,1,1,-1,1,-1,1,1,0,-1,-1",,,3,0,0,0,0
"-1,-1,1,1,1,-1,0,-1,1,1,1,1,-1,-1,-1,-1,1,1,1,1,1,1,1,-1,1,0,1,1,1,1,-1",,,3,0,0,0,0
"-1,1,1,1,1,-1,1,-1,-1,1,1,1,1,1,1,-1,1,1,0,1,1,1,1,1,1,1,1,1,1,1,1",,,3,0,0,0,0
"-1,1,-1,-1,-1,-1,0,-1,-1,-1,1,-1,1,-1,-1,-1,1,-1,0,-1,1,-1,1,1,-1,1,1,1,1,1,-1",,,3,0,0,0,0
"1,-1,1,1,1,1,1,1,-1,1,1,1,1,0,1,-1,1,1,0,1,1,1,1,-1,1,1,1,1,0,1,1",,,3,0,0,0,0
"1,-1,1,1,1,-1,0,-1,-1,1,1,1,1,1,0,1,1,1,0,1,1,1,1,-1,1,1,1,1,0,1,1",,,3,0,0,0,0
"1,-1,1,1,1,-1,-1,1,-1,1,1,1,1,0,0,1,1,1,0,1,1,1,1,1,1,1,-1,1,0,1,1",,,3,0,0,0,0
"-1,1,1,-1,1,-1,0,-1,1,1,1,1,1,-1,-1,-1,1,1,0,1,1,1,-1,1,1,0,1,1,0,1,-1",,,3,0,0,0,0
"1,-1,1,-1,1,1,0,1,1,-1,-1,1,-1,1,1,-1,-1,1,0,-1,1,-1,-1,-1,1,1,-1,1,1,1,1",,,3,0,0,0,0
"-1,1,1,-1,1,-1,-1,1,-1,-1,-1,1,1,0,-1,-1,-1,1,0,1,1,-1,1,1,1,1,-1,1,1,1,1",,,3,0,0,0,0
"-1,1,-1,-1,-1,-1,0,1,-1,1,1,-1,1,0,-1,-1,1,1,1,1,1,1,1,1,-1,0,1,-1,1,1,-1",,,3,0,0,0,0
"-1,-1,1,1,1,1,-1,1,-1,1,1,1,1,0,0,-1,1,1,0,1,1,-1,1,1,1,1,-1,1,1,1,1",,,3,0,0,0,0
"-1,-1,1,-1,1,-1,1,1,-1,-1,-1,1,1,0,-1,1,-1,1,0,1,-1,-1,-1,1,1,1,-1,1,1,1,1",,,3,0,0,0,0
"-1,-1,1,1,1,-1,1,1,-1,-1,1,1,1,0,0,1,1,1,0,1,1,-1,1,-1,1,1,-1,1,1,1,1",,,3,0,0,0,0
"1,-1,1,-1,1,-1,0,0,-1,1,1,1,-1,-1,0,-1,1,1,0,1,1,1,-1,-1,1,-1,-1,1,0,-1,-1",,,3,0,0,0,0
"1,-1,1,1,1,-1,1,1,1,1,1,1,-1,1,1,1,1,1,0,1,1,1,1,-1,1,1,-1,1,0,1,1",,,3,0,0,0,0
"-1,-1,1,-1,1,-1,0,1,1,-1,-1,1,-1,0,-1,-1,-1,1,0,-1,1,-1,-1,-1,1,0,1,1,1,1,-1",,,3,0,0,0,0
"-1,-1,1,1,1,-1,0,1,-1,-1,-1,1,1,-1,-1,-1,-1,1,0,1,1,-1,1,-1,1,0,1,1,1,-1,-1",,,3,0,0,0,0
"1,-1,1,1,1,-1,1,1,-1,1,1,1,1,0,0,-1,1,1,0,1,1,1,1,-1,1,1,1,1,0,1,1",,,3,0,0,0,0
"-1,-1,1,1,1,-1,1,-1,1,1,1,1,-1,0,-1,-1,1,1,0,1,1,1,1,-1,1,0,1,1,1,-1,-1",,,3,0,0,0,0
"-1,-1,1,1,1,-1,0,-1,1,1,1,1,-1,0,0,1,1,1,0,1,1,1,-1,-1,1,-1,1,1,1,-1,-1",,,3,0,0,0,0
"1,-1,1,-1,1,-1,1,1,1,-1,-1,1,-1,0,0,0,-1,1,0,-1,1,-1,-1,-1,1,-1,1,1,0,1,1",,,3,0,0,0,0
"1,-1,1,1,1,-1,-1,1,-1,1,1,1,-1,0,1,1,1,1,0,1,1,1,1,-1,1,1,1,1,0,1,1",,,3,0,0,0,0
"-1,-1,1,1,1,-1,0,-1,1,1,1,1,-1,-1,0,-1,1,1,0,1,1,1,-1,-1,1,-1,1,1,0,1,-1",,,3,0,0,0,0
"-1,-1,1,1,1,-1,-1,1,-1,1,1,1,-1,1,-1,1,1,1,1,1,1,1,1,-1,1,0,1,1,1,1,1",,,3,0,0,0,0
"-1,-1,1,-1,1,1,1,1,-1,-1,-1,1,1,1,0,-1,-1,1,0,-1,1,-1,-1,-1,1,1,1,1,0,1,1",,,3,0,0,0,0
"-1,-1,1,1,1,-1,1,1,-1,1,1,-1,1,1,1,-1,1,1,0,1,1,1,1,-1,1,-1,1,1,1,1,1",,,3,0,0,0,0
"1,-1,1,-1,1,-1,1,1,-1,1,1,1,1,0,-1,-1,1,1,0,1,1,1,1,-1,1,1,-1,1,0,1,1",,,3,0,0,0,0
"-1,-1,1,1,1,-1,1,0,1,1,1,1,-1,0,-1,1,1,1,1,1,1,1,-1,-1,1,-1,-1,1,1,1,-1",,,3,0,0,0,0
"-1,-1,-1,1,-1,-1,0,-1,-1,1,1,-1,1,-1,-1,-1,1,-1,0,1,1,1,1,-1,-1,1,1,-1,1,-1,-1",,,3,0,0,0,0
"1,-1,1,-1,1,-1,1,1,-1,1,1,1,1,1,0,-1,1,1,0,1,1,1,1,-1,1,1,1,1,0,1,1",,,3,0,0,0,0
"1,-1,1,-1,1,1,-1,1,-1,-1,-1,1,-1,1,0,-1,-1,1,0,1,1,-1,-1,-1,1,0,-1,1,0,1,1",,,3,0,0,0,0
"-1,-1,1,1,1,-1,0,-1,-1,1,1,1,1,-1,-1,-1,1,1,1,1,1,1,1,-1,1,-1,1,1,1,-1,-1",,,3,0,0,0,0
"-1,-1,1,-1,1,-1,0,-1,-1,1,1,1,1,0,-1,1,-1,-1,1,1,1,1,1,-1,1,-1,1,1,0,1,-1",,,3,0,0,0,0
"1,1,1,-1,1,1,1,1,-1,1,1,1,1,0,-1,-1,1,1,1,1,1,1,1,1,1,0,1,1,0,1,1",,,3,0,0,0,0
"-1,-1,1,1,1,-1,0,-1,1,1,1,1,-1,-1,-1,0,1,1,0,1,1,1,1,-1,1,-1,-1,1,0,1,-1",,,3,0,0,0,0
"1,-1,1,1,1,1,0,1,-1,1,1,1,1,0,0,1,1,1,0,1,1,1,1,-1,1,1,-1,1,0,1,1",,,3,0,0,0,0
"-1,-1,1,1,1,1,0,-1,-1,1,1,1,-1,1,1,-1,1,1,0,1,1,1,1,-1,1,1,-1,1,1,1,1",,,3,0,0,0,0
"1,-1,1,1,1,-1,1,1,-1,1,1,1,-1,1,1,1,1,1,0,1,1,1,1,-1,1,1,-1,1,0,-1,1",,,3,0,0,0,0
"-1,1,-1,1,-1,-1,0,1,-1,1,1,-1,1,1,-1,-1,1,-1,0,1,1,1,1,1,-1,1,-1,-1,1,1,1",,,3,0,0,0,0
"1,-1,1,1,1,-1,0,1,-1,1,1,1,-1,0,0,0,1,1,0,1,1,1,1,-1,1,1,-1,1,0,1,1",,,3,0,0,0,0
"-1,1,1,1,1,-1,1,1,-1,1,1,-1,1,0,1,0,1,1,0,1,1,1,1,1,1,1,1,1,-1,-1,1",,,3,0,0,0,0
"-1,-1,1,1,1,-1,0,-1,1,1,1,1,-1,1,-1,-1,1,1,0,1,1,1,1,-1,1,0,1,1,0,1,-1",,,3,0,0,0,0
"-1,1,1,-1,1,-1,0,-1,-1,-1,1,1,1,-1,-1,-1,1,1,0,1,1,-1,1,1,1,-1,1,1,0,1,-1",,,3,0,0,0,0
"-1,1,-1,-1,-1,-1,0,-1,-1,1,1,-1,1,-1,-1,0,1,-1,0,1,1,1,1,1,-1,-1,1,-1,0,-1,-1",,,3,0,0,0,0
"1,-1,1,1,1,-1,0,1,1,1,1,1,1,-1,-1,-1,1,1,0,1,1,1,1,-1,1,1,1,1,0,-1,-1",,,3,0,0,0,0
"-1,-1,1,1,1,-1,0,-1,1,1,1,1,-1,1,-1,-1,1,1,0,1,1,1,1,-1,1,-1,1,1,1,1,-1",,,3,0,0,0,0
"-1,1,1,1,1,-1,0,-1,1,1,1,1,-1,-1,-1,-1,1,1,1,1,1,1,1,1,1,-1,1,1,0,1,-1",,,3,0,0,0,0
"-1,-1,1,1,1,-1,1,-1,-1,1,1,1,1,0,-1,-1,1,1,0,1,1,1,1,-1,1,0,-1,1,0,1,-1",,,3,0,0,0,0
"-1,-1,1,-1,1,1,-1,1,-1,-1,-1,1,-1,1,1,-1,-1,1,0,-1,1,-1,-1,-1,1,1,1,1,1,1,1",,,3,0,0,0,0
"-1,-1,1,-1,1,-1,1,1,-1,-1,-1,1,1,0,1,1,-1,-1,0,-1,1,-1,1,-1,1,1,1,1,0,1,1",,,3,0,0,0,0
"-1,1,1,1,-1,1,1,1,-1,-1,1,1,1,1,1,-1,1,1,0,-1,1,-1,1,1,1,1,1,-1,0,1,1",,,3,0,0,0,0
"1,-1,1,1,1,-1,1,-1,1,1,1,1,-1,-1,1,-1,1,1,0,1,1,1,1,-1,1,1,-1,1,1,1,-1",,,3,0,0,0,0
"1,-1,1,-1,1,1,1,1,-1,1,1,1,1,1,1,-1,1,1,0,1,1,1,1,-1,1,1,1,1,0,-1,1",,,3,0,0,0,0
"-1,1,1,1,1,-1,-1,1,-1,1,1,1,1,0,1,1,1,1,0,1,1,1,1,1,1,1,1,1,-1,1,1",,,3,0,0,0,0
"1,-1,1,1,1,-1,0,-1,-1,1,1,-1,-1,-1,-1,-1,1,1,0,1,1,1,1,-1,1,0,-1,1,0,-1,-1",,,3,0,0,0,0
"1,-1,1,1,1,-1,1,-1,-1,1,1,1,1,-1,1,-1,1,1,0,1,1,1,1,-1,1,0,1,1,0,-1,-1",,,3,0,0,0,0
"-1,-1,1,1,1,-1,1,1,1,1,1,1,-1,0,1,1,1,1,0,1,1,1,1,-1,1,1,1,1,1,1,1",,,3,0,0,0,0
"1,-1,1,1,1,-1,0,-1,1,1,1,1,-1,-1,-1,0,1,1,0,1,1,1,1,-1,1,-1,-1,1,0,1,-1",,,3,0,0,0,0
"1,-1,1,1,1,1,1,1,-1,1,1,1,1,0,0,-1,1,1,0,1,1,1,1,-1,1,0,1,1,0,1,1",,,3,0,0,0,0
"-1,-1,1,1,1,-1,-1,1,1,-1,1,1,-1,0,-1,0,-1,1,0,-1,1,-1,1,-1,1,1,-1,1,1,1,1",,,3,0,0,0,0
"1,1,-1,-1,-1,-1,1,-1,-1,1,1,-1,1,1,1,-1,1,-1,0,-1,1,-1,1,1,-1,1,1,-1,0,1,-1",,,3,0,0,0,0
"-1,-1,1,-1,1,1,1,1,-1,1,1,1,1,1,1,-1,-1,-1,0,1,1,1,1,1,1,-1,1,1,-1,1,1",,,3,0,0,0,0
"-1,-1,1,-1,1,-1,0,-1,1,1,1,1,-1,1,-1,-1,1,1,0,1,1,1,1,-1,1,-1,-1,1,0,-1,-1",,,3,0,0,0,0
"-1,-1,1,-1,1,-1,0,-1,-1,-1,-1,1,1,1,-1,-1,-1,1,1,1,1,1,1,-1,1,1,-1,1,1,1,-1",,,3,0,0,0,0
"-1,-1,-1,-1,-1,-1,0,-1,-1,1,1,-1,1,0,0,0,1,-1,0,1,1,1,1,-1,-1,1,1,1,1,1,1",,,3,0,0,0,0
"1,-1,1,-1,1,-1,0,-1,1,1,1,1,-1,0,-1,-1,1,1,1,1,1,1,1,-1,1,0,-1,1,0,1,-1",,,3,0,0,0,0
"1,-1,1,1,1,-1,-1,1,-1,1,1,1,1,0,0,1,1,1,0,1,1,1,1,-1,1,1,-1,1,0,1,1",,,3,0,0,0,0
"1,-1,1,1,-1,-1,1,1,-1,1,1,1,1,1,1,0,1,1,0,1,1,1,1,-1,1,1,1,1,0,1,1",,,3,0,0,0,0
"-1,-1,1,1,-1,-1,1,1,-1,1,1,1,1,0,1,1,1,1,0,1,1,1,1,-1,1,1,1,1,1,1,1",,,3,0,0,0,0
"1,-1,1,1,1,1,0,1,-1,1,1,1,1,0,0,-1,1,1,0,1,1,1,1,-1,1,1,1,1,0,1,1",,,3,0,0,0,0
"1,-1,1,1,1,1,1,1,-1,1,1,1,1,1,1,-1,1,1,0,1,1,1,1,-1,1,1,-1,1,0,-1,1",,,3,0,0,0,0
"1,1,1,-1,1,-1,0,-1,-1,1,1,1,1,1,-1,0,1,1,0,1,1,1,1,1,1,-1,-1,1,0,1,-1",,,3,0,0,0,0
"1,-1,1,1,1,-1,0,-1,1,1,1,1,-1,1,1,-1,1,1,0,1,1,1,1,-1,1,0,-1,1,0,-1,-1",,,3,0,0,0,0
"-1,-1,1,1,-1,-1,0,-1,1,1,1,1,-1,1,-1,1,1,1,0,1,1,1,1,-1,1,-1,-1,1,-1,-1,-1",,,3,0,0,0,0
"-1,-1,1,1,1,-1,-1,-1,1,1,1,1,-1,-1,-1,-1,1,1,1,1,1,1,1,-1,1,-1,-1,1,1,1,-1",,,3,0,0,0,0
"-1,-1,-1,-1,1,-1,0,0,-1,1,1,-1,-1,-1,-1,-1,-1,-1,0,1,1,1,1,-1,-1,-1,1,1,0,1,-1",,,3,0,0,0,0
"-1,1,1,1,1,-1,0,0,-1,1,1,1,1,-1,-1,-1,1,1,0,1,1,1,1,1,1,-1,1,1,-1,-1,-1",,,3,0,0,0,0
"-1,-1,1,1,1,-1,1,-1,-1,1,1,1,1,0,-1,-1,1,1,0,1,1,1,1,-1,1,0,1,1,0,1,-1",,,3,0,0,0,0
"1,-1,1,1,1,-1,-1,-1,1,1,1,1,1,0,-1,1,1,1,1,1,1,1,1,-1,1,-1,1,1,0,1,-1",,,3,0,0,0,0
"1,-1,1,-1,-1,-1,1,1,-1,1,1,1,1,1,0,1,1,1,1,1,1,1,1,-1,1,1,-1,1,0,1,1",,,3,0,0,0,0
"-1,1,1,-1,1,-1,-1,-1,-1,1,1,1,1,0,0,0,1,1,0,1,1,1,1,1,1,1,-1,1,0,1,1",,,3,0,0,0,0
"1,-1,1,1,1,-1,1,1,1,1,1,1,-1,0,-1,-1,1,1,0,1,1,1,1,-1,1,1,-1,1,0,1,1",,,3,0,0,0,0
"1,1,1,1,1,-1,-1,1,-1,1,1,1,1,0,-1,-1,1,1,0,1,1,1,1,1,1,1,-1,1,0,1,1",,,3,0,0,0,0
"-1,-1,1,1,1,1,1,1,-1,1,1,1,1,0,0,1,1,1,0,1,1,1,1,-1,1,1,-1,1,1,1,1",,,3,0,0,0,0
"1,-1,1,-1,1,-1,1,1,1,-1,-1,1,-1,1,-1,-1,-1,1,0,-1,1,-1,-1,-1,1,1,1,1,0,1,1",,,3,0,0,0,0
"1,1,1,1,1,-1,1,1,-1,1,1,1,1,0,1,-1,1,1,0,1,1,1,1,1,1,1,1,1,0,1,1",,,3,0,0,0,0
"-1,-1,1,-1,1,-1,-1,1,-1,-1,-1,1,1,0,0,0,-1,1,0,-1,-1,-1,-1,-1,1,1,-1,1,1,1,1",,,3,0,0,0,0
"-1,1,1,1,1,-1,1,-1,-1,1,1,1,1,0,-1,-1,1,1,0,1,1,1,1,1,1,-1,-1,1,0,-1,-1",,,3,0,0,0,0
"1,-1,1,1,1,-1,1,-1,1,1,1,1,-1,-1,-1,-1,1,1,0,1,1,1,1,-1,1,-1,-1,1,0,-1,-1",,,3,0,0,0,0
"-1,-1,1,1,1,-1,1,-1,1,1,1,1,-1,-1,0,-1,1,1,0,1,1,1,1,-1,1,-1,1,1,1,1,-1",,,3,0,0,0,0
"1,-1,1,1,1,1,1,1,-1,1,1,1,1,1,-1,-1,1,1,0,1,1,-1,1,-1,1,1,1,1,0,1,1",,,3,0,0,0,0
"1,-1,1,1,1,-1,1,1,-1,1,1,1,1,1,1,-1,1,1,0,1,1,1,1,-1,1,1,1,1,0,-1,1",,,3,0,0,0,0
"-1,-1,-1,1,-1,-1,0,-1,-1,1,1,-1,1,1,0,-1,1,-1,0,1,1,1,1,-1,-1,1,-1,-1,1,1,1",,,3,0,0,0,0
"-1,-1,1,1,1,1,-1,-1,-1,1,1,1,-1,1,1,-1,1,1,0,1,1,1,1,-1,1,1,-1,1,1,1,1",,,3,0,0,0,0
"1,-1,1,1,1,-1,-1,1,-1,1,1,1,1,1,0,1,1,1,0,1,1,1,1,-1,1,1,-1,1,0,1,1",,,3,0,0,0,0
"-1,-1,1,-1,1,-1,1,1,-1,-1,-1,1,1,0,1,0,-1,1,0,-1,1,-1,-1,-1,1,1,-1,1,1,1,1",,,3,0,0,0,0
"-1,-1,-1,-1,-1,-1,0,-1,-1,-1,1,-1,-1,-1,1,-1,-1,-1,0,-1,1,-1,1,-1,-1,0,1,-1,0,1,-1",,,3,0,0,0,0
"1,-1,1,1,1,-1,-1,1,1,1,1,1,-1,0,0,0,1,1,0,1,1,1,1,-1,1,-1,-1,1,0,-1,1",,,3,0,0,0,0
"1,-1,1,1,-1,-1,0,-1,1,1,1,1,-1,-1,0,0,1,1,0,1,1,1,1,-1,1,-1,1,1,0,1,-1",,,3,0,0,0,0
"-1,-1,1,1,1,-1,0,0,-1,1,1,1,-1,-1,-1,-1,1,1,0,1,1,1,1,-1,1,-1,-1,1,1,-1,-1",,,3,0,0,0,0
"-1,-1,1,-1,1,1,1,1,1,-1,-1,1,-1,0,1,-1,-1,1,0,-1,1,-1,-1,-1,1,1,-1,1,1,1,1",,,3,0,0,0,0
"-1,-1,1,-1,1,-1,0,-1,1,1,1,1,-1,-1,0,-1,1,1,0,1,1,1,1,-1,1,-1,1,1,1,-1,-1",,,3,0,0,0,0
"-1,1,-1,-1,-1,-1,1,1,-1,1,1,-1,1,0,-1,-1,1,-1,0,1,1,1,1,1,-1,0,1,-1,1,1,1",,,3,0,0,0,0
"-1,-1,1,-1,1,-1,0,-1,-1,1,1,1,1,-1,-1,-1,1,1,0,1,1,1,1,-1,1,-1,1,1,0,1,-1",,,3,0,0,0,0
"-1,1,1,1,1,-1,0,-1,-1,1,1,1,1,-1,-1,-1,1,1,0,1,1,1,1,1,1,-1,1,1,0,1,-1",,,3,0,0,0,0
"-1,-1,1,1,1,-1,0,0,-1,1,1,1,-1,-1,-1,-1,1,1,0,1,1,1,1,-1,1,-1,1,1,0,1,-1",,,3,0,0,0,0
"1,-1,1,-1,-1,-1,1,1,1,1,1,1,-1,1,1,1,1,1,1,1,1,1,1,-1,1,1,1,1,0,1,1",,,3,0,0,0,0
"-1,-1,-1,-1,-1,-1,-1,1,-1,1,1,-1,1,0,-1,-1,1,-1,0,1,1,1,1,-1,-1,1,-1,-1,1,1,1",,,3,0,0,0,0
"-1,-1,1,1,1,-1,0,-1,-1,1,1,1,1,1,0,1,1,1,0,1,1,1,1,-1,1,1,1,1,0,1,1",,,3,0,0,0,0
"1,-1,1,1,1,-1,1,1,-1,1,1,1,1,0,0,1,1,1,1,1,1,1,1,-1,1,1,-1,1,0,1,1",,,3,0,0,0,0
"1,1,1,1,1,-1,0,-1,-1,1,1,1,1,0,0,0,1,1,0,1,1,1,1,1,1,1,1,1,0,1,1",,,3,0,0,0,0
"-1,-1,1,1,1,-1,1,1,1,1,1,1,1,0,-1,-1,1,1,0,1,1,1,1,-1,1,0,1,1,1,1,1",,,3,0,0,0,0
"-1,1,-1,1,1,1,1,1,-1,1,1,-1,1,0,1,-1,1,1,0,1,1,1,1,1,1,1,-1,1,-1,1,1",,,3,0,0,0,0
"-1,-1,-1,-1,-1,1,1,1,1,1,1,-1,-1,1,0,1,-1,-1,0,1,1,1,1,-1,-1,1,1,1,1,1,1",,,3,0,0,0,0
"-1,-1,1,1,1,-1,0,-1,-1,1,1,-1,1,0,-1,-1,1,1,1,1,1,1,1,-1,1,0,1,1,0,1,-1",,,3,0,0,0,0
"-1,-1,1,1,1,-1,0,-1,1,1,1,1,-1,0,0,-1,1,1,1,1,1,1,1,-1,1,1,1,1,1,1,-1",,,3,0,0,0,0
"1,-1,1,1,1,-1,1,1,-1,1,1,1,1,1,1,-1,1,1,1,1,1,1,1,-1,1,1,-1,1,0,-1,1",,,3,0,0,0,0
"-1,-1,-1,-1,-1,-1,0,-1,-1,-1,-1,-1,1,-1,1,-1,-1,-1,0,-1,1,-1,-1,-1,-1,-1,1,-1,1,-1,-1",,,3,0,0,0,0
"1,-1,-1,1,-1,-1,0,1,1,1,1,-1,-1,0,1,-1,1,-1,0,1,1,1,1,-1,-1,1,1,-1,1,1,1",,,3,0,0,0,0
"-1,1,1,-1,1,-1,1,1,-1,-1,-1,1,1,0,-1,0,-1,1,0,-1,-1,-1,-1,1,1,1,-1,1,1,1,1",,,3,0,0,0,0
"1,-1,1,-1,1,-1,0,-1,-1,-1,-1,1,1,-1,0,0,-1,1,0,-1,1,-1,-1,-1,1,0,1,1,1,-1,-1",,,3,0,0,0,0
"1,-1,1,1,1,1,1,1,-1,1,1,1,1,0,0,-1,1,1,0,1,1,1,1,-1,1,1,-1,1,0,1,1",,,3,0,0,0,0
"1,1,1,1,1,-1,0,-1,-1,1,1,1,1,0,1,0,1,1,0,1,1,1,1,1,1,1,-1,1,0,-1,1",,,3,0,0,0,0
"1,1,1,-1,1,-1,1,0,-1,1,1,1,1,0,0,-1,1,1,0,1,1,1,1,-1,1,1,1,1,-1,1,1",,,3,0,0,0,0
"-1,1,1,-1,1,1,1,1,-1,1,1,1,1,1,-1,-1,-1,-1,0,1,1,1,1,1,1,1,-1,1,1,1,1",,,3,0,0,0,0
"-1,-1,1,-1,1,-1,1,1,1,-1,-1,1,-1,0,0,1,-1,1,0,1,1,-1,1,-1,1,1,-1,1,1,1,1",,,3,0,0,0,0
"-1,-1,1,1,1,1,1,1,-1,1,1,1,1,0,-1,1,1,1,0,1,1,1,1,-1,1,1,-1,1,1,1,1",,,3,0,0,0,0
"1,-1,1,1,1,-1,0,-1,-1,1,1,1,1,1,0,-1,1,1,1,1,1,1,1,-1,1,1,1,1,0,1,-1",,,3,0,0,0,0
"-1,-1,1,-1,1,1,1,1,-1,-1,-1,1,-1,1,1,-1,-1,1,0,-1,-1,-1,-1,-1,1,1,-1,1,1,1,1",,,3,0,0,0,0
"1,-1,1,-1,1,-1,1,1,-1,1,1,1,1,0,1,-1,-1,-1,1,1,1,1,1,-1,1,1,1,1,-1,1,1",,,3,0,0,0,0
"1,-1,1,1,1,-1,0,-1,1,1,1,1,-1,1,-1,-1,1,1,1,1,1,1,1,-1,1,-1,1,1,1,1,-1",,,3,0,0,0,0
"1,-1,1,1,1,-1,0,-1,1,1,1,1,1,0,-1,-1,1,1,0,1,1,1,1,-1,1,1,1,1,0,1,1",,,3,0,0,0,0
"1,1,1,1,1,-1,0,-1,-1,1,1,1,1,0,-1,-1,1,1,0,1,1,1,1,1,1,0,1,1,0,1,-1",,,3,0,0,0,0
"-1,-1,1,1,1,-1,1,1,-1,1,1,1,-1,0,-1,0,1,1,0,1,1,1,1,-1,1,1,-1,1,0,1,1",,,3,0,0,0,0
"-1,-1,1,1,1,-1,0,0,-1,1,1,1,1,0,-1,0,1,1,0,1,1,1,1,-1,1,0,-1,1,0,1,-1",,,3,0,0,0,0
"-1,0,1,1,1,-1,0,-1,-1,-1,1,-1,-1,0,-1,-1,1,1,0,-1,1,-1,-1,-1,1,0,1,1,0,1,-1",,,3,0,0,0,0
"-1,-1,1,1,1,-1,0,-1,1,1,1,1,1,0,-1,-1,1,1,0,1,1,1,1,-1,1,-1,-1,1,0,-1,-1",,,3,0,0,0,0
"1,1,1,-1,1,-1,0,1,-1,1,1,-1,1,0,0,-1,1,-1,0,1,1,1,1,1,1,1,1,1,0,1,1",,,3,0,0,0,0
"-1,-1,1,1,1,-1,0,-1,1,1,1,1,-1,0,-1,-1,1,1,0,1,1,1,1,-1,1,0,1,1,0,-1,-1",,,3,0,0,0,0
"1,1,1,1,1,-1,1,1,-1,-1,1,-1,1,0,0,-1,1,1,0,-1,1,-1,1,1,1,1,1,1,-1,1,1",,,3,0,0,0,0
"-1,1,-1,-1,-1,-1,0,1,-1,1,1,-1,1,0,0,-1,1,-1,0,1,1,1,1,1,-1,1,-1,-1,1,1,1",,,3,0,0,0,0
"-1,-1,1,1,1,-1,1,1,-1,1,1,1,1,0,0,-1,1,1,0,1,1,1,1,-1,1,1,-1,1,1,1,1",,,3,0,0,0,0
"1,-1,1,1,1,-1,1,1,-1,1,1,1,1,0,-1,-1,1,1,1,1,1,1,1,-1,1,0,-1,1,0,1,1",,,3,0,0,0,0
"-1,1,1,1,1,-1,1,1,-1,1,1,1,1,0,-1,-1,-1,1,0,1,1,1,1,1,1,0,1,1,0,1,1",,,3,0,0,0,0
"-1,-1,1,1,1,-1,0,-1,1,1,1,1,-1,0,-1,1,1,1,0,1,1,1,1,-1,1,-1,1,1,1,-1,-1",,,3,0,0,0,0
"1,-1,1,1,1,-1,1,0,1,1,1,1,-1,0,-1,-1,1,1,0,1,1,1,1,-1,1,-1,-1,1,0,-1,-1",,,3,0,0,0,0
"1,-1,1,1,1,1,0,-1,-1,1,1,1,1,1,1,-1,1,1,0,1,1,1,1,-1,1,1,-1,1,0,1,1",,,3,0,0,0,0
"1,-1,-1,1,-1,1,1,1,-1,1,1,-1,1,1,0,1,1,-1,0,1,1,1,1,-1,-1,1,1,-1,1,1,1",,,3,0,0,0,0
"1,1,1,-1,1,-1,1,1,-1,1,1,1,1,1,0,0,1,1,0,1,1,1,1,1,1,1,1,1,0,1,1",,,3,0,0,0,0
"-1,-1,1,-1,1,-1,0,-1,1,-1,-1,1,1,-1,1,-1,-1,1,0,-1,-1,-1,-1,-1,1,-1,1,1,0,-1,-1",,,3,0,0,0,0
"1,-1,1,1,1,-1,0,-1,1,1,1,1,-1,0,-1,-1,1,1,1,1,1,1,1,-1,1,0,1,1,0,-1,-1",,,3,0,0,0,0
"-1,-1,1,-1,1,1,1,1,-1,1,1,1,1,-1,-1,-1,1,1,0,1,1,1,1,-1,1,1,-1,1,1,1,1",,,3,0,0,0,0
"-1,-1,1,-1,1,-1,0,-1,1,1,1,1,-1,-1,-1,-1,1,1,1,1,1,1,1,-1,1,-1,1,1,0,-1,-1",,,3,0,0,0,0
"-1,1,1,-1,1,-1,0,-1,-1,1,1,1,1,-1,0,0,1,1,0,1,1,1,1,1,1,-1,1,1,0,-1,-1",,,3,0,0,0,0
"1,-1,1,1,1,-1,0,-1,-1,1,1,1,1,-1,-1,-1,1,1,0,1,1,1,1,-1,1,-1,1,1,1,1,-1",,,3,0,0,0,0
"1,1,1,1,1,-1,1,1,-1,1,1,1,1,0,1,0,1,1,0,1,1,1,1,1,1,1,1,1,0,-1,1",,,3,0,0,0,0
"-1,-1,1,1,1,-1,0,-1,1,1,1,1,1,0,0,-1,1,1,0,1,1,1,1,-1,1,1,1,1,1,1,-1",,,3,0,0,0,0
"1,0,1,-1,1,-1,1,1,-1,1,1,1,1,0,1,0,-1,-1,0,1,1,1,1,-1,1,1,-1,1,0,1,1",,,3,0,0,0,0
"1,-1,1,-1,1,-1,1,-1,1,1,1,-1,-1,-1,-1,-1,-1,-1,0,1,1,1,1,-1,1,0,1,1,-1,1,-1",,,3,0,0,0,0
"-1,1,-1,1,-1,-1,1,0,-1,1,1,-1,1,-1,0,-1,1,1,0,1,1,1,1,1,-1,1,1,1,-1,1,-1",,,3,0,0,0,0
"-1,-1,1,1,1,-1,1,0,-1,1,1,1,-1,0,-1,0,1,1,0,1,1,1,1,-1,1,0,1,1,1,1,-1",,,3,0,0,0,0
"-1,-1,1,1,1,-1,0,-1,-1,1,1,1,1,0,0,-1,1,1,1,1,1,1,1,-1,1,1,-1,1,1,1,1",,,3,0,0,0,0
"-1,-1,-1,1,-1,-1,1,1,-1,1,1,-1,1,0,-1,0,1,1,1,1,1,1,1,-1,-1,1,1,-1,-1,1,1",,,3,0,0,0,0
"-1,-1,1,1,1,-1,0,1,-1,-1,1,1,1,1,0,-1,1,1,0,1,1,-1,1,-1,1,1,1,1,1,1,1",,,3,0,0,0,0
"1,-1,1,1,1,-1,0,-1,-1,1,1,1,-1,-1,-1,-1,1,1,1,1,1,1,1,-1,1,1,-1,1,0,-1,-1",,,3,0,0,0,0
"-1,-1,1,1,1,-1,0,-1,1,1,1,1,-1,-1,0,0,1,1,0,1,1,1,1,-1,1,-1,1,1,1,1,-1",,,3,0,0,0,0
"-1,1,1,1,1,-1,1,0,-1,1,1,1,1,-1,0,-1,1,1,1,1,1,1,1,1,1,1,-1,1,1,-1,-1",,,3,0,0,0,0
"-1,-1,1,1,1,-1,0,-1,1,1,1,1,-1,0,-1,-1,1,1,0,1,1,1,1,-1,1,1,-1,1,1,1,-1",,,3,0,0,0,0
"-1,-1,1,-1,1,-1,1,1,-1,-1,-1,1,1,0,-1,1,-1,1,0,-1,1,-1,-1,-1,1,1,1,1,1,1,1",,,3,0,0,0,0
"-1,-1,1,1,1,-1,0,1,1,1,1,1,1,0,0,-1,1,1,0,1,1,1,1,-1,1,0,1,1,1,1,-1",,,3,0,0,0,0
"-1,-1,1,1,1,-1,1,1,-1,-1,-1,1,-1,0,1,1,-1,1,0,1,1,-1,1,-1,1,1,1,1,1,1,1",,,3,0,0,0,0
"-1,-1,1,1,1,1,0,1,1,1,1,1,-1,1,1,-1,1,1,0,1,1,1,1,-1,1,1,1,1,0,1,1",,,3,0,0,0,0
"-1,-1,1,1,1,-1,1,1,-1,1,1,1,1,0,0,-1,1,1,1,1,1,1,1,-1,1,1,-1,1,1,1,1",,,3,0,0,0,0
"-1,-1,1,1,1,-1,1,1,-1,1,1,1,1,0,1,1,1,1,0,1,1,1,1,-1,1,-1,1,1,-1,1,1",,,3,0,0,0,0
"-1,-1,1,1,-1,-1,1,1,-1,1,1,-1,-1,1,1,-1,1,1,0,1,1,1,1,-1,1,-1,1,1,0,1,-1",,,3,0,0,0,0
"-1,-1,-1,1,-1,-1,1,1,1,1,1,-1,1,0,1,-1,1,-1,0,1,1,1,1,-1,-1,1,1,-1,1,1,1",,,3,0,0,0,0
"-1,-1,-1,-1,-1,-1,0,1,1,1,1,-1,-1,1,-1,1,1,-1,1,1,1,1,1,-1,-1,1,-1,1,1,1,1",,,3,0,0,0,0
"-1,-1,1,-1,1,-1,1,-1,-1,1,1,1,1,1,-1,-1,1,1,0,1,1,1,1,-1,1,-1,1,1,0,1,-1",,,3,0,0,0,0
"1,-1,1,-1,1,-1,1,1,1,-1,-1,1,1,1,-1,-1,-1,1,0,-1,1,-1,-1,-1,1,0,1,1,0,1,-1",,,3,0,0,0,0
"-1,-1,-1,-1,-1,-1,0,1,1,1,1,-1,-1,0,0,-1,1,-1,0,1,1,1,1,-1,-1,1,-1,-1,1,1,1",,,3,0,0,0,0
"1,-1,1,-1,1,-1,1,0,-1,1,1,1,1,1,-1,-1,1,1,0,1,1,1,1,-1,1,1,1,1,0,1,-1",,,3,0,0,0,0
"1,1,1,-1,1,1,1,1,-1,-1,-1,1,1,1,-1,-1,-1,1,0,1,1,-1,-1,1,1,1,-1,1,0,1,1",,,3,0,0,0,0
"1,-1,1,-1,1,-1,1,-1,-1,1,1,1,1,0,0,-1,1,1,0,1,1,1,1,-1,1,0,1,1,0,1,1",,,3,0,0,0,0
"1,-1,1,-1,1,-1,1,1,-1,1,1,1,1,1,0,1,-1,-1,0,1,1,1,1,-1,1,1,1,1,0,1,1",,,3,0,0,0,0
"-1,-1,1,1,1,-1,1,1,1,1,1,1,-1,0,-1,-1,1,1,0,1,1,1,1,-1,1,1,-1,1,1,1,1",,,3,0,0,0,0
"-1,-1,1,-1,1,-1,0,-1,-1,1,1,1,-1,0,-1,-1,1,1,1,1,1,1,1,-1,1,0,1,1,0,-1,-1",,,3,0,0,0,0
"1,-1,1,-1,1,-1,1,1,1,-1,-1,1,-1,0,0,1,-1,1,0,1,1,-1,1,-1,1,1,-1,1,1,1,1",,,3,0,0,0,0
"1,-1,1,1,1,-1,1,1,1,1,1,1,1,0,0,1,1,1,0,1,1,1,1,-1,1,-1,-1,1,0,1,1",,,3,0,0,0,0
"-1,-1,1,1,1,1,1,1,1,1,1,1,-1,0,-1,-1,1,1,0,1,1,1,1,-1,1,-1,-1,1,1,1,1",,,3,0,0,0,0
"1,-1,1,1,1,-1,1,1,1,1,1,1,1,1,0,0,1,1,0,1,1,1,1,-1,1,1,1,1,0,1,1",,,3,0,0,0,0
"1,-1,1,1,1,-1,1,1,-1,1,1,1,1,0,1,1,1,1,0,1,1,1,1,-1,1,-1,1,1,-1,1,1",,,3,0,0,0,0
"-1,-1,1,1,1,-1,1,-1,1,1,1,1,-1,-1,-1,-1,1,1,1,1,1,1,1,-1,1,-1,1,1,1,-1,-1",,,3,0,0,0,0
"-1,-1,1,-1,1,-1,1,1,-1,-1,-1,1,-1,0,0,0,-1,1,0,-1,-1,-1,-1,-1,1,1,1,1,1,1,1",,,3,0,0,0,0
"1,1,-1,-1,-1,1,1,1,-1,1,1,-1,1,0,0,-1,-1,-1,0,1,1,1,1,1,-1,1,-1,1,1,1,1",,,3,0,0,0,0
"1,-1,1,1,1,-1,0,1,1,1,1,1,-1,0,-1,-1,1,1,0,1,1,1,1,-1,1,0,-1,1,0,-1,-1",,,3,0,0,0,0
"1,-1,1,1,1,-1,0,-1,-1,1,1,1,-1,0,-1,-1,1,1,1,1,1,1,1,-1,1,1,1,1,0,1,-1",,,3,0,0,0,0
"-1,-1,1,-1,1,-1,0,1,-1,-1,-1,1,-1,0,-1,-1,-1,1,0,-1,1,-1,-1,-1,1,0,1,1,0,1,-1",,,3,0,0,0,0
"1,-1,1,1,1,-1,0,1,1,1,1,1,-1,0,-1,-1,1,1,0,1,1,1,1,-1,1,1,1,1,0,1,-1",,,3,0,0,0,0
"-1,-1,1,1,1,-1,0,1,-1,1,1,1,1,0,1,0,1,1,0,1,1,1,1,-1,1,1,1,1,0,1,1",,,3,0,0,0,0
"1,-1,-1,1,-1,-1,1,-1,-1,1,1,-1,1,0,0,1,1,-1,0,1,1,1,1,-1,-1,1,1,-1,1,1,1",,,3,0,0,0,0
"-1,-1,1,-1,1,-1,0,-1,-1,1,1,1,-1,0,-1,-1,1,1,0,1,1,1,1,-1,1,0,1,1,0,1,-1",,,3,0,0,0,0
"-1,-1,1,1,1,-1,0,-1,1,1,1,1,-1,0,1,-1,1,1,0,1,1,1,1,-1,1,1,1,1,1,1,-1",,,3,0,0,0,0
"1,-1,1,1,1,-1,1,1,1,1,1,-1,-1,1,1,0,1,1,0,1,1,1,1,-1,1,1,-1,1,1,1,1",,,3,0,0,0,0
"-1,-1,1,1,1,-1,0,-1,-1,1,1,1,1,-1,-1,-1,1,1,0,1,1,1,1,-1,1,0,-1,1,1,1,-1",,,3,0,0,0,0
"1,-1,1,-1,1,-1,1,1,-1,1,1,1,1,0,0,1,1,1,0,1,1,1,1,-1,1,1,-1,1,0,1,1",,,3,0,0,0,0
"-1,-1,1,1,1,-1,0,0,1,1,1,1,-1,-1,-1,-1,1,1,0,1,1,1,1,-1,1,0,-1,1,0,1,-1",,,3,0,0,0,0
"-1,-1,1,1,1,-1,0,0,1,1,1,1,-1,-1,-1,-1,1,1,0,1,1,1,1,-1,1,-1,-1,1,1,1,-1",,,3,0,0,0,0
"-1,-1,-1,-1,-1,-1,0,-1,-1,-1,-1,-1,-1,-1,1,1,-1,-1,0,-1,-1,-1,-1,-1,-1,1,1,-1,1,-1,-1",,,3,0,0,0,0
"-1,-1,1,1,1,1,1,1,1,1,1,1,-1,0,1,-1,1,1,0,1,1,1,1,-1,1,1,-1,1,1,1,1",,,3,0,0,0,0
"1,-1,-1,1,-1,-1,1,1,-1,1,1,-1,1,1,-1,1,1,-1,0,1,1,1,1,-1,-1,1,-1,-1,1,1,1",,,3,0,0,0,0
"1,1,1,1,1,-1,0,-1,-1,1,1,1,1,-1,-1,-1,1,1,0,1,1,1,1,1,1,-1,1,1,0,-1,-1",,,3,0,0,0,0
"-1,-1,1,1,1,-1,0,1,1,-1,1,1,-1,0,-1,0,-1,1,0,-1,1,-1,1,-1,1,1,-1,1,1,1,1",,,3,0,0,0,0
"1,-1,1,1,1,-1,-1,0,-1,-1,1,1,-1,0,-1,-1,1,1,0,-1,1,-1,-1,-1,1,1,1,1,-1,-1,-1",,,3,0,0,0,0
"-1,-1,1,1,1,1,1,1,-1,1,1,1,1,0,1,-1,1,1,0,1,1,1,1,-1,1,1,-1,1,1,1,1",,,3,0,0,0,0
"-1,-1,1,1,1,-1,-1,-1,-1,1,1,1,-1,-1,0,-1,1,1,0,1,1,1,1,-1,1,-1,1,1,1,-1,-1",,,3,0,0,0,0
"-1,-1,1,-1,1,1,0,1,1,-1,-1,1,-1,1,-1,-1,-1,1,0,-1,-1,-1,-1,-1,1,1,-1,1,1,1,1",,,3,0,0,0,0
"1,-1,1,1,1,-1,1,1,-1,1,1,1,1,0,-1,0,1,1,0,1,1,1,1,-1,1,1,1,1,0,1,1",,,3,0,0,0,0
"-1,1,-1,-1,-1,-1,-1,1,-1,1,1,-1,1,0,0,0,1,-1,0,1,1,1,1,1,-1,1,-1,-1,1,1,1",,,3,0,0,0,0
"-1,-1,1,1,1,-1,0,-1,-1,1,1,1,1,-1,0,-1,1,1,0,1,1,1,1,-1,1,-1,1,1,0,-1,-1",,,3,0,0,0,0
"-1,1,1,-1,1,-1,-1,1,-1,-1,1,1,1,0,0,-1,1,-1,0,1,-1,-1,-1,1,1,1,-1,1,1,1,1",,,3,0,0,0,0
"-1,-1,1,1,1,-1,0,0,-1,1,1,1,1,0,-1,-1,1,1,0,1,1,1,1,-1,1,0,1,1,0,-1,-1",,,3,0,0,0,0
"-1,-1,1,-1,1,1,-1,1,-1,-1,-1,1,-1,1,1,-1,-1,1,0,-1,1,-1,-1,-1,1,1,-1,1,1,1,1",,,3,0,0,0,0
"1,-1,1,-1,1,-1,-1,1,-1,1,1,1,-1,0,0,0,1,1,0,1,1,1,1,-1,1,1,-1,1,0,1,1",,,3,0,0,0,0
"-1,1,-1,1,1,-1,0,0,-1,1,1,1,1,0,1,-1,1,1,1,1,1,1,1,-1,1,0,1,1,0,1,-1",,,3,0,0,0,0
"-1,-1,1,1,1,-1,0,0,-1,1,1,1,1,-1,-1,-1,1,1,0,1,1,1,1,-1,1,-1,-1,1,0,1,-1",,,3,0,0,0,0
"-1,-1,-1,-1,-1,-1,0,-1,1,-1,1,-1,-1,-1,1,-1,1,-1,1,-1,1,-1,-1,-1,-1,-1,-1,1,1,1,-1",,,3,0,0,0,0
"-1,-1,1,-1,1,-1,0,-1,1,1,1,1,-1,-1,-1,-1,1,1,0,1,1,1,1,-1,1,0,-1,1,0,1,-1",,,3,0,0,0,0
"-1,-1,1,-1,1,-1,1,-1,-1,-1,-1,1,1,1,1,-1,-1,1,0,1,1,-1,1,-1,1,1,1,1,1,1,1",,,3,0,0,0,0
"-1,-1,1,-1,1,-1,0,-1,-1,1,1,1,1,-1,0,-1,1,1,0,1,1,-1,1,-1,1,-1,-1,1,0,1,-1",,,3,0,0,0,0
"-1,-1,1,1,1,-1,0,-1,-1,1,1,1,-1,-1,-1,-1,1,1,0,1,1,1,1,-1,1,-1,1,1,1,1,-1",,,3,0,0,0,0
"-1,-1,1,1,1,-1,0,0,1,1,1,1,-1,0,-1,-1,1,1,0,1,1,1,1,-1,1,0,1,1,0,-1,-1",,,3,0,0,0,0
"1,1,1,1,1,-1,-1,1,-1,1,1,1,1,1,0,0,1,1,0,1,1,1,1,1,1,1,-1,1,0,1,1",,,3,0,0,0,0
"-1,-1,-1,1,-1,1,-1,1,-1,1,1,-1,1,1,-1,-1,1,-1,0,1,1,1,1,-1,-1,1,-1,-1,1,1,1",,,3,0,0,0,0
"-1,1,1,1,1,-1,1,1,-1,-1,1,1,1,1,0,1,1,1,1,-1,1,-1,1,1,1,1,-1,1,1,1,1",,,3,0,0,0,0
"-1,-1,1,1,1,-1,-1,1,-1,1,1,1,-1,0,0,-1,1,1,0,1,1,1,1,-1,1,-1,1,1,1,1,1",,,3,0,0,0,0
"1,-1,1,-1,1,-1,1,1,-1,1,1,1,1,0,1,-1,-1,-1,0,1,1,1,1,-1,1,1,1,1,-1,1,1",,,3,0,0,0,0
"1,-1,1,1,1,-1,1,1,-1,1,1,1,1,0,0,-1,1,1,0,1,1,1,1,-1,1,1,-1,1,0,1,1",,,3,0,0,0,0
"-1,1,-1,-1,-1,-1,-1,-1,-1,-1,-1,-1,1,-1,1,-1,-1,-1,0,-1,-1,-1,-1,1,-1,-1,-1,-1,1,-1,-1",,,3,0,0,0,0
"-1,-1,1,1,1,-1,-1,-1,1,1,1,1,-1,-1,-1,-1,1,1,0,1,1,1,1,-1,1,0,1,1,1,1,-1",,,3,0,0,0,0
"-1,-1,1,1,1,-1,1,1,-1,1,1,1,1,0,1,0,1,1,0,1,1,1,1,-1,1,-1,1,1,1,1,1",,,3,0,0,0,0
"-1,-1,1,1,1,-1,0,-1,1,1,1,1,-1,0,-1,-1,1,1,1,1,1,1,1,-1,1,-1,1,1,1,1,-1",,,3,0,0,0,0
"1,-1,1,-1,1,-1,1,1,-1,1,1,-1,-1,1,0,-1,-1,-1,0,1,1,1,1,-1,1,-1,1,1,0,1,1",,,3,0,0,0,0
"-1,1,1,-1,1,-1,1,1,-1,1,1,1,1,0,0,-1,-1,-1,0,-1,-1,-1,-1,-1,1,0,-1,1,0,1,1",,,3,0,0,0,0
"-1,-1,1,-1,1,-1,0,-1,-1,-1,-1,1,1,1,-1,-1,-1,1,0,-1,-1,-1,-1,-1,1,0,1,1,0,1,-1",,,3,0,0,0,0
"-1,-1,1,1,1,-1,0,-1,-1,1,1,1,-1,0,-1,-1,1,1,1,1,1,1,1,-1,1,-1,1,1,0,1,-1",,,3,0,0,0,0
"-1,-1,1,-1,1,-1,-1,1,-1,-1,-1,1,1,0,0,1,-1,1,1,-1,1,-1,-1,-1,1,1,1,1,1,1,1",,,3,0,0,0,0
"-1,-1,-1,1,-1,-1,1,1,-1,1,1,-1,1,1,0,-1,1,-1,0,1,1,1,1,-1,-1,1,1,-1,1,1,1",,,3,0,0,0,0
"-1,-1,-1,1,-1,-1,1,1,-1,1,1,-1,1,0,0,1,1,-1,0,1,1,1,1,-1,-1,1,-1,-1,1,1,1",,,3,0,0,0,0
"1,-1,1,1,1,-1,-1,-1,-1,1,1,1,1,-1,-1,-1,1,1,0,1,1,1,1,-1,1,-1,1,1,0,1,-1",,,3,0,0,0,0
"-1,-1,1,-1,1,1,1,1,-1,-1,1,1,1,0,1,-1,1,-1,0,1,1,-1,1,-1,1,1,-1,1,1,1,1",,,3,0,0,0,0
"-1,-1,-1,-1,-1,1,1,1,-1,1,1,-1,1,1,1,-1,-1,-1,1,1,1,1,1,-1,-1,1,-1,1,0,1,1",,,3,0,0,0,0
"-1,-1,1,-1,1,-1,-1,-1,1,1,1,1,-1,-1,-1,-1,1,1,0,1,1,1,1,-1,1,-1,-1,1,0,-1,-1",,,3,0,0,0,0
"1,-1,1,-1,1,-1,0,0,1,-1,-1,1,-1,-1,1,-1,-1,1,1,1,1,-1,1,-1,1,-1,-1,1,0,-1,-1",,,3,0,0,0,0
"1,-1,1,1,1,-1,1,1,-1,1,1,1,1,1,1,-1,1,1,0,1,1,1,1,-1,1,1,-1,1,0,-1,1",,,3,0,0,0,0
"1,-1,1,1,1,1,0,-1,1,1,1,1,-1,0,-1,-1,1,1,0,1,1,1,1,-1,1,-1,1,1,1,1,1",,,3,0,0,0,0
"-1,1,-1,1,-1,-1,1,1,-1,1,1,-1,1,1,0,0,1,-1,0,1,1,1,1,1,-1,1,-1,-1,1,1,1",,,3,0,0,0,0
"-1,-1,1,-1,1,-1,0,-1,1,-1,-1,1,-1,-1,1,-1,-1,1,1,-1,1,-1,-1,-1,1,-1,1,1,0,1,-1",,,3,0,0,0,0
"-1,1,-1,-1,-1,1,-1,-1,-1,-1,-1,-1,1,1,1,-1,-1,-1,0,1,-1,-1,-1,1,-1,0,1,-1,1,1,1",,,3,0,0,0,0
"-1,-1,1,1,1,-1,0,0,-1,1,1,1,1,-1,1,-1,1,1,1,1,1,1,1,-1,1,-1,-1,1,1,1,-1",,,3,0,0,0,0
"1,-1,1,1,1,-1,0,0,-1,1,1,1,-1,0,0,-1,1,1,0,1,1,1,1,-1,1,0,1,1,0,1,-1",,,3,0,0,0,0
"1,-1,1,1,1,-1,0,0,-1,1,1,1,1,0,-1,-1,1,1,0,1,1,1,1,-1,1,-1,1,1,0,1,-1",,,3,0,0,0,0
"-1,-1,1,-1,1,-1,1,1,-1,-1,-1,1,1,0,-1,1,-1,1,0,1,-1,-1,-1,-1,1,1,-1,1,1,1,1",,,3,0,0,0,0
"-1,-1,1,1,1,1,1,1,1,1,1,1,-1,1,0,-1,1,1,0,1,1,1,1,-1,1,-1,1,1,1,1,1",,,3,0,0,0,0
"-1,1,1,-1,1,-1,0,0,-1,-1,-1,1,-1,-1,0,-1,-1,1,0,1,1,-1,1,1,1,-1,-1,1,0,1,-1",,,3,0,0,0,0
"1,-1,1,1,1,-1,1,1,-1,1,1,1,1,0,0,-1,1,1,0,1,1,1,1,-1,1,0,1,1,0,1,1",,,3,0,0,0,0
"1,-1,1,1,1,-1,1,1,-1,1,1,1,1,1,1,1,1,1,1,1,1,1,1,-1,1,1,-1,1,0,-1,1",,,3,0,0,0,0
"-1,1,-1,-1,-1,-1,-1,1,1,-1,1,-1,-1,1,1,1,1,-1,0,1,1,-1,1,1,-1,1,1,-1,1,1,1",,,3,0,0,0,0
"-1,-1,1,1,1,-1,1,-1,1,1,1,1,-1,0,1,-1,1,1,0,1,1,1,1,-1,1,1,1,1,1,-1,-1",,,3,0,0,0,0
"-1,-1,1,1,1,-1,0,-1,1,1,1,1,-1,0,-1,-1,1,1,0,1,1,1,1,-1,1,0,1,1,1,-1,-1",,,3,0,0,0,0
"-1,-1,1,1,1,-1,0,-1,-1,1,1,1,1,-1,0,-1,1,1,0,1,1,1,1,-1,1,1,1,1,0,-1,-1",,,3,0,0,0,0
"-1,-1,1,1,1,-1,-1,1,-1,1,1,1,1,0,0,-1,1,1,1,1,1,1,1,-1,1,0,1,1,1,1,1",,,3,0,0,0,0
"-1,-1,1,1,1,1,1,1,-1,1,1,1,1,0,-1,-1,1,1,0,1,1,1,1,-1,1,1,-1,1,1,1,1",,,3,0,0,0,0
"-1,-1,1,1,1,-1,0,-1,-1,1,1,1,-1,1,0,-1,1,1,1,1,1,1,1,-1,1,-1,1,1,1,-1,-1",,,3,0,0,0,0
"1,1,1,1,1,1,1,1,-1,1,1,1,1,0,0,1,1,1,0,1,1,1,1,1,1,1,-1,1,0,1,1",,,3,0,0,0,0
"1,-1,1,1,1,-1,0,0,-1,1,1,1,1,-1,0,-1,1,1,0,1,1,1,1,-1,1,-1,-1,1,0,1,-1",,,3,0,0,0,0
"-1,-1,1,1,1,-1,0,-1,1,1,1,1,-1,-1,0,-1,1,1,0,1,1,1,1,-1,1,0,-1,1,1,1,-1",,,3,0,0,0,0
"1,-1,1,-1,1,-1,1,0,1,1,1,1,-1,-1,-1,-1,1,1,1,1,1,1,1,-1,1,1,-1,1,0,1,-1",,,3,0,0,0,0
"1,-1,1,1,1,1,-1,1,1,1,1,1,-1,1,1,-1,1,1,0,1,1,1,1,-1,1,1,-1,1,0,-1,1",,,3,0,0,0,0
"1,-1,1,1,1,-1,1,1,-1,-1,-1,1,1,1,0,-1,-1,1,0,1,1,-1,-1,-1,1,1,1,1,1,1,1",,,3,0,0,0,0
"-1,-1,1,-1,1,-1,1,0,-1,-1,-1,1,1,-1,-1,-1,-1,1,0,-1,1,-1,1,-1,1,1,-1,1,1,1,-1",,,3,0,0,0,0
"1,-1,1,1,1,-1,1,0,1,1,1,1,-1,-1,0,-1,1,1,0,1,1,1,1,-1,1,-1,-1,1,0,-1,-1",,,3,0,0,0,0
"-1,-1,1,1,1,-1,1,0,-1,1,1,1,1,0,-1,-1,1,1,0,1,1,1,1,-1,1,0,1,1,0,1,-1",,,3,0,0,0,0
"-1,-1,-1,1,-1,-1,1,1,1,1,1,-1,1,0,1,1,1,-1,0,1,1,1,1,-1,-1,1,-1,-1,1,1,1",,,3,0,0,0,0
"-1,-1,1,1,1,1,-1,1,-1,-1,1,-1,1,1,-1,-1,-1,1,0,1,-1,-1,-1,-1,1,1,-1,1,1,1,1",,,3,0,0,0,0
"1,-1,1,1,1,1,1,1,1,1,1,1,-1,1,1,-1,1,1,0,1,1,1,1,-1,1,1,1,1,0,1,1",,,3,0,0,0,0
"1,-1,1,1,1,-1,1,1,-1,1,1,1,-1,0,1,1,1,1,0,1,1,1,1,-1,1,1,1,1,0,1,1",,,3,0,0,0,0
"-1,-1,1,-1,1,-1,1,0,1,-1,1,-1,-1,-1,0,-1,-1,-1,0,-1,1,-1,1,-1,1,-1,-1,1,0,1,-1",,,3,0,0,0,0
"1,-1,1,1,1,-1,0,-1,-1,1,1,1,1,-1,0,-1,1,1,0,1,1,1,1,-1,1,-1,1,1,0,-1,-1",,,3,0,0,0,0
"-1,-1,1,1,1,-1,0,-1,-1,1,1,1,1,-1,1,-1,1,1,1,1,1,1,1,-1,1,1,-1,1,0,-1,-1",,,3,0,0,0,0
"1,-1,1,1,1,-1,1,1,1,1,1,1,-1,0,-1,-1,1,1,1,1,1,1,1,-1,1,1,1,1,0,1,1",,,3,0,0,0,0
"-1,-1,1,1,1,-1,0,1,-1,1,1,1,1,0,-1,-1,1,1,1,1,1,1,1,-1,1,0,1,1,0,-1,-1",,,3,0,0,0,0
"-1,-1,-1,1,-1,1,1,1,-1,1,1,-1,1,1,1,-1,1,-1,0,1,1,1,1,-1,-1,1,1,-1,1,1,1",,,3,0,0,0,0
"1,-1,1,1,1,-1,0,0,1,1,1,1,-1,-1,-1,-1,1,1,0,1,1,1,1,-1,1,-1,-1,1,0,1,-1",,,3,0,0,0,0
"-1,-1,-1,-1,-1,-1,1,1,1,1,1,-1,-1,1,1,-1,1,-1,0,1,1,1,1,-1,-1,1,-1,-1,1,1,1",,,3,0,0,0,0
"-1,-1,-1,-1,-1,-1,0,0,1,-1,-1,-1,-1,-1,1,-1,-1,-1,0,1,1,-1,1,-1,-1,-1,-1,-1,1,1,-1",,,3,0,0,0,0
"-1,-1,1,1,1,1,1,1,-1,-1,1,1,1,0,1,-1,1,1,0,1,1,-1,1,-1,1,1,1,1,1,1,1",,,3,0,0,0,0
"1,-1,1,-1,1,-1,0,0,1,-1,-1,1,1,-1,-1,-1,-1,1,1,-1,1,-1,-1,-1,1,0,1,1,0,1,-1",,,3,0,0,0,0
"1,-1,1,1,1,1,1,1,-1,1,1,1,1,0,0,-1,1,1,0,1,1,1,1,-1,1,1,-1,1,1,1,1",,,3,0,0,0,0
"1,-1,1,1,1,-1,1,1,1,1,1,1,1,1,0,-1,1,1,0,1,1,1,1,-1,1,1,-1,1,0,1,1",,,3,0,0,0,0
"1,-1,1,1,1,-1,0,0,-1,1,1,1,1,-1,0,-1,1,1,0,1,1,1,1,-1,1,1,1,1,0,1,-1",,,3,0,0,0,0
"1,-1,1,1,1,1,1,1,-1,1,1,1,1,0,0,1,1,1,0,1,1,1,1,-1,1,1,-1,1,0,1,1",,,3,0,0,0,0
"-1,-1,1,1,1,-1,-1,-1,-1,1,1,1,-1,1,1,-1,1,1,0,1,1,1,1,-1,1,-1,-1,1,1,1,1",,,3,0,0,0,0
"-1,-1,1,-1,1,-1,0,0,1,1,1,1,-1,-1,0,-1,1,1,0,1,1,1,1,-1,1,0,1,1,0,1,-1",,,3,0,0,0,0
"-1,-1,1,-1,1,-1,0,-1,-1,1,1,1,1,-1,1,-1,-1,-1,0,1,1,1,1,-1,1,1,1,1,1,-1,-1",,,3,0,0,0,0
"-1,-1,1,1,1,-1,0,1,1,1,1,1,-1,1,0,1,1,1,0,1,1,1,1,-1,1,-1,-1,1,1,1,1",,,3,0,0,0,0
"-1,-1,1,-1,1,-1,0,1,1,-1,1,1,-1,-1,0,0,1,1,0,1,1,-1,1,-1,1,-1,1,1,0,-1,-1",,,3,0,0,0,0
"1,1,1,1,1,-1,1,0,-1,1,1,1,1,1,0,-1,1,1,1,1,1,1,1,1,1,-1,1,1,0,-1,-1",,,3,0,0,0,0
"-1,1,1,1,1,-1,0,-1,-1,1,1,1,1,-1,-1,-1,1,1,1,1,1,1,1,1,1,-1,1,1,1,-1,-1",,,3,0,0,0,0
"-1,1,-1,1,-1,1,1,1,-1,1,1,-1,1,1,0,-1,1,-1,0,1,1,1,1,1,-1,1,-1,-1,1,1,1",,,3,0,0,0,0
"1,1,1,1,1,-1,-1,1,-1,1,1,1,1,0,1,1,1,1,0,1,1,1,1,1,1,1,-1,1,0,-1,1",,,3,0,0,0,0
"1,-1,1,1,1,-1,0,-1,1,1,1,1,-1,0,-1,-1,1,1,1,1,1,1,1,-1,1,1,1,1,0,1,-1",,,3,0,0,0,0
"-1,-1,1,-1,1,-1,0,-1,-1,-1,-1,-1,1,0,0,-1,-1,-1,0,-1,1,-1,1,-1,1,0,1,1,0,1,-1",,,3,0,0,0,0
"-1,0,1,1,1,-1,0,-1,1,1,1,-1,-1,0,-1,-1,1,1,0,1,1,1,1,-1,1,1,1,1,-1,1,-1",,,3,0,0,0,0
"1,-1,1,-1,1,-1,0,0,-1,-1,-1,1,1,-1,-1,-1,-1,1,0,-1,-1,-1,-1,-1,1,1,1,1,1,1,-1",,,3,0,0,0,0
"-1,1,1,1,1,-1,1,0,-1,1,1,1,1,-1,-1,-1,1,1,0,1,1,1,1,1,1,-1,-1,1,1,1,-1",,,3,0,0,0,0
"-1,-1,1,-1,1,-1,1,0,1,-1,-1,1,-1,-1,1,-1,-1,1,1,1,1,-1,1,-1,1,-1,-1,1,0,1,-1",,,3,0,0,0,0
"-1,-1,1,-1,1,-1,0,-1,-1,-1,-1,1,1,-1,-1,-1,-1,1,0,-1,1,-1,1,-1,1,0,1,1,0,-1,-1",,,3,0,0,0,0
"-1,1,1,1,1,-1,0,-1,-1,-1,1,1,1,-1,1,-1,1,1,0,1,1,-1,1,1,1,-1,1,1,0,-1,-1",,,3,0,0,0,0
"-1,-1,-1,1,-1,1,1,1,-1,1,1,-1,1,1,-1,-1,1,-1,0,1,1,1,1,-1,-1,1,-1,-1,1,1,1",,,3,0,0,0,0
"1,-1,1,1,1,-1,1,1,-1,1,1,1,1,0,-1,-1,1,1,0,1,1,1,1,-1,1,0,1,1,0,-1,-1",,,3,0,0,0,0
"1,-1,1,1,1,-1,-1,1,1,1,1,1,1,0,1,1,1,1,0,1,1,1,1,-1,1,1,-1,1,0,-1,1",,,3,0,0,0,0
"1,-1,1,1,1,-1,1,-1,1,1,1,1,-1,-1,-1,-1,1,1,0,1,1,1,1,-1,1,0,1,1,0,-1,-1",,,3,0,0,0,0
"-1,-1,1,-1,1,-1,1,-1,-1,-1,1,1,1,0,-1,-1,1,1,0,-1,1,-1,1,-1,1,0,1,1,-1,1,-1",,,3,0,0,0,0
"-1,-1,1,-1,1,-1,0,1,-1,1,1,1,-1,0,-1,-1,1,1,0,1,1,1,1,-1,1,0,1,1,0,1,-1",,,3,0,0,0,0
"-1,1,1,-1,1,-1,1,0,-1,1,1,1,1,-1,-1,-1,1,1,0,1,1,1,1,1,1,0,-1,1,0,1,-1",,,3,0,0,0,0
"1,-1,1,-1,1,-1,0,-1,-1,1,1,1,1,0,0,-1,1,1,0,1,1,1,1,-1,1,0,1,1,0,1,-1",,,3,0,0,0,0
"-1,-1,1,1,1,1,0,1,-1,1,1,-1,1,1,0,-1,1,1,0,1,1,1,1,-1,1,1,1,1,0,1,1",,,3,0,0,0,0
"1,-1,1,-1,1,-1,-1,-1,-1,1,1,1,1,0,-1,0,1,1,0,1,1,1,1,-1,1,1,-1,1,0,1,-1",,,3,0,0,0,0
"-1,1,1,1,1,1,1,1,-1,1,1,1,1,1,0,-1,1,1,0,1,1,1,1,1,1,-1,1,1,1,1,1",,,3,0,0,0,0
"1,-1,1,-1,1,-1,-1,-1,-1,1,1,1,1,-1,-1,-1,1,1,0,1,1,1,1,-1,1,0,1,1,0,1,-1",,,3,0,0,0,0
"1,-1,1,1,1,-1,-1,1,-1,1,1,1,1,0,1,1,1,1,0,1,1,1,1,-1,1,1,-1,1,0,1,1",,,3,0,0,0,0
"-1,-1,1,1,1,-1,-1,-1,-1,1,1,1,1,-1,-1,-1,1,1,0,1,1,1,1,-1,1,0,1,1,1,1,-1",,,3,0,0,0,0
"-1,1,1,1,1,-1,0,0,-1,1,1,1,1,-1,-1,-1,1,1,0,1,1,1,1,1,1,-1,-1,1,0,1,-1",,,3,0,0,0,0
"1,-1,1,1,1,-1,0,0,-1,1,1,1,1,-1,-1,-1,1,1,0,1,1,1,1,-1,1,-1,-1,1,0,-1,-1",,,3,0,0,0,0
"1,-1,1,1,1,-1,0,-1,1,1,1,1,1,-1,0,-1,1,1,0,1,1,1,1,-1,1,-1,1,1,1,-1,-1",,,3,0,0,0,0
"-1,-1,1,1,1,-1,1,1,1,1,1,1,-1,0,0,0,1,1,0,1,1,1,1,-1,1,1,1,1,0,1,1",,,3,0,0,0,0
"-1,-1,1,1,1,-1,0,-1,1,1,1,1,-1,-1,1,-1,1,1,0,1,1,1,1,-1,1,-1,-1,1,1,-1,-1",,,3,0,0,0,0
"-1,-1,1,1,1,-1,1,1,-1,1,1,1,1,1,-1,1,1,1,1,1,1,1,1,-1,1,1,1,1,1,1,1",,,3,0,0,0,0
"-1,-1,1,1,1,-1,1,1,1,1,1,1,1,0,-1,1,1,1,0,1,1,1,1,-1,1,1,1,1,1,1,1",,,3,0,0,0,0
"-1,-1,1,1,1,-1,0,0,-1,1,1,-1,-1,-1,0,-1,1,1,0,1,1,1,1,-1,1,-1,-1,1,1,-1,-1",,,3,0,0,0,0
"1,1,1,-1,1,-1,-1,1,-1,-1,-1,1,1,0,0,0,-1,1,0,1,1,-1,1,1,1,1,1,1,0,1,1",,,3,0,0,0,0
"-1,-1,1,1,1,-1,1,1,-1,-1,1,1,1,0,-1,1,1,1,0,-1,1,-1,1,-1,1,1,1,1,0,1,1",,,3,0,0,0,0
"-1,-1,-1,1,1,1,1,1,-1,1,1,-1,1,0,-1,-1,1,1,0,1,1,1,1,-1,-1,1,1,1,-1,1,1",,,3,0,0,0,0
"-1,-1,1,1,1,-1,0,0,-1,1,1,1,1,-1,-1,-1,1,1,0,1,1,1,1,-1,1,-1,-1,1,1,-1,-1",,,3,0,0,0,0
"-1,-1,1,1,1,-1,0,0,1,1,1,1,-1,-1,0,-1,1,1,0,1,1,1,1,-1,1,0,-1,1,1,-1,-1",,,3,0,0,0,0
"-1,-1,1,1,1,-1,0,-1,-1,1,1,1,1,0,-1,-1,1,1,0,1,1,1,1,-1,1,1,1,1,0,1,-1",,,3,0,0,0,0
"1,-1,1,1,1,1,1,1,-1,1,1,1,1,1,0,-1,1,1,0,1,1,1,1,-1,1,1,-1,1,0,1,1",,,3,0,0,0,0
"1,-1,1,-1,1,1,1,1,-1,1,1,1,1,1,1,-1,-1,-1,0,1,1,1,1,1,1,-1,1,1,-1,1,1",,,3,0,0,0,0
"-1,-1,-1,-1,-1,-1,0,-1,-1,-1,-1,-1,1,-1,1,-1,-1,-1,0,-1,-1,-1,-1,-1,-1,0,-1,-1,1,1,-1",,,3,0,0,0,0
"-1,-1,1,1,1,-1,0,0,-1,1,1,1,-1,-1,-1,-1,1,1,0,1,1,1,1,-1,1,-1,-1,1,1,1,-1",,,3,0,0,0,0
"-1,-1,1,1,1,1,1,1,1,1,1,1,-1,1,0,-1,-1,1,0,1,1,1,1,-1,1,-1,-1,1,1,1,1",,,3,0,0,0,0
"-1,-1,1,1,1,-1,0,-1,1,1,1,1,-1,-1,0,-1,1,1,0,1,1,1,1,-1,1,0,-1,1,0,1,-1",,,3,0,0,0,0
"-1,-1,-1,1,-1,-1,-1,1,1,1,1,-1,-1,1,0,-1,1,-1,0,1,1,1,1,-1,-1,1,-1,-1,1,1,1",,,3,0,0,0,0
"1,-1,1,1,1,-1,1,1,-1,1,1,1,1,0,0,1,-1,1,1,1,1,-1,-1,-1,1,1,-1,1,0,1,1",,,3,0,0,0,0
"1,1,1,1,1,-1,1,1,-1,1,1,1,-1,0,1,1,1,1,0,1,1,1,1,1,1,1,1,1,0,-1,1",,,3,0,0,0,0
"-1,-1,1,1,1,-1,0,0,-1,1,1,1,-1,-1,-1,-1,1,1,1,1,1,1,1,-1,1,0,1,1,0,1,-1",,,3,0,0,0,0
"1,-1,1,1,1,-1,0,1,-1,1,1,1,-1,0,0,1,1,1,0,1,1,1,1,-1,1,1,1,1,0,1,1",,,3,0,0,0,0
"-1,1,1,1,1,-1,-1,1,-1,1,1,-1,1,-1,-1,-1,1,1,0,1,1,1,1,-1,1,0,1,1,1,-1,-1",,,3,0,0,0,0
"-1,1,1,1,1,-1,-1,-1,-1,-1,1,1,1,0,0,-1,-1,1,0,-1,1,-1,1,1,1,1,-1,1,0,1,1",,,3,0,0,0,0
"1,1,1,-1,1,-1,-1,1,-1,-1,-1,1,1,0,0,1,-1,1,0,1,1,1,1,1,1,1,-1,1,0,1,1",,,3,0,0,0,0
"-1,-1,1,1,1,-1,-1,-1,1,1,1,1,-1,-1,0,-1,1,1,1,1,1,1,1,-1,1,1,1,1,0,1,-1",,,3,0,0,0,0
"-1,1,1,-1,-1,-1,-1,-1,-1,1,1,-1,1,-1,1,-1,-1,-1,0,1,1,1,1,-1,-1,-1,1,1,1,1,-1",,,3,0,0,0,0
"-1,-1,1,1,1,-1,-1,-1,-1,1,1,1,1,-1,-1,-1,1,1,0,1,1,1,1,-1,1,-1,1,1,0,1,-1",,,3,0,0,0,0
"-1,-1,1,1,1,-1,0,1,-1,1,1,1,1,0,0,-1,1,1,0,1,1,1,1,-1,1,0,1,1,0,1,-1",,,3,0,0,0,0
"-1,-1,1,1,1,-1,0,1,1,1,1,1,-1,0,-1,-1,1,1,0,1,1,1,1,-1,1,1,1,1,0,1,-1",,,3,0,0,0,0
"1,-1,1,1,1,-1,0,1,-1,1,1,1,1,0,-1,-1,1,1,0,1,1,1,1,-1,1,0,-1,1,0,1,-1",,,3,0,0,0,0
"-1,-1,1,-1,1,-1,0,-1,1,-1,-1,-1,-1,-1,-1,-1,-1,-1,0,-1,1,-1,1,-1,1,0,-1,1,0,-1,-1",,,3,0,0,0,0
"1,-1,1,1,1,-1,0,0,1,1,1,1,-1,-1,-1,1,1,1,0,1,1,1,1,-1,1,-1,-1,1,0,-1,-1",,,3,0,0,0,0
"-1,1,1,1,1,-1,1,1,-1,1,1,1,1,0,1,-1,1,1,1,1,1,1,1,1,1,0,-1,1,1,-1,-1",,,3,0,0,0,0
"-1,-1,1,-1,1,-1,1,1,-1,-1,-1,1,1,-1,1,-1,-1,1,0,-1,1,-1,-1,-1,1,1,-1,1,1,1,1",,,3,0,0,0,0
"-1,-1,1,1,1,-1,1,1,-1,-1,1,1,1,0,-1,0,1,1,1,-1,1,-1,1,-1,1,1,1,1,1,1,1",,,3,0,0,0,0
"-1,-1,-1,1,-1,-1,0,1,1,1,1,-1,-1,0,1,1,1,-1,0,1,1,1,1,-1,-1,1,1,-1,1,1,1",,,3,0,0,0,0
"-1,-1,1,1,1,-1,0,0,1,1,1,1,-1,-1,-1,0,1,1,0,1,1,1,1,-1,1,-1,-1,1,1,1,-1",,,3,0,0,0,0
"1,-1,1,1,1,-1,1,1,-1,1,1,1,1,1,1,1,1,1,0,1,1,1,1,-1,1,1,-1,1,0,1,1",,,3,0,0,0,0
"-1,-1,1,1,1,-1,0,0,1,-1,-1,1,1,-1,1,-1,-1,1,0,1,1,-1,1,-1,1,1,-1,1,1,1,-1",,,3,0,0,0,0
"-1,-1,1,1,1,-1,1,1,1,-1,1,1,-1,1,-1,-1,1,1,0,1,1,-1,1,-1,1,1,1,1,1,1,1",,,3,0,0,0,0
"-1,1,1,1,1,-1,0,-1,-1,1,1,-1,1,-1,-1,0,1,1,0,1,1,1,1,1,1,-1,-1,1,-1,-1,-1",,,3,0,0,0,0
"1,-1,1,1,1,-1,1,1,-1,1,1,1,1,1,1,0,1,1,0,1,1,1,1,-1,1,1,1,1,0,1,1",,,3,0,0,0,0
"1,-1,1,1,1,-1,0,-1,-1,1,1,1,1,0,-1,-1,1,1,1,1,1,1,1,-1,1,1,-1,1,0,1,-1",,,3,0,0,0,0
"-1,-1,1,1,1,-1,0,1,1,1,1,1,-1,-1,-1,-1,1,1,0,1,1,1,1,-1,1,1,1,1,0,1,-1",,,3,0,0,0,0
"1,0,1,-1,1,-1,-1,1,1,1,1,-1,-1,0,-1,0,-1,-1,1,1,1,1,1,-1,1,-1,-1,1,0,1,1",,,3,0,0,0,0
"1,1,-1,1,-1,-1,0,0,-1,1,1,-1,-1,-1,1,-1,1,-1,0,1,1,1,1,1,-1,-1,-1,-1,0,1,-1",,,3,0,0,0,0
"1,-1,1,1,1,-1,0,0,-1,1,1,1,-1,-1,-1,-1,1,1,0,1,1,1,1,-1,1,0,1,1,0,1,-1",,,3,0,0,0,0
"-1,-1,1,-1,1,-1,1,1,-1,-1,-1,1,1,1,1,1,-1,1,0,-1,-1,-1,-1,-1,1,1,1,1,1,1,1",,,3,0,0,0,0
"1,-1,1,1,1,-1,1,1,1,1,1,1,-1,0,0,1,1,1,0,1,1,1,1,-1,1,-1,1,1,0,-1,1",,,3,0,0,0,0
"1,-1,1,1,1,-1,1,1,-1,1,1,1,1,-1,0,-1,1,1,0,1,1,1,1,-1,1,1,-1,1,-1,1,1",,,3,0,0,0,0
"-1,-1,-1,1,-1,-1,1,1,1,1,1,-1,-1,0,1,-1,1,1,0,1,1,1,1,-1,-1,1,-1,-1,1,1,1",,,3,0,0,0,0
"-1,-1,-1,-1,-1,-1,1,0,-1,-1,-1,-1,-1,-1,1,0,-1,-1,0,-1,1,-1,1,-1,-1,0,-1,1,-1,1,-1",,,3,0,0,0,0
"-1,-1,1,1,-1,-1,0,-1,1,1,1,1,-1,-1,-1,0,1,1,0,1,1,1,1,-1,1,-1,1,1,-1,-1,-1",,,3,0,0,0,0
"-1,-1,1,-1,1,-1,0,-1,-1,1,1,1,-1,-1,1,-1,1,1,0,1,1,1,1,-1,1,-1,1,1,1,1,-1",,,3,0,0,0,0
"-1,-1,1,-1,-1,-1,0,1,-1,1,1,1,-1,0,-1,-1,1,1,0,1,1,1,1,-1,1,1,1,-1,0,1,-1",,,3,0,0,0,0
"-1,-1,1,1,1,-1,0,-1,1,1,1,1,-1,-1,-1,-1,1,1,1,1,1,1,1,-1,1,0,-1,1,0,1,-1",,,3,0,0,0,0
"1,-1,1,1,1,-1,0,-1,1,1,1,1,-1,-1,-1,-1,1,1,1,1,1,1,1,-1,1,0,1,1,0,1,-1",,,3,0,0,0,0
"-1,-1,1,1,1,-1,0,-1,-1,1,1,1,1,-1,-1,-1,1,1,0,1,1,1,1,-1,1,0,1,1,1,-1,-1",,,3,0,0,0,0
"-1,-1,1,1,1,-1,0,-1,1,1,1,1,-1,-1,-1,0,1,1,0,1,1,1,1,-1,1,-1,-1,1,1,1,-1",,,3,0,0,0,0
"1,-1,1,1,1,-1,1,1,-1,1,1,1,-1,0,1,1,1,1,0,1,1,1,1,-1,1,1,-1,1,0,-1,1",,,3,0,0,0,0
"-1,-1,-1,1,-1,-1,1,1,-1,1,1,-1,1,0,1,-1,1,-1,0,1,1,1,1,-1,-1,1,-1,-1,1,1,1",,,3,0,0,0,0
"-1,-1,1,1,1,1,1,-1,-1,1,1,1,1,1,0,-1,1,1,0,1,1,1,1,-1,1,-1,1,1,1,1,1",,,3,0,0,0,0
"1,-1,1,1,1,-1,0,-1,-1,-1,-1,1,1,-1,-1,-1,-1,1,0,1,1,-1,1,-1,1,-1,-1,1,0,1,-1",,,3,0,0,0,0
"1,-1,1,1,1,-1,1,1,-1,1,1,1,1,0,-1,-1,1,1,1,1,1,1,1,-1,1,1,-1,1,0,1,-1",,,3,0,0,0,0
"1,-1,1,1,1,-1,1,1,-1,1,1,1,1,1,0,-1,1,1,0,1,1,1,1,-1,1,1,-1,1,1,1,1",,,3,0,0,0,0
"1,-1,1,-1,1,-1,-1,1,1,1,1,-1,-1,0,0,-1,1,-1,0,1,1,1,1,-1,1,1,-1,1,0,1,1",,,3,0,0,0,0
"-1,-1,1,1,1,-1,0,-1,-1,1,1,1,1,-1,-1,-1,1,1,0,1,1,1,1,-1,1,1,-1,1,1,1,-1",,,3,0,0,0,0
"1,-1,1,1,1,-1,-1,1,-1,1,1,1,1,0,1,-1,1,1,0,1,1,1,1,-1,1,1,-1,1,0,1,1",,,3,0,0,0,0
"-1,-1,1,1,1,-1,1,0,-1,1,1,1,1,0,0,0,1,1,0,1,1,1,1,-1,1,-1,-1,1,0,1,-1",,,3,0,0,0,0
"1,-1,1,1,1,-1,1,1,-1,1,1,1,1,0,0,0,1,1,0,1,1,1,1,-1,1,1,1,1,0,1,1",,,3,0,0,0,0
"-1,1,1,1,1,-1,1,1,-1,-1,1,1,1,0,0,0,1,1,0,1,1,-1,1,1,1,1,1,1,1,1,1",,,3,0,0,0,0
"-1,-1,1,-1,1,1,1,1,-1,-1,1,-1,1,1,1,-1,1,-1,0,-1,1,-1,1,-1,1,1,-1,1,-1,1,1",,,3,0,0,0,0
"1,-1,1,1,1,-1,-1,1,-1,1,1,1,1,0,1,0,1,1,0,1,1,1,1,-1,1,1,-1,1,0,1,1",,,3,0,0,0,0
"-1,-1,1,1,1,-1,1,-1,-1,1,1,1,1,-1,-1,-1,1,1,0,1,1,1,1,-1,1,0,1,1,0,1,-1",,,3,0,0,0,0
"1,-1,1,1,1,-1,1,1,-1,1,1,1,1,0,-1,1,1,1,1,1,1,1,1,-1,1,1,1,1,0,1,1",,,3,0,0,0,0
"-1,1,-1,-1,-1,-1,-1,1,-1,-1,-1,-1,-1,0,1,1,-1,-1,0,-1,1,-1,1,1,-1,-1,-1,-1,1,1,1",,,3,0,0,0,0
"-1,1,-1,1,1,-1,0,-1,1,1,1,1,-1,-1,-1,-1,1,1,1,1,1,1,1,-1,1,0,-1,1,1,1,-1",,,3,0,0,0,0
"1,1,1,1,1,-1,0,-1,-1,1,1,1,1,-1,-1,-1,1,1,0,1,1,1,1,1,1,-1,-1,1,0,1,-1",,,3,0,0,0,0
"-1,-1,1,1,1,-1,0,-1,-1,1,1,1,-1,-1,1,-1,1,1,0,1,1,1,1,-1,1,-1,-1,1,1,-1,-1",,,3,0,0,0,0
"-1,1,-1,1,-1,-1,1,0,-1,1,1,-1,1,-1,0,0,1,-1,0,1,1,1,1,1,-1,1,1,-1,1,1,-1",,,3,0,0,0,0
"1,-1,1,1,1,-1,1,1,-1,1,1,1,1,0,0,1,1,1,0,1,1,1,1,-1,1,1,1,1,0,1,1",,,3,0,0,0,0
"-1,0,1,-1,1,-1,0,0,1,1,1,1,-1,-1,-1,-1,-1,-1,0,1,1,1,1,-1,1,1,1,1,1,-1,-1",,,3,0,0,0,0
"-1,-1,1,1,1,-1,0,-1,1,1,1,1,-1,-1,0,-1,1,1,0,1,1,1,1,-1,1,-1,1,1,1,-1,-1",,,3,0,0,0,0
"-1,-1,-1,1,-1,-1,0,1,-1,1,1,-1,-1,0,-1,0,1,-1,0,1,1,1,1,-1,-1,1,1,-1,1,1,1",,,3,0,0,0,0
"-1,-1,1,-1,1,-1,0,-1,1,1,1,1,-1,-1,-1,-1,1,1,0,1,1,1,1,-1,1,0,1,1,1,1,-1",,,3,0,0,0,0
"-1,-1,1,-1,1,-1,0,-1,-1,1,1,1,-1,-1,-1,-1,1,1,1,1,1,1,1,-1,1,-1,1,1,0,1,-1",,,3,0,0,0,0
"-1,1,1,-1,1,-1,0,1,-1,1,1,1,1,-1,-1,-1,1,1,1,1,1,1,1,1,1,0,1,1,0,1,-1",,,3,0,0,0,0
"1,-1,-1,1,-1,1,1,1,1,1,1,-1,1,0,0,-1,1,1,0,1,1,1,1,-1,-1,1,1,1,1,1,1",,,3,0,0,0,0
"-1,-1,1,1,1,1,-1,1,-1,1,1,1,1,0,0,-1,1,1,0,1,1,1,1,-1,1,1,-1,1,-1,1,1",,,3,0,0,0,0
"-1,-1,1,1,1,-1,-1,1,-1,1,1,1,1,0,1,-1,-1,1,0,1,1,1,1,-1,1,1,-1,1,-1,1,1",,,3,0,0,0,0
"-1,-1,1,1,1,-1,0,1,1,1,1,1,1,-1,-1,-1,1,1,0,1,1,1,1,-1,1,0,1,1,0,1,-1",,,3,0,0,0,0
"-1,-1,1,1,1,-1,0,-1,1,-1,1,1,-1,-1,1,-1,1,1,0,-1,1,-1,1,-1,1,-1,1,1,1,1,-1",,,3,0,0,0,0
"-1,-1,1,-1,1,-1,0,-1,1,-1,-1,1,-1,-1,0,0,-1,1,0,-1,-1,-1,-1,-1,1,-1,1,1,0,1,-1",,,3,0,0,0,0
"-1,-1,1,-1,1,-1,1,1,-1,-1,-1,1,1,1,1,-1,-1,-1,0,-1,1,-1,-1,-1,1,1,1,1,1,1,1",,,3,0,0,0,0
"-1,-1,1,1,1,-1,1,0,-1,1,1,1,1,-1,-1,-1,1,1,0,1,1,1,1,-1,1,-1,1,1,1,1,-1",,,3,0,0,0,0
"-1,-1,1,1,1,-1,-1,1,1,1,1,1,-1,0,0,0,1,1,0,1,1,1,1,-1,1,1,1,1,0,1,1",,,3,0,0,0,0
"1,-1,1,1,1,-1,0,-1,-1,1,1,1,1,-1,0,-1,1,1,0,1,1,1,1,-1,1,1,1,1,0,-1,-1",,,3,0,0,0,0
"-1,-1,1,1,1,-1,1,1,-1,-1,-1,1,1,0,0,-1,-1,1,0,1,1,-1,1,-1,1,1,-1,1,0,1,1",,,3,0,0,0,0
"-1,-1,1,1,1,-1,0,0,1,-1,-1,1,1,-1,1,-1,-1,1,0,1,1,-1,1,-1,1,1,1,1,1,-1,-1",,,3,0,0,0,0
"-1,-1,-1,1,-1,-1,1,1,-1,1,1,-1,1,0,-1,0,1,-1,0,1,1,1,1,-1,-1,1,-1,-1,1,1,1",,,3,0,0,0,0
"1,-1,1,1,1,1,1,1,-1,1,1,1,1,0,1,-1,1,1,0,1,1,1,1,-1,1,1,1,1,0,-1,1",,,3,0,0,0,0
"-1,-1,1,1,1,-1,-1,1,1,1,1,1,-1,1,-1,-1,1,1,0,1,1,1,1,-1,1,1,-1,1,1,1,1",,,3,0,0,0,0
"1,-1,1,1,1,-1,1,1,-1,1,1,1,-1,1,-1,1,1,1,0,1,1,1,1,-1,1,0,1,1,0,1,1",,,3,0,0,0,0
"-1,-1,1,1,1,-1,0,0,1,1,1,1,-1,-1,-1,-1,1,1,0,1,1,1,1,-1,1,-1,1,1,1,1,-1",,,3,0,0,0,0
"1,-1,1,1,1,-1,0,0,1,-1,1,-1,-1,-1,0,-1,1,1,0,-1,1,-1,1,-1,1,-1,-1,1,1,-1,-1",,,3,0,0,0,0
"-1,-1,1,1,1,-1,1,0,-1,1,1,1,-1,-1,0,0,1,1,0,1,1,1,1,-1,1,0,-1,1,1,-1,-1",,,3,0,0,0,0
"-1,1,1,1,1,1,1,1,-1,1,1,1,1,1,0,-1,1,1,0,1,1,1,1,1,1,1,-1,1,1,1,1",,,3,0,0,0,0
"1,-1,1,1,1,-1,1,1,-1,1,1,1,1,1,0,-1,1,1,0,1,1,1,1,-1,1,0,1,1,0,1,1",,,3,0,0,0,0
"-1,-1,1,1,1,-1,1,0,-1,1,1,1,1,-1,0,-1,-1,1,0,1,1,1,1,-1,1,-1,-1,1,0,1,-1",,,3,0,0,0,0
"-1,-1,1,1,1,-1,1,-1,-1,1,1,1,1,0,1,-1,1,1,0,1,1,1,1,-1,1,-1,1,1,1,1,1",,,3,0,0,0,0
"1,-1,1,1,1,-1,1,0,1,1,1,1,-1,-1,0,-1,1,1,1,1,1,1,1,-1,1,-1,-1,1,0,1,-1",,,3,0,0,0,0
"1,-1,1,1,1,-1,1,1,-1,1,1,1,-1,1,-1,1,1,1,1,1,1,1,1,-1,1,0,1,1,0,1,1",,,3,0,0,0,0
"-1,-1,1,1,1,-1,0,-1,1,1,1,1,-1,-1,0,-1,1,1,0,1,1,1,1,-1,1,0,1,1,0,1,-1",,,3,0,0,0,0
"-1,-1,1,1,1,-1,0,-1,1,1,1,1,-1,-1,-1,-1,1,1,0,1,1,1,1,-1,1,0,1,1,1,1,-1",,,3,0,0,0,0
"-1,-1,1,1,1,-1,0,-1,-1,1,1,1,-1,-1,1,-1,1,1,0,1,1,1,1,-1,1,-1,-1,1,1,1,-1",,,3,0,0,0,0
"-1,-1,1,1,1,-1,0,-1,-1,1,1,1,-1,-1,0,1,1,1,0,1,1,1,1,-1,1,-1,-1,1,1,1,-1",,,3,0,0,0,0
"1,-1,1,1,1,-1,0,1,-1,1,1,-1,1,-1,-1,-1,1,1,0,1,1,1,1,-1,1,0,1,1,0,1,-1",,,3,0,0,0,0
"1,1,1,1,1,-1,-1,1,-1,-1,1,1,1,0,-1,0,1,1,0,-1,1,-1,1,1,1,1,-1,1,0,1,1",,,3,0,0,0,0
"1,-1,1,-1,1,-1,0,-1,-1,-1,-1,1,1,-1,0,-1,-1,1,0,-1,-1,-1,-1,-1,1,1,-1,1,0,1,-1",,,3,0,0,0,0
"1,-1,1,1,1,-1,0,-1,-1,1,1,1,1,-1,1,0,1,1,0,1,1,1,1,-1,1,-1,-1,1,1,1,-1",,,3,0,0,0,0
"1,-1,1,-1,1,-1,0,-1,1,1,1,1,-1,-1,0,-1,1,1,0,1,1,1,1,-1,1,0,-1,1,0,1,-1",,,3,0,0,0,0
"1,-1,1,1,1,-1,0,1,1,1,1,1,-1,0,0,1,1,1,0,1,1,1,1,-1,1,1,1,1,0,1,1",,,3,0,0,0,0
"-1,1,-1,-1,-1,-1,0,-1,-1,-1,1,-1,1,-1,1,-1,1,-1,0,-1,1,-1,1,1,-1,1,-1,1,1,1,-1",,,3,0,0,0,0
"1,-1,1,1,1,-1,-1,1,1,1,1,1,-1,1,1,1,1,1,0,1,1,1,1,-1,1,1,-1,1,0,1,1",,,3,0,0,0,0
"1,-1,1,1,1,-1,-1,-1,1,1,1,1,-1,0,1,0,1,1,0,1,1,1,1,-1,1,1,-1,1,0,1,1",,,3,0,0,0,0
"-1,-1,1,1,1,-1,-1,1,-1,1,1,1,1,0,1,0,1,1,0,1,1,1,1,-1,1,1,-1,1,1,1,1",,,3,0,0,0,0
"1,-1,1,-1,1,-1,0,1,-1,1,1,1,1,0,1,-1,1,1,0,1,1,1,1,-1,1,0,1,1,-1,1,-1",,,3,0,0,0,0
"1,-1,1,1,1,1,-1,1,-1,1,1,1,1,0,-1,-1,1,1,0,1,1,1,1,-1,1,0,-1,1,0,1,1",,,3,0,0,0,0
"-1,-1,1,-1,1,-1,0,1,-1,1,1,1,-1,0,1,-1,1,1,1,1,1,1,1,-1,1,0,-1,1,0,1,-1",,,3,0,0,0,0
"-1,1,-1,-1,1,-1,0,-1,-1,1,1,1,1,-1,-1,-1,-1,-1,1,1,1,1,1,-1,1,-1,1,1,0,-1,-1",,,3,0,0,0,0
"1,-1,-1,1,-1,-1,1,0,1,1,1,-1,-1,-1,1,-1,1,-1,0,1,1,1,1,-1,-1,-1,-1,-1,0,-1,-1",,,3,0,0,0,0
"1,-1,1,1,1,-1,0,-1,1,1,1,1,-1,1,-1,-1,1,1,0,1,1,1,1,-1,1,-1,-1,1,0,1,-1",,,3,0,0,0,0
"1,-1,1,1,1,1,1,1,1,1,1,1,-1,1,-1,-1,1,1,0,1,1,-1,1,-1,1,1,1,1,0,1,1",,,3,0,0,0,0
"1,-1,1,-1,1,-1,0,-1,1,-1,-1,1,-1,-1,0,-1,-1,1,0,-1,-1,-1,-1,-1,1,0,-1,1,0,1,-1",,,3,0,0,0,0
"-1,-1,1,1,1,1,0,1,-1,1,1,1,-1,1,0,-1,1,1,0,1,1,1,1,-1,1,1,-1,1,1,1,1",,,3,0,0,0,0
"1,-1,1,1,1,-1,1,1,-1,-1,1,1,1,0,0,-1,1,1,1,1,1,-1,1,-1,1,0,-1,1,0,1,1",,,3,0,0,0,0
"-1,-1,1,1,1,-1,1,-1,-1,1,1,1,1,0,-1,-1,1,1,1,1,1,1,1,-1,1,0,1,1,0,1,-1",,,3,0,0,0,0
"1,-1,1,1,1,-1,-1,-1,-1,1,1,1,1,0,1,-1,1,1,0,1,1,1,1,-1,1,1,-1,1,0,1,1",,,3,0,0,0,0
"-1,-1,1,1,1,-1,1,1,-1,1,1,1,1,1,-1,1,1,1,0,1,1,1,1,-1,1,1,1,1,1,1,1",,,3,0,0,0,0
"1,-1,1,1,1,-1,1,1,-1,1,1,-1,1,0,1,-1,1,1,0,1,1,1,1,-1,1,0,1,1,-1,1,1",,,3,0,0,0,0
"1,-1,1,1,1,-1,1,1,1,1,1,-1,-1,0,1,0,-1,1,0,1,1,1,1,-1,1,1,-1,1,0,1,1",,,3,0,0,0,0
"1,-1,1,1,1,-1,1,1,1,1,1,1,-1,0,-1,1,1,1,1,1,1,1,1,-1,1,1,1,1,0,1,1",,,3,0,0,0,0
"1,-1,1,1,1,-1,1,1,-1,1,1,1,1,0,-1,-1,1,1,0,1,1,1,1,-1,1,0,-1,1,0,1,1",,,3,0,0,0,0
"1,1,1,1,1,1,1,1,-1,1,1,1,1,0,-1,-1,1,1,0,1,1,1,1,1,1,0,1,1,0,1,1",,,3,0,0,0,0
"1,-1,1,-1,1,-1,1,-1,1,-1,-1,1,-1,-1,0,-1,-1,1,0,-1,-1,-1,-1,-1,1,0,1,1,0,-1,-1",,,3,0,0,0,0
"-1,-1,-1,1,-1,-1,1,1,-1,1,1,-1,1,1,-1,1,1,-1,0,1,1,1,1,-1,-1,1,-1,-1,1,1,1",,,3,0,0,0,0
"-1,-1,1,1,1,-1,-1,1,-1,1,1,1,1,0,-1,1,1,1,0,1,1,1,1,-1,1,1,1,1,1,1,1",,,3,0,0,0,0
"-1,-1,1,1,1,-1,0,1,-1,1,1,1,1,0,1,-1,1,1,0,1,1,1,1,-1,1,1,1,1,0,1,1",,,3,0,0,0,0
"-1,-1,1,1,1,-1,1,1,-1,1,1,1,1,0,1,1,1,1,0,1,1,1,1,-1,1,-1,1,1,1,1,1",,,3,0,0,0,0
"1,-1,1,1,1,-1,0,1,1,1,1,1,-1,1,1,-1,1,1,0,1,1,1,1,-1,1,1,-1,1,0,-1,1",,,3,0,0,0,0
"1,-1,1,-1,1,-1,0,1,-1,-1,-1,1,1,1,0,-1,-1,1,0,-1,-1,-1,-1,-1,1,1,-1,1,0,1,1",,,3,0,0,0,0
"-1,-1,1,-1,1,-1,0,-1,1,-1,-1,1,-1,-1,0,-1,-1,1,0,-1,1,-1,-1,-1,1,-1,1,1,0,1,-1",,,3,0,0,0,0
"-1,-1,1,1,1,-1,1,-1,1,1,1,1,1,0,0,-1,1,1,1,1,1,1,1,-1,1,1,1,1,1,1,-1",,,3,0,0,0,0
"1,1,-1,1,-1,-1,0,1,-1,1,1,-1,1,0,-1,1,1,-1,1,1,1,1,1,1,-1,1,1,-1,1,1,1",,,3,0,0,0,0
"1,-1,1,-1,1,-1,1,-1,-1,-1,-1,1,-1,-1,1,-1,-1,1,0,-1,1,-1,-1,-1,1,0,1,1,0,1,-1",,,3,0,0,0,0
"-1,1,-1,1,-1,-1,0,-1,-1,1,1,-1,1,0,-1,-1,1,1,0,1,1,1,1,1,-1,0,-1,-1,1,1,-1",,,3,0,0,0,0
"1,-1,1,1,1,-1,0,-1,1,-1,1,1,-1,-1,0,0,1,1,0,1,1,-1,1,-1,1,-1,-1,1,0,1,-1",,,3,0,0,0,0
"-1,-1,1,1,1,-1,0,1,1,1,1,1,-1,0,1,-1,-1,1,0,1,1,1,1,-1,1,-1,-1,1,1,1,1",,,3,0,0,0,0
"1,-1,1,1,1,-1,0,1,-1,1,1,1,-1,0,-1,-1,1,1,1,1,1,1,1,-1,1,0,-1,1,0,1,1",,,3,0,0,0,0
"1,1,1,1,1,-1,0,-1,-1,-1,1,1,1,0,0,-1,-1,1,0,-1,1,-1,1,1,1,1,-1,1,0,1,1",,,3,0,0,0,0
"1,-1,1,1,1,1,0,1,1,1,1,1,-1,0,-1,1,1,1,0,1,1,1,1,-1,1,1,-1,1,1,1,1",,,3,0,0,0,0
"-1,-1,1,1,1,-1,0,-1,-1,1,1,1,-1,-1,0,-1,-1,1,0,1,1,1,1,-1,1,-1,1,1,0,1,-1",,,3,0,0,0,0
"-1,-1,1,1,1,-1,0,-1,-1,1,1,1,-1,-1,0,-1,1,1,0,1,1,1,1,-1,1,-1,-1,1,0,-1,-1",,,3,0,0,0,0
"1,-1,1,1,1,-1,0,-1,1,1,1,1,-1,0,-1,-1,1,1,0,1,1,1,1,-1,1,1,1,1,0,1,-1",,,3,0,0,0,0
"-1,-1,1,1,1,-1,1,-1,1,1,1,-1,-1,-1,-1,-1,1,1,0,1,1,1,1,-1,1,-1,1,1,1,1,-1",,,3,0,0,0,0
"1,-1,1,1,1,-1,1,1,-1,1,1,1,-1,1,0,-1,1,1,0,1,1,1,1,-1,1,1,1,1,0,1,1",,,3,0,0,0,0
"-1,-1,1,1,1,-1,0,-1,1,1,1,1,-1,-1,0,-1,1,1,1,1,1,1,1,-1,1,-1,1,1,1,-1,-1",,,3,0,0,0,0
"-1,1,1,1,1,-1,0,-1,-1,1,1,1,1,-1,1,-1,1,1,0,1,1,1,1,1,1,-1,-1,1,1,1,-1",,,3,0,0,0,0
"-1,-1,1,1,1,-1,0,-1,1,1,1,1,-1,-1,-1,-1,1,1,0,1,1,1,1,-1,1,-1,-1,1,0,1,-1",,,3,0,0,0,0
"1,-1,1,1,1,-1,1,1,1,1,1,1,-1,0,0,1,1,1,0,1,1,1,1,-1,1,1,-1,1,0,1,1",,,3,0,0,0,0
"1,-1,1,1,1,-1,0,1,1,1,1,1,-1,0,0,1,1,1,0,1,1,1,1,-1,1,-1,-1,1,0,1,1",,,3,0,0,0,0
"-1,-1,1,1,1,-1,1,-1,1,1,1,1,-1,-1,0,-1,1,1,0,1,1,1,1,-1,1,-1,1,1,0,1,-1",,,3,0,0,0,0
"-1,-1,-1,-1,-1,-1,0,0,1,-1,-1,-1,-1,-1,1,-1,-1,-1,0,-1,1,-1,1,-1,-1,-1,-1,-1,1,1,-1",,,3,0,0,0,0
"1,-1,1,1,1,-1,1,-1,-1,1,1,1,1,0,1,-1,1,1,0,1,1,1,1,-1,1,0,-1,1,0,1,-1",,,3,0,0,0,0
"-1,-1,1,1,1,-1,1,1,-1,-1,1,1,1,0,1,-1,1,1,0,1,1,-1,-1,-1,1,0,1,1,1,1,1",,,3,0,0,0,0
"1,-1,1,1,1,-1,0,1,-1,1,1,1,1,0,-1,-1,1,1,0,1,1,1,1,-1,1,0,-1,1,1,1,1",,,3,0,0,0,0
"1,-1,1,1,1,-1,0,-1,1,1,1,1,-1,0,0,-1,1,1,1,1,1,1,1,-1,1,1,1,1,0,1,-1",,,3,0,0,0,0
"1,-1,1,1,1,-1,1,1,1,1,1,1,1,0,1,1,1,1,0,1,1,1,1,-1,1,1,1,1,0,-1,1",,,3,0,0,0,0
"1,-1,1,-1,1,-1,1,1,-1,-1,-1,1,1,0,-1,-1,-1,1,0,1,1,1,1,-1,1,1,1,1,0,1,1",,,3,0,0,0,0
"-1,-1,1,1,1,1,0,1,-1,1,1,1,1,0,-1,-1,1,1,0,1,1,1,1,-1,1,1,-1,1,1,1,1",,,3,0,0,0,0
"-1,-1,1,1,1,-1,0,-1,1,1,1,1,-1,0,-1,-1,1,1,0,1,1,1,1,-1,1,0,1,1,1,1,-1",,,3,0,0,0,0
"-1,-1,1,1,1,-1,0,-1,1,1,1,1,1,-1,0,-1,1,1,0,1,1,1,1,-1,1,0,1,1,0,1,-1",,,3,0,0,0,0
"1,-1,1,1,1,-1,0,1,1,1,1,1,-1,0,1,-1,1,1,0,1,1,1,1,-1,1,1,1,1,0,1,1",,,3,0,0,0,0
"-1,-1,1,1,1,-1,0,-1,1,1,1,1,1,-1,-1,-1,1,1,0,1,1,1,1,-1,1,-1,1,1,1,1,-1",,,3,0,0,0,0
"-1,-1,1,1,1,-1,0,1,-1,1,1,-1,1,0,1,-1,1,1,0,1,1,1,1,-1,1,-1,-1,1,0,1,1",,,3,0,0,0,0
"-1,-1,1,1,1,-1,-1,-1,1,1,1,1,-1,0,-1,-1,1,1,0,1,1,1,1,-1,1,1,1,1,1,1,-1",,,3,0,0,0,0
"-1,-1,-1,-1,1,1,1,1,1,1,1,1,-1,1,0,-1,-1,-1,0,1,1,1,1,-1,1,0,-1,1,0,1,1",,,3,0,0,0,0
"-1,-1,1,-1,1,-1,-1,-1,1,-1,-1,1,-1,-1,-1,-1,-1,1,0,-1,-1,-1,-1,-1,1,0,1,1,0,1,-1",,,3,0,0,0,0
"1,-1,1,1,1,-1,1,-1,1,1,1,1,1,-1,-1,-1,1,1,0,1,1,1,1,-1,1,-1,1,1,0,1,-1",,,3,0,0,0,0
"1,-1,1,1,1,-1,0,-1,1,1,1,1,-1,0,-1,-1,1,1,0,1,1,1,1,-1,1,1,-1,1,0,1,1",,,3,0,0,0,0
"-1,1,-1,-1,-1,-1,-1,-1,-1,1,1,-1,1,-1,1,0,1,-1,0,1,1,1,1,1,-1,-1,-1,-1,0,1,-1",,,3,0,0,0,0
"1,-1,1,-1,1,-1,-1,-1,-1,1,1,1,1,-1,-1,-1,1,1,0,1,1,1,1,-1,1,-1,1,1,0,1,-1",,,3,0,0,0,0
"1,-1,1,1,1,-1,0,-1,1,1,1,1,-1,0,0,-1,1,1,0,1,1,1,1,-1,1,1,-1,1,0,1,1",,,3,0,0,0,0
"1,-1,1,-1,1,-1,0,-1,1,1,1,1,1,-1,1,-1,-1,-1,0,1,1,1,1,-1,1,1,1,1,1,1,-1",,,3,0,0,0,0
"1,-1,1,1,1,-1,0,-1,-1,1,1,1,1,-1,-1,-1,1,1,0,1,1,1,1,-1,1,0,1,1,0,1,-1",,,3,0,0,0,0
"-1,1,1,1,1,-1,0,1,-1,1,1,1,1,0,0,1,1,1,0,1,1,1,1,1,1,1,-1,1,0,1,1",,,3,0,0,0,0
"-1,-1,-1,1,-1,-1,0,-1,1,-1,-1,-1,-1,-1,-1,-1,-1,-1,0,1,1,-1,-1,-1,-1,0,1,-1,1,1,-1",,,3,0,0,0,0
"1,-1,1,1,1,-1,1,0,-1,1,1,1,1,-1,-1,-1,1,1,0,1,1,1,1,-1,1,-1,-1,1,0,1,-1",,,3,0,0,0,0
"1,-1,1,-1,1,1,1,1,-1,-1,-1,1,1,1,0,-1,-1,1,0,-1,1,-1,-1,-1,1,1,1,1,0,1,1",,,3,0,0,0,0
"1,-1,1,1,1,-1,1,1,-1,1,1,1,1,0,1,-1,1,1,0,1,1,1,1,-1,1,1,-1,1,0,1,1",,,3,0,0,0,0
"-1,-1,1,1,1,-1,0,-1,-1,1,1,1,-1,0,-1,-1,1,1,0,1,1,1,1,-1,1,1,1,1,0,1,-1",,,3,0,0,0,0
"1,-1,1,1,1,-1,0,1,1,1,1,1,-1,1,1,1,1,1,0,1,1,1,1,-1,1,1,-1,1,0,1,1",,,3,0,0,0,0
"-1,-1,1,1,1,-1,0,0,-1,1,1,1,1,-1,-1,-1,1,1,0,1,1,1,1,-1,1,-1,-1,1,-1,1,-1",,,3,0,0,0,0
"1,-1,1,1,1,1,1,1,-1,1,1,1,1,1,1,-1,1,1,0,1,1,1,1,-1,1,1,-1,1,-1,1,1",,,3,0,0,0,0
"-1,-1,1,1,1,-1,0,1,-1,1,1,1,-1,0,0,1,1,1,0,1,1,1,1,-1,1,1,-1,1,1,1,1",,,3,0,0,0,0
"1,-1,1,1,1,-1,1,1,1,1,1,1,-1,1,0,0,1,1,0,1,1,1,1,-1,1,-1,1,1,0,1,1",,,3,0,0,0,0
"-1,-1,1,1,1,-1,0,1,-1,1,1,1,-1,0,0,-1,1,1,0,1,1,1,1,-1,1,-1,1,1,1,1,1",,,3,0,0,0,0
"-1,-1,1,1,-1,-1,1,-1,1,1,1,1,-1,0,-1,-1,1,1,0,1,1,1,1,-1,1,1,-1,1,0,1,-1",,,3,0,0,0,0
"-1,-1,1,1,1,-1,0,0,1,1,1,1,-1,0,-1,0,1,1,0,1,1,1,1,-1,1,-1,-1,1,1,1,-1",,,3,0,0,0,0
"-1,1,-1,1,-1,-1,1,1,-1,1,1,-1,1,1,-1,-1,1,-1,0,1,1,1,1,1,-1,1,-1,-1,1,1,1",,,3,0,0,0,0
"-1,-1,1,1,1,-1,0,0,1,1,1,1,-1,-1,-1,-1,1,1,1,1,1,1,1,-1,1,-1,-1,1,0,1,-1",,,3,0,0,0,0
"-1,-1,-1,-1,-1,-1,1,1,-1,1,1,-1,1,0,-1,0,1,-1,0,1,1,1,1,-1,-1,1,-1,-1,1,1,1",,,3,0,0,0,0
"-1,1,1,1,1,-1,-1,-1,-1,1,1,1,1,-1,-1,-1,1,1,0,1,1,1,1,1,1,-1,1,1,1,1,-1",,,3,0,0,0,0
"-1,1,1,1,1,-1,1,1,1,1,1,1,1,0,0,-1,1,1,0,1,1,1,1,1,1,0,-1,1,1,1,1",,,3,0,0,0,0
"1,-1,1,1,1,-1,1,1,-1,1,1,1,1,0,0,1,1,1,1,1,1,1,1,-1,1,1,1,1,0,1,1",,,3,0,0,0,0
"-1,-1,1,-1,1,-1,0,0,1,1,1,-1,-1,0,-1,-1,1,-1,0,1,1,1,1,-1,1,0,-1,1,1,1,-1",,,3,0,0,0,0
"1,-1,1,-1,1,1,1,1,1,-1,-1,1,-1,1,0,-1,-1,1,0,-1,1,-1,-1,-1,1,1,1,1,0,1,1",,,3,0,0,0,0
"-1,-1,-1,-1,-1,-1,0,-1,-1,1,1,-1,1,-1,-1,0,1,-1,0,1,1,-1,1,-1,-1,-1,-1,-1,1,1,-1",,,3,0,0,0,0
"1,1,1,-1,1,-1,0,1,-1,-1,-1,1,1,0,0,1,-1,1,0,1,1,1,1,1,1,1,-1,1,0,1,1",,,3,0,0,0,0
"-1,-1,-1,-1,-1,-1,1,1,-1,1,1,-1,1,0,0,-1,1,-1,0,1,1,1,1,-1,-1,1,1,1,-1,1,1",,,3,0,0,0,0
"-1,-1,1,1,1,-1,0,-1,1,1,1,1,-1,0,-1,-1,1,1,0,1,1,1,1,-1,1,1,1,1,1,1,-1",,,3,0,0,0,0
"-1,-1,1,1,1,-1,1,-1,-1,1,1,1,1,0,0,-1,1,1,0,1,1,-1,1,-1,1,0,1,1,1,1,1",,,3,0,0,0,0
"-1,-1,-1,-1,-1,-1,1,0,1,-1,-1,-1,-1,-1,-1,-1,-1,-1,0,1,1,-1,1,-1,-1,-1,-1,-1,1,1,-1",,,3,0,0,0,0
"1,-1,1,1,1,-1,0,0,-1,1,1,1,1,0,-1,-1,1,1,0,1,1,1,1,-1,1,0,1,1,0,1,-1",,,3,0,0,0,0
"1,-1,1,1,1,-1,1,1,-1,1,1,1,1,1,1,-1,1,1,0,1,1,1,1,-1,1,1,1,1,0,1,1",,,3,0,0,0,0
"-1,-1,1,1,1,-1,0,-1,1,1,1,1,-1,-1,-1,0,1,1,0,1,1,1,1,-1,1,-1,1,1,0,1,-1",,,3,0,0,0,0
"-1,-1,1,-1,1,-1,0,1,-1,-1,-1,1,1,0,1,-1,-1,1,0,-1,-1,-1,-1,-1,1,1,-1,1,1,1,1",,,3,0,0,0,0
"1,1,1,1,1,-1,1,1,-1,1,1,1,1,0,1,1,1,1,0,1,1,1,1,1,1,1,-1,1,0,-1,1",,,3,0,0,0,0
"-1,-1,1,1,1,-1,0,1,-1,1,1,1,1,0,1,1,1,1,0,1,1,1,1,-1,1,1,-1,1,0,1,1",,,3,0,0,0,0
"-1,0,1,1,1,-1,0,-1,1,-1,1,1,-1,-1,0,0,1,1,0,-1,1,-1,1,-1,1,0,1,1,0,1,-1",,,3,0,0,0,0
"-1,-1,-1,1,-1,-1,0,1,-1,1,1,-1,1,1,-1,-1,1,-1,0,1,1,1,1,-1,-1,1,1,-1,1,1,1",,,3,0,0,0,0
"1,1,1,-1,1,-1,1,0,-1,-1,-1,1,1,-1,0,-1,-1,1,0,1,1,-1,1,1,1,0,-1,1,0,1,-1",,,3,0,0,0,0
"1,-1,1,1,1,-1,1,1,-1,1,1,1,1,1,-1,-1,1,1,0,1,1,1,1,-1,1,1,1,1,1,1,1",,,3,0,0,0,0
"-1,-1,1,1,1,1,1,1,-1,-1,-1,1,1,0,0,-1,-1,1,1,-1,1,-1,1,-1,1,1,1,1,1,1,1",,,3,0,0,0,0
"1,1,1,-1,1,-1,0,1,-1,-1,-1,1,1,0,0,0,-1,1,0,-1,1,-1,-1,1,1,1,1,1,1,1,1",,,3,0,0,0,0
"1,-1,1,1,1,1,1,1,-1,1,1,1,1,1,0,-1,1,1,0,1,1,1,1,-1,1,1,1,1,0,1,1",,,3,0,0,0,0
"1,-1,1,1,1,-1,0,-1,-1,1,1,1,1,0,-1,-1,1,1,0,1,1,1,1,-1,1,1,1,1,0,1,-1",,,3,0,0,0,0
"-1,-1,1,1,1,-1,1,1,-1,1,1,1,1,0,0,-1,-1,1,0,1,1,1,1,-1,1,1,-1,1,-1,1,1",,,3,0,0,0,0
"-1,-1,1,1,1,-1,0,0,-1,1,1,1,1,0,-1,-1,1,1,0,1,1,1,1,-1,1,0,1,1,0,1,-1",,,3,0,0,0,0
"-1,-1,1,1,1,-1,0,1,-1,1,1,1,1,-1,-1,-1,1,1,0,1,1,1,1,-1,1,0,1,1,0,1,-1",,,3,0,0,0,0
"1,-1,1,1,1,-1,1,1,1,1,1,1,-1,0,0,-1,1,1,0,1,1,1,1,-1,1,1,-1,1,0,1,1",,,3,0,0,0,0
"1,-1,1,1,1,-1,0,-1,1,1,1,1,-1,0,-1,-1,1,1,1,1,1,1,1,-1,1,0,1,1,0,1,-1",,,3,0,0,0,0
"1,-1,1,1,1,1,1,1,1,1,1,1,-1,1,1,1,1,1,0,1,1,1,1,-1,1,1,-1,1,0,-1,1",,,3,0,0,0,0
"1,-1,1,1,1,1,0,1,1,1,1,1,-1,1,1,-1,1,1,0,1,1,1,1,-1,1,1,-1,1,0,-1,1",,,3,0,0,0,0
"-1,1,1,1,1,-1,1,0,-1,1,1,1,1,-1,0,-1,1,1,0,1,1,1,1,1,1,-1,-1,1,0,-1,-1",,,3,0,0,0,0
"-1,1,-1,-1,-1,-1,1,1,-1,1,1,-1,1,0,-1,-1,1,-1,0,1,1,1,1,1,-1,0,-1,-1,1,1,-1",,,3,0,0,0,0
"-1,1,1,-1,1,-1,1,0,-1,1,1,1,1,-1,0,-1,1,1,0,1,1,1,1,1,1,-1,1,1,1,1,-1",,,3,0,0,0,0
"1,-1,1,1,1,-1,0,-1,1,1,1,1,-1,-1,0,-1,1,1,0,1,1,1,1,-1,1,-1,1,1,1,1,-1",,,3,0,0,0,0
"1,1,1,1,1,-1,1,0,-1,1,1,1,1,0,0,-1,1,1,0,1,1,1,1,-1,1,1,1,1,-1,1,1",,,3,0,0,0,0
"1,-1,1,1,1,-1,1,0,-1,1,1,1,1,0,-1,-1,1,1,0,1,1,1,1,-1,1,1,1,1,0,1,1",,,3,0,0,0,0
"1,-1,1,1,1,-1,1,1,-1,1,1,1,-1,0,-1,1,1,1,0,1,1,1,1,-1,1,1,-1,1,0,1,1",,,3,0,0,0,0
"1,-1,-1,1,-1,-1,1,1,1,1,1,-1,-1,0,1,-1,1,-1,0,1,1,1,1,-1,-1,-1,1,-1,0,1,1",,,3,0,0,0,0
"-1,-1,1,1,1,-1,1,0,1,1,1,1,-1,1,-1,-1,1,1,1,1,1,1,1,-1,1,-1,1,1,1,1,-1",,,3,0,0,0,0
"-1,1,-1,1,-1,-1,-1,1,-1,1,1,-1,1,1,-1,-1,1,-1,0,1,1,1,1,1,-1,1,-1,-1,1,1,1",,,3,0,0,0,0
"1,-1,1,1,1,-1,0,1,-1,1,1,1,1,0,1,0,1,1,0,1,1,1,1,-1,1,1,1,1,0,1,1",,,3,0,0,0,0
"-1,-1,1,-1,1,-1,0,-1,-1,-1,-1,1,1,-1,0,-1,-1,1,0,-1,1,-1,-1,-1,1,0,1,1,1,1,-1",,,3,0,0,0,0
"-1,-1,1,-1,1,1,0,1,1,-1,-1,1,-1,1,1,-1,-1,1,0,-1,1,-1,-1,-1,1,1,-1,1,1,1,1",,,3,0,0,0,0
"-1,-1,1,1,1,-1,1,1,-1,1,1,1,-1,0,1,-1,1,1,0,1,1,1,1,-1,1,-1,1,1,1,1,1",,,3,0,0,0,0
"-1,-1,1,-1,1,-1,0,0,-1,-1,-1,1,1,-1,-1,-1,-1,1,0,-1,-1,-1,-1,-1,1,1,-1,1,1,1,-1",,,3,0,0,0,0
"1,-1,1,1,1,-1,1,1,-1,1,1,1,-1,0,0,-1,1,1,0,1,1,1,1,-1,1,1,1,1,0,1,1",,,3,0,0,0,0
"-1,-1,1,1,-1,-1,0,-1,1,1,1,-1,-1,0,-1,-1,1,1,0,1,1,1,1,-1,1,1,-1,-1,1,1,-1",,,3,0,0,0,0
"1,-1,1,1,1,-1,-1,1,-1,1,1,1,-1,0,1,1,1,1,0,1,1,1,1,-1,1,1,-1,1,0,1,1",,,3,0,0,0,0
"1,-1,1,1,1,-1,1,1,-1,1,1,1,1,1,1,1,1,1,1,1,1,1,1,-1,1,1,-1,1,0,1,1",,,3,0,0,0,0
"1,-1,1,1,1,-1,1,1,-1,1,1,1,1,1,0,1,1,1,0,1,1,1,1,-1,1,1,-1,1,0,1,1",,,3,0,0,0,0
"-1,-1,1,1,1,1,-1,1,1,1,1,1,-1,1,-1,1,1,1,0,1,1,1,1,-1,1,1,-1,1,1,1,1",,,3,0,0,0,0
"1,1,1,-1,1,-1,1,0,-1,-1,-1,1,1,-1,1,-1,-1,1,0,-1,1,-1,-1,1,1,-1,-1,1,0,1,-1",,,3,0,0,0,0
"-1,-1,1,1,1,-1,0,-1,1,1,1,1,1,-1,0,-1,1,1,1,1,1,1,1,-1,1,-1,-1,1,1,-1,-1",,,3,0,0,0,0
"1,-1,1,1,1,-1,0,1,-1,1,1,-1,1,0,1,-1,1,1,0,1,1,1,1,-1,1,1,1,1,0,1,1",,,3,0,0,0,0
"-1,1,1,-1,1,-1,-1,1,-1,-1,-1,1,1,0,0,0,-1,1,0,-1,1,-1,-1,1,1,1,-1,1,1,1,1",,,3,0,0,0,0
"1,-1,1,-1,1,-1,0,1,1,1,1,-1,-1,0,-1,-1,1,-1,0,1,1,1,1,-1,1,0,1,1,1,1,-1",,,3,0,0,0,0
"1,1,1,1,1,-1,-1,1,-1,1,1,1,1,0,0,0,1,1,0,1,1,1,1,1,1,1,-1,1,0,1,1",,,3,0,0,0,0
"1,-1,1,-1,1,-1,0,1,-1,-1,-1,1,1,0,-1,-1,-1,1,0,-1,-1,-1,-1,-1,1,1,-1,1,0,1,1",,,3,0,0,0,0
"1,-1,1,1,1,-1,1,1,-1,1,1,1,1,0,0,-1,-1,1,0,1,1,1,1,-1,1,1,-1,1,-1,1,1",,,3,0,0,0,0
"1,-1,1,1,1,-1,1,1,-1,1,1,1,1,1,0,1,1,1,0,1,1,1,1,-1,1,1,1,1,0,1,1",,,3,0,0,0,0
"-1,-1,-1,1,-1,-1,0,1,-1,1,1,-1,1,0,1,1,1,-1,0,1,1,1,1,-1,-1,1,-1,-1,1,1,1",,,3,0,0,0,0
"-1,-1,-1,-1,-1,-1,0,-1,1,-1,-1,-1,-1,-1,1,-1,-1,-1,0,1,1,-1,-1,-1,-1,1,1,-1,1,1,-1",,,3,0,0,0,0
"-1,1,1,1,1,-1,0,-1,-1,1,1,1,1,-1,0,-1,1,1,1,1,1,1,1,1,1,-1,-1,1,1,-1,-1",,,3,0,0,0,0
"-1,-1,1,1,1,-1,1,1,-1,-1,1,-1,1,1,-1,-1,1,1,0,-1,1,-1,1,-1,1,1,-1,1,-1,1,1",,,3,0,0,0,0
"-1,-1,1,1,1,-1,0,-1,1,1,1,1,-1,0,-1,-1,1,1,1,1,1,1,1,-1,1,1,-1,1,0,1,-1",,,3,0,0,0,0
"-1,-1,1,1,1,-1,0,-1,-1,1,1,1,1,0,-1,1,1,1,0,1,1,1,1,-1,1,-1,1,1,1,1,-1",,,3,0,0,0,0
"-1,-1,1,-1,1,-1,1,1,-1,-1,-1,1,1,0,1,1,-1,1,0,1,-1,-1,-1,-1,1,1,-1,1,1,1,1",,,3,0,0,0,0
"1,1,1,1,1,-1,1,1,-1,1,1,1,1,0,0,0,1,1,0,1,1,1,1,1,1,1,1,1,0,1,1",,,3,0,0,0,0
"-1,1,1,-1,1,-1,1,1,1,1,1,-1,-1,0,-1,1,-1,-1,0,1,1,1,1,-1,1,-1,-1,1,-1,1,1",,,3,0,0,0,0
"-1,-1,1,1,1,-1,1,0,1,1,1,1,-1,-1,0,-1,1,1,1,1,1,1,1,-1,1,-1,1,1,0,1,-1",,,3,0,0,0,0
"1,-1,-1,1,-1,1,1,1,-1,1,1,-1,1,1,-1,-1,1,-1,0,1,1,1,1,-1,-1,1,-1,-1,1,1,1",,,3,0,0,0,0
"1,-1,1,1,1,-1,1,1,-1,1,1,1,1,0,0,1,1,1,0,1,1,1,1,-1,1,1,-1,1,0,1,1",,,3,0,0,0,0
"1,-1,1,1,1,-1,1,-1,-1,1,1,1,1,0,0,-1,1,1,0,1,1,1,1,-1,1,0,1,1,0,1,-1",,,3,0,0,0,0
"-1,-1,1,1,1,-1,0,-1,-1,1,1,1,1,-1,-1,-1,1,1,0,1,1,1,1,-1,1,-1,1,1,1,1,-1",,,3,0,0,0,0
"1,-1,1,1,1,-1,0,0,1,1,1,1,1,0,-1,-1,1,1,0,1,1,1,1,-1,1,0,1,1,0,1,-1",,,3,0,0,0,0
"-1,1,-1,-1,-1,-1,0,0,-1,1,1,-1,1,-1,1,-1,1,-1,0,1,1,1,1,1,-1,1,-1,-1,1,1,-1",,,3,0,0,0,0
"-1,-1,1,-1,1,-1,0,-1,1,1,1,1,-1,0,-1,-1,1,1,1,1,1,1,1,-1,1,1,1,1,1,1,-1",,,3,0,0,0,0
"-1,-1,-1,-1,-1,-1,-1,1,-1,1,1,-1,1,1,0,-1,-1,-1,0,1,1,1,1,-1,-1,1,-1,-1,-1,1,1",,,3,0,0,0,0
"-1,-1,1,1,1,-1,0,-1,-1,1,1,1,-1,-1,0,-1,1,1,0,1,1,1,1,-1,1,0,1,1,0,1,-1",,,3,0,0,0,0
"-1,-1,-1,-1,1,-1,0,0,-1,1,1,-1,1,0,-1,-1,-1,-1,0,1,1,1,1,-1,1,0,1,1,1,1,-1",,,3,0,0,0,0
"-1,1,-1,1,-1,-1,0,-1,-1,1,1,-1,1,-1,-1,-1,1,-1,0,1,1,1,1,1,-1,1,1,-1,1,1,-1",,,3,0,0,0,0
"1,-1,1,1,1,1,0,-1,-1,1,1,1,1,0,0,-1,1,1,0,1,1,1,1,-1,1,1,-1,1,0,1,1",,,3,0,0,0,0
"-1,-1,-1,1,-1,1,0,1,-1,1,1,-1,1,1,0,-1,1,-1,0,1,1,1,1,-1,-1,1,-1,-1,1,1,1",,,3,0,0,0,0
"1,1,1,1,1,-1,0,-1,-1,1,1,1,1,-1,-1,-1,1,1,0,1,1,1,1,1,1,0,-1,1,0,1,-1",,,3,0,0,0,0
"-1,-1,-1,-1,-1,-1,-1,1,1,1,1,-1,-1,1,-1,-1,1,-1,0,1,1,1,1,-1,-1,1,-1,-1,1,1,1",,,3,0,0,0,0
"-1,-1,-1,1,1,-1,0,0,1,1,1,1,-1,-1,0,-1,1,1,0,1,1,1,1,-1,1,-1,-1,1,0,-1,-1",,,3,0,0,0,0
"-1,-1,1,1,1,-1,1,0,-1,-1,1,1,1,-1,1,-1,1,1,0,1,1,-1,1,-1,1,1,-1,1,1,1,-1",,,3,0,0,0,0
"-1,-1,-1,1,-1,-1,1,1,-1,1,1,-1,1,0,0,0,1,-1,0,1,1,1,1,-1,-1,1,-1,-1,1,1,1",,,3,0,0,0,0
"-1,1,1,1,1,-1,1,1,-1,-1,1,1,1,0,0,0,1,1,0,-1,1,-1,1,1,1,1,1,1,-1,1,1",,,3,0,0,0,0
"-1,-1,1,-1,1,-1,0,-1,-1,-1,-1,1,-1,-1,0,-1,-1,1,1,1,1,-1,1,-1,1,-1,1,1,0,1,-1",,,3,0,0,0,0
"1,-1,1,1,1,-1,1,0,-1,1,1,1,1,-1,-1,-1,1,1,0,1,1,1,1,-1,1,-1,1,1,0,1,-1",,,3,0,0,0,0
"1,-1,1,1,1,-1,1,0,-1,1,1,1,1,-1,1,-1,1,1,0,1,1,1,1,-1,1,1,-1,1,0,1,-1",,,3,0,0,0,0
"-1,-1,1,1,1,-1,0,1,1,1,1,1,-1,0,-1,0,1,1,0,1,1,1,1,-1,1,1,-1,1,1,1,1",,,3,0,0,0,0
"1,-1,1,1,1,-1,-1,1,1,1,1,1,-1,0,0,1,1,1,0,1,1,1,1,-1,1,-1,-1,1,0,1,1",,,3,0,0,0,0
"-1,-1,1,-1,1,1,1,1,-1,-1,-1,1,1,0,-1,-1,-1,1,0,-1,-1,-1,-1,-1,1,1,1,1,1,1,1",,,3,0,0,0,0
"1,-1,1,1,1,1,1,1,-1,1,1,1,1,1,1,-1,1,1,0,1,1,1,1,-1,1,1,1,1,0,-1,1",,,3,0,0,0,0
"1,1,1,1,1,-1,-1,1,-1,1,1,1,1,1,0,1,1,1,1,1,1,1,1,1,1,1,-1,1,0,1,1",,,3,0,0,0,0
"-1,-1,1,1,-1,-1,0,0,-1,1,1,-1,-1,0,-1,-1,1,1,0,1,1,1,1,-1,1,1,1,-1,0,1,-1",,,3,0,0,0,0
"1,-1,1,1,1,-1,-1,-1,-1,1,1,1,1,0,0,-1,1,1,0,1,1,1,1,-1,1,1,-1,1,0,1,1",,,3,0,0,0,0
"-1,-1,1,1,1,-1,0,-1,-1,1,1,1,1,-1,-1,-1,1,1,0,1,1,1,1,-1,1,-1,-1,1,0,1,-1",,,3,0,0,0,0
"-1,1,1,1,1,-1,-1,1,-1,1,1,1,-1,1,0,-1,1,1,0,1,1,1,1,1,1,-1,-1,1,1,1,1",,,3,0,0,0,0
"1,-1,1,1,1,-1,-1,1,1,1,1,1,-1,0,1,0,1,1,0,1,1,1,1,-1,1,1,-1,1,0,1,1",,,3,0,0,0,0
"1,1,1,1,1,-1,1,0,-1,1,1,1,1,-1,-1,-1,1,1,1,1,1,1,1,1,1,-1,-1,1,0,1,-1",,,3,0,0,0,0
"-1,-1,1,1,1,-1,0,-1,-1,1,1,1,1,-1,0,-1,1,1,0,1,1,1,1,-1,1,-1,1,1,1,-1,-1",,,3,0,0,0,0
"-1,-1,1,1,1,-1,-1,1,1,1,1,1,-1,0,1,1,1,1,0,1,1,1,1,-1,1,1,-1,1,1,1,1",,,3,0,0,0,0
"-1,-1,1,1,1,-1,0,-1,-1,1,1,1,-1,-1,-1,-1,1,1,0,1,1,1,1,-1,1,-1,1,1,0,-1,-1",,,3,0,0,0,0
"1,-1,1,1,1,-1,0,0,-1,1,1,1,1,-1,0,-1,1,1,0,1,1,1,1,-1,1,-1,-1,1,-1,-1,-1",,,3,0,0,0,0
"-1,-1,1,-1,1,1,-1,1,1,-1,-1,1,-1,1,-1,-1,-1,1,0,-1,-1,-1,-1,-1,1,1,1,1,1,1,1",,,3,0,0,0,0
"1,-1,1,1,1,-1,1,1,-1,1,1,1,-1,0,-1,1,1,1,0,1,1,1,1,-1,1,1,1,1,0,1,1",,,3,0,0,0,0
"-1,1,1,1,1,-1,0,-1,-1,1,1,1,1,-1,0,0,1,1,0,1,1,1,1,1,1,-1,-1,1,0,1,-1",,,3,0,0,0,0
"-1,-1,1,1,1,-1,0,-1,-1,1,1,1,1,-1,-1,-1,1,1,1,1,1,1,1,-1,1,-1,1,1,1,1,-1",,,3,0,0,0,0
"1,-1,1,1,1,-1,-1,1,1,1,1,1,-1,0,1,-1,1,1,0,1,1,1,1,-1,1,1,1,1,0,1,1",,,3,0,0,0,0
"-1,-1,1,1,1,-1,0,1,-1,1,1,1,1,0,0,0,1,1,0,1,1,1,1,-1,1,1,1,1,0,1,1",,,3,0,0,0,0
"1,-1,1,1,-1,-1,0,-1,-1,1,1,1,1,0,0,-1,-1,1,1,1,1,1,1,-1,1,0,1,-1,0,1,-1",,,3,0,0,0,0
"1,-1,1,1,1,-1,-1,1,1,1,1,1,-1,0,0,-1,1,1,0,1,1,1,1,-1,1,-1,1,1,0,1,1",,,3,0,0,0,0
"-1,1,1,1,1,-1,1,1,-1,1,1,1,1,1,1,1,1,1,0,1,1,1,1,1,1,1,-1,1,0,1,1",,,3,0,0,0,0
"1,-1,1,1,1,-1,-1,1,-1,1,1,1,1,0,0,1,1,1,1,1,1,1,1,-1,1,1,1,1,0,1,1",,,3,0,0,0,0
"-1,-1,1,1,1,-1,1,1,-1,1,1,1,1,1,1,1,1,1,1,1,1,1,1,-1,1,1,1,1,1,1,1",,,3,0,0,0,0
"1,-1,-1,1,-1,-1,0,-1,1,1,1,-1,-1,-1,1,-1,1,-1,0,1,1,1,1,-1,-1,-1,-1,-1,0,1,-1",,,3,0,0,0,0
"-1,-1,1,-1,1,-1,1,1,1,-1,-1,1,-1,0,1,-1,-1,1,0,-1,1,-1,-1,-1,1,1,1,1,1,1,-1",,,3,0,0,0,0
"-1,1,-1,1,1,-1,0,-1,1,1,1,1,-1,-1,-1,-1,1,1,0,1,1,1,1,-1,1,0,1,1,1,1,-1",,,3,0,0,0,0
"-1,-1,1,1,1,-1,1,-1,1,1,1,1,-1,-1,-1,-1,1,1,0,1,1,1,1,-1,1,0,1,1,0,1,-1",,,3,0,0,0,0
"-1,-1,1,1,1,-1,0,-1,1,1,1,1,-1,-1,0,-1,1,1,1,1,1,1,1,-1,1,-1,1,1,0,1,-1",,,3,0,0,0,0
"1,-1,1,-1,1,-1,1,1,-1,-1,-1,1,1,0,-1,0,-1,1,0,1,-1,-1,-1,-1,1,1,1,1,0,1,1",,,3,0,0,0,0
"-1,-1,1,1,1,-1,0,-1,-1,1,1,1,-1,-1,-1,1,1,1,1,1,1,1,1,-1,1,-1,1,1,0,-1,-1",,,3,0,0,0,0
"-1,0,1,1,1,-1,0,1,-1,-1,1,-1,-1,-1,-1,-1,1,1,0,-1,1,-1,-1,-1,1,0,1,1,0,-1,-1",,,3,0,0,0,0
"1,-1,1,1,1,1,0,1,-1,-1,1,1,1,1,0,-1,1,1,1,1,1,-1,1,-1,1,1,-1,1,0,1,1",,,3,0,0,0,0
"1,-1,1,1,1,-1,1,0,-1,-1,1,1,1,-1,0,-1,1,1,0,-1,1,-1,1,-1,1,0,1,1,0,1,-1",,,3,0,0,0,0
"-1,-1,1,1,1,-1,0,1,1,1,1,1,-1,-1,-1,-1,1,1,0,1,1,1,1,-1,1,-1,1,1,1,1,-1",,,3,0,0,0,0
"1,-1,1,-1,1,-1,0,-1,1,1,1,1,-1,-1,0,-1,1,1,0,1,1,1,1,-1,1,-1,1,1,0,-1,-1",,,3,0,0,0,0
"-1,-1,1,-1,1,-1,1,-1,1,1,1,-1,-1,-1,-1,-1,1,1,0,1,1,1,1,-1,1,-1,1,1,1,1,-1",,,3,0,0,0,0
"-1,-1,1,-1,1,-1,0,-1,1,-1,-1,1,-1,-1,0,-1,-1,1,0,1,1,-1,1,-1,1,-1,1,1,0,1,-1",,,3,0,0,0,0
"-1,1,1,-1,-1,-1,0,-1,-1,-1,-1,1,1,-1,-1,1,-1,-1,0,-1,1,-1,1,1,1,1,1,-1,-1,1,-1",,,3,0,0,0,0
"1,-1,1,1,1,-1,0,1,-1,1,1,1,1,0,1,0,1,1,0,1,1,1,1,-1,1,1,-1,1,0,1,1",,,3,0,0,0,0
"-1,-1,1,1,1,-1,0,1,-1,1,1,1,1,0,1,-1,1,1,0,1,1,1,1,-1,1,1,-1,1,1,1,1",,,3,0,0,0,0
"-1,1,-1,-1,-1,-1,1,-1,-1,1,1,-1,1,-1,1,-1,1,-1,0,-1,1,-1,1,1,-1,1,1,-1,0,-1,-1",,,3,0,0,0,0
"1,-1,1,1,1,-1,1,1,-1,1,1,1,-1,1,1,-1,1,1,0,1,1,1,1,-1,1,1,-1,1,0,1,1",,,3,0,0,0,0
"-1,-1,-1,1,-1,-1,1,1,-1,1,1,-1,1,0,-1,1,1,-1,0,1,1,1,1,-1,-1,1,-1,-1,1,1,1",,,3,0,0,0,0
"1,-1,1,-1,1,-1,0,-1,1,1,1,1,-1,-1,-1,-1,1,1,1,1,1,1,1,-1,1,-1,1,1,0,1,-1",,,3,0,0,0,0
"1,-1,1,1,-1,-1,0,0,1,1,1,1,-1,0,-1,-1,1,1,1,1,1,1,1,-1,1,-1,1,-1,1,1,-1",,,3,0,0,0,0
"-1,-1,1,1,1,-1,0,-1,1,1,1,1,1,0,-1,-1,1,1,1,1,1,1,1,-1,1,-1,1,1,0,1,-1",,,3,0,0,0,0
"1,-1,1,1,1,-1,-1,1,-1,1,1,1,1,0,-1,1,1,1,0,1,1,1,1,-1,1,1,-1,1,0,1,1",,,3,0,0,0,0
"1,-1,1,1,1,-1,-1,1,-1,1,1,1,-1,0,-1,1,1,1,0,1,1,1,1,-1,1,1,-1,1,0,1,1",,,3,0,0,0,0
"-1,-1,-1,1,-1,1,0,1,-1,1,1,-1,1,1,1,-1,1,-1,0,1,1,1,1,-1,-1,1,-1,-1,1,1,1",,,3,0,0,0,0
"-1,-1,1,-1,1,-1,0,-1,1,-1,-1,1,-1,-1,0,-1,-1,1,1,1,1,-1,1,-1,1,-1,1,1,0,1,-1",,,3,0,0,0,0
"-1,1,1,-1,1,-1,0,0,-1,-1,-1,1,1,-1,0,-1,-1,1,0,1,1,1,1,1,1,0,1,1,1,1,-1",,,3,0,0,0,0
"-1,0,-1,-1,-1,-1,0,1,-1,1,1,-1,1,0,0,0,-1,-1,0,1,1,1,1,-1,-1,1,1,1,-1,1,1",,,3,0,0,0,0
"-1,-1,1,1,1,-1,0,-1,-1,1,1,1,1,-1,0,-1,1,1,1,1,1,1,1,-1,1,1,1,1,0,1,-1",,,3,0,0,0,0
"-1,-1,1,1,1,-1,0,1,-1,1,1,1,1,0,0,-1,1,1,0,1,1,1,1,-1,1,0,1,1,-1,1,-1",,,3,0,0,0,0
"-1,-1,1,-1,1,-1,0,0,1,-1,-1,1,-1,-1,-1,-1,-1,1,0,-1,1,-1,1,-1,1,1,1,1,1,1,-1",,,3,0,0,0,0
"-1,-1,-1,1,-1,1,1,1,1,1,1,-1,-1,0,0,-1,1,1,0,1,1,1,1,-1,-1,1,1,-1,1,1,1",,,3,0,0,0,0
"1,-1,1,-1,1,-1,0,-1,1,-1,-1,1,-1,-1,0,1,-1,1,0,-1,1,-1,-1,-1,1,-1,-1,1,0,1,-1",,,3,0,0,0,0
"-1,-1,1,1,1,-1,0,-1,1,1,1,1,-1,0,0,-1,1,1,0,1,1,1,1,-1,1,1,-1,1,1,1,-1",,,3,0,0,0,0
"-1,-1,1,-1,1,-1,1,1,-1,-1,1,-1,1,0,-1,1,-1,-1,0,-1,1,-1,-1,-1,1,1,-1,1,0,1,1",,,3,0,0,0,0
"-1,-1,1,1,1,-1,0,1,1,1,1,1,-1,0,-1,-1,1,1,0,1,1,1,1,-1,1,1,-1,1,1,1,-1",,,3,0,0,0,0
"-1,1,1,1,1,-1,0,-1,1,1,1,1,-1,-1,0,-1,1,1,0,1,1,1,1,1,1,0,-1,1,1,1,-1",,,3,0,0,0,0
"1,1,1,1,1,1,1,1,-1,1,1,1,1,0,0,1,1,1,1,1,1,1,1,1,1,1,-1,1,0,1,1",,,3,0,0,0,0
"1,-1,1,1,1,-1,1,1,-1,1,1,1,1,0,1,0,-1,1,0,1,1,1,1,-1,1,1,-1,1,-1,1,1",,,3,0,0,0,0
"-1,-1,1,1,1,-1,0,1,-1,1,1,1,1,0,-1,-1,1,1,1,1,1,1,1,-1,1,0,-1,1,1,1,1",,,3,0,0,0,0
"1,-1,1,1,1,-1,0,1,-1,1,1,1,1,0,-1,-1,1,1,0,1,1,1,1,-1,1,1,-1,1,0,1,-1",,,3,0,0,0,0
"-1,-1,1,1,1,-1,1,1,1,1,1,1,-1,1,1,1,1,1,1,1,1,1,1,-1,1,1,-1,1,0,1,1",,,3,0,0,0,0
"-1,1,1,1,1,-1,0,0,-1,1,1,1,1,-1,0,-1,1,1,0,1,1,1,1,1,1,1,-1,1,1,1,-1",,,3,0,0,0,0
"1,0,1,1,1,-1,0,-1,1,-1,1,1,-1,-1,0,1,1,1,0,-1,1,-1,1,-1,1,0,1,1,0,1,-1",,,3,0,0,0,0
"-1,-1,-1,1,-1,-1,0,0,-1,1,1,-1,-1,-1,-1,-1,1,1,0,-1,1,-1,1,-1,-1,-1,-1,-1,0,1,-1",,,3,0,0,0,0
"1,1,1,1,1,-1,-1,-1,-1,1,1,1,1,0,0,-1,1,1,0,1,1,1,1,1,1,1,-1,1,0,1,1",,,3,0,0,0,0
"1,-1,1,1,1,1,0,1,1,1,1,1,-1,0,0,1,1,1,0,1,1,1,1,-1,1,-1,1,1,0,1,1",,,3,0,0,0,0
"1,-1,1,1,1,-1,1,1,1,1,1,1,-1,0,-1,0,1,1,0,1,1,1,1,-1,1,-1,1,1,0,1,1",,,3,0,0,0,0
"1,-1,-1,1,-1,-1,0,-1,1,1,1,-1,-1,-1,-1,-1,1,-1,1,1,1,1,1,-1,-1,-1,1,-1,0,1,-1",,,3,0,0,0,0
"-1,-1,-1,1,-1,-1,1,-1,-1,1,1,-1,1,0,0,1,1,-1,0,1,1,1,1,-1,-1,1,1,-1,1,1,1",,,3,0,0,0,0
"1,-1,1,1,1,-1,0,0,1,1,1,1,-1,-1,-1,-1,1,1,0,1,1,1,1,-1,1,1,-1,1,1,1,-1",,,3,0,0,0,0
"-1,-1,1,1,1,-1,0,-1,1,1,1,1,-1,-1,-1,-1,1,1,0,1,1,1,1,-1,1,-1,1,1,0,1,-1",,,3,0,0,0,0
"1,-1,1,1,1,-1,1,1,1,1,1,1,-1,1,0,1,1,1,0,1,1,1,1,-1,1,1,1,1,0,1,1",,,3,0,0,0,0
"-1,1,1,-1,1,-1,0,-1,1,1,1,1,1,-1,-1,-1,1,1,0,1,1,1,1,1,1,0,1,1,0,1,-1",,,3,0,0,0,0
"-1,-1,1,1,1,-1,1,1,1,1,1,1,-1,1,1,1,1,1,0,1,1,1,1,-1,1,-1,1,1,1,1,1",,,3,0,0,0,0
"-1,-1,-1,1,-1,-1,0,0,1,1,1,-1,-1,-1,1,-1,1,1,0,-1,1,-1,1,-1,-1,-1,-1,-1,0,1,-1",,,3,0,0,0,0
"-1,1,1,1,1,-1,0,0,-1,1,1,1,1,-1,-1,-1,1,1,0,1,1,1,1,1,1,-1,-1,1,-1,1,-1",,,3,0,0,0,0
"-1,-1,1,1,1,-1,-1,1,-1,1,1,1,1,0,0,-1,1,1,0,1,1,1,1,-1,1,0,1,1,0,1,1",,,3,0,0,0,0
"1,1,1,1,1,-1,-1,-1,1,1,1,1,-1,0,-1,-1,1,1,0,1,1,1,1,1,1,0,-1,1,0,1,-1",,,3,0,0,0,0
"1,-1,1,-1,1,-1,-1,-1,-1,-1,-1,1,-1,-1,-1,-1,-1,1,0,-1,-1,-1,-1,-1,1,0,1,1,0,1,-1",,,3,0,0,0,0
"1,-1,1,1,1,-1,-1,-1,-1,1,1,1,-1,-1,-1,-1,1,1,0,1,1,1,1,-1,1,-1,1,1,0,-1,-1",,,3,0,0,0,0
"-1,-1,1,1,1,-1,0,-1,-1,1,1,1,-1,0,0,0,1,1,0,1,1,1,1,-1,1,1,-1,1,1,1,1",,,3,0,0,0,0
"1,1,1,-1,1,-1,0,1,-1,-1,-1,1,1,1,0,1,-1,1,0,1,1,-1,1,1,1,1,1,1,1,1,1",,,3,0,0,0,0
"1,-1,1,1,1,-1,1,1,1,1,1,1,1,1,0,1,1,1,1,1,1,1,1,-1,1,1,-1,1,0,1,1",,,3,0,0,0,0
"-1,1,-1,-1,-1,-1,1,1,-1,1,1,-1,1,0,-1,-1,1,-1,0,1,1,1,1,1,-1,1,1,-1,1,1,1",,,3,0,0,0,0
"1,-1,1,1,1,-1,-1,-1,1,1,1,1,1,0,-1,-1,1,1,0,1,1,1,1,-1,1,0,-1,1,0,-1,-1",,,3,0,0,0,0
"-1,0,-1,-1,1,-1,1,-1,1,1,1,1,-1,-1,-1,-1,-1,-1,0,1,1,1,1,-1,1,-1,1,1,0,1,-1",,,3,0,0,0,0
"-1,-1,1,1,1,-1,-1,-1,-1,1,1,1,1,-1,1,0,1,1,0,1,1,1,1,-1,1,-1,-1,1,1,1,-1",,,3,0,0,0,0
"-1,-1,1,1,1,-1,-1,1,-1,-1,-1,1,-1,1,1,-1,-1,1,0,1,1,-1,1,-1,1,1,1,1,1,1,1",,,3,0,0,0,0
"-1,-1,1,1,1,-1,1,1,1,1,1,1,1,0,-1,0,1,1,0,1,1,1,1,-1,1,1,-1,1,1,1,1",,,3,0,0,0,0
"1,-1,1,1,1,1,1,1,1,1,1,1,-1,0,1,-1,1,1,0,1,1,1,1,-1,1,1,-1,1,0,1,1",,,3,0,0,0,0
"-1,-1,1,1,1,-1,0,-1,1,1,1,1,1,0,0,1,1,1,0,1,1,1,1,-1,1,1,-1,1,1,1,1",,,3,0,0,0,0
"-1,-1,-1,1,-1,-1,-1,-1,1,-1,-1,-1,-1,-1,-1,-1,-1,-1,0,1,1,-1,-1,-1,-1,0,1,-1,1,1,-1",,,3,0,0,0,0
"1,1,-1,-1,-1,1,0,-1,-1,1,1,-1,1,1,1,-1,1,-1,1,1,1,1,1,1,-1,1,-1,-1,1,1,1",,,3,0,0,0,0
"-1,-1,1,1,1,-1,-1,1,-1,1,1,1,1,0,1,-1,1,1,0,1,1,1,1,-1,1,1,-1,1,1,1,1",,,3,0,0,0,0
"1,-1,1,1,1,-1,0,-1,1,1,1,1,-1,-1,-1,-1,1,1,0,1,1,1,1,-1,1,0,1,1,0,1,-1",,,3,0,0,0,0
"1,-1,1,1,1,-1,1,1,1,1,1,1,1,1,-1,-1,1,1,0,1,1,1,1,-1,1,1,1,1,0,1,1",,,3,0,0,0,0
"-1,1,1,1,1,-1,0,-1,1,1,1,1,-1,0,-1,-1,1,1,0,1,1,1,1,1,1,0,-1,1,0,1,-1",,,3,0,0,0,0
"1,-1,1,1,1,1,1,1,-1,1,1,1,1,1,1,-1,1,1,0,1,1,1,1,-1,1,1,-1,1,0,1,1",,,3,0,0,0,0
"1,-1,1,1,1,-1,-1,1,-1,1,1,1,1,1,0,0,1,1,0,1,1,1,1,-1,1,1,-1,1,0,1,1",,,3,0,0,0,0
"1,-1,1,1,1,-1,1,0,1,1,1,1,-1,-1,-1,-1,1,1,1,1,1,1,1,-1,1,-1,-1,1,0,1,-1",,,3,0,0,0,0
"-1,-1,1,1,1,-1,1,0,1,1,1,1,-1,-1,0,-1,1,1,0,1,1,1,1,-1,1,0,-1,1,1,1,-1",,,3,0,0,0,0
"-1,-1,1,1,1,-1,1,1,1,1,1,1,-1,1,-1,-1,1,1,0,1,1,1,1,-1,1,-1,-1,1,1,1,1",,,3,0,0,0,0
"-1,-1,1,1,1,-1,0,-1,1,1,1,1,1,0,-1,-1,1,1,0,1,1,1,1,-1,1,0,1,1,1,1,-1",,,3,0,0,0,0
"1,0,1,1,1,-1,0,-1,1,1,1,-1,-1,0,-1,-1,1,1,1,1,1,1,1,-1,1,0,1,1,0,-1,-1",,,3,0,0,0,0
"-1,-1,1,-1,1,-1,0,0,1,-1,-1,1,-1,-1,1,-1,-1,1,0,1,1,-1,1,-1,1,-1,1,1,0,-1,-1",,,3,0,0,0,0
"-1,-1,1,1,1,-1,-1,1,-1,1,1,1,-1,0,1,1,1,1,0,1,1,1,1,-1,1,1,-1,1,1,1,1",,,3,0,0,0,0
"-1,-1,1,1,1,-1,1,1,1,1,1,1,-1,0,0,1,1,1,0,1,1,1,1,-1,1,-1,1,1,0,-1,1",,,3,0,0,0,0
"-1,1,1,-1,1,-1,0,1,-1,-1,1,1,1,0,1,-1,1,-1,0,-1,1,-1,1,1,1,0,1,1,-1,1,-1",,,3,0,0,0,0
"-1,-1,1,1,1,-1,0,1,-1,1,1,1,1,0,0,-1,1,1,0,1,1,1,1,-1,1,0,-1,1,1,1,-1",,,3,0,0,0,0
"1,-1,1,1,1,-1,0,1,-1,1,1,1,1,0,0,-1,1,1,0,1,1,1,1,-1,1,0,-1,1,0,1,1",,,3,0,0,0,0
"1,-1,-1,-1,-1,-1,1,0,-1,1,1,-1,-1,-1,-1,0,1,-1,0,1,1,1,1,-1,-1,-1,1,-1,0,1,-1",,,3,0,0,0,0
"-1,1,-1,1,-1,-1,1,1,-1,1,1,-1,1,1,-1,1,1,1,0,1,1,1,1,1,-1,1,-1,-1,-1,1,1",,,3,0,0,0,0
"-1,-1,1,-1,1,-1,0,0,1,1,1,1,-1,-1,0,-1,1,1,1,1,1,1,1,-1,1,-1,1,1,0,1,-1",,,3,0,0,0,0
"1,1,1,1,1,-1,0,1,-1,1,1,1,1,0,1,-1,1,1,0,1,1,1,1,1,1,1,-1,1,0,1,1",,,3,0,0,0,0
"1,1,1,1,1,-1,1,1,1,-1,1,1,-1,0,0,-1,1,1,0,-1,1,-1,1,1,1,1,1,1,0,1,1",,,3,0,0,0,0
"1,1,1,1,1,1,1,1,1,1,1,1,-1,1,1,-1,1,1,0,1,1,1,1,1,1,1,1,1,0,-1,1",,,3,0,0,0,0
"-1,-1,1,-1,1,-1,1,0,1,-1,-1,1,1,-1,0,-1,-1,1,0,1,1,-1,1,-1,1,0,-1,1,0,1,-1",,,3,0,0,0,0
"-1,-1,-1,1,-1,1,1,1,-1,1,1,-1,1,1,0,1,1,-1,0,1,1,1,1,-1,-1,1,1,-1,1,1,1",,,3,0,0,0,0
"-1,-1,1,-1,1,-1,0,-1,-1,1,1,1,1,-1,-1,-1,1,1,0,1,1,1,1,-1,1,1,1,1,0,1,-1",,,3,0,0,0,0
"1,-1,1,1,1,-1,1,1,-1,1,1,1,1,0,1,-1,1,1,0,1,1,1,1,-1,1,1,1,1,0,1,1",,,3,0,0,0,0
"-1,1,1,-1,1,1,1,1,1,-1,-1,1,-1,0,-1,1,-1,1,0,-1,-1,-1,-1,1,1,1,1,1,1,1,1",,,3,0,0,0,0
"1,-1,1,-1,1,-1,0,-1,-1,-1,-1,1,1,-1,0,-1,-1,1,1,1,1,1,1,-1,1,1,1,1,0,1,-1",,,3,0,0,0,0
"-1,-1,1,1,1,-1,0,-1,-1,1,1,1,1,0,0,-1,1,1,0,1,1,1,1,-1,1,0,1,1,1,1,-1",,,3,0,0,0,0
"-1,-1,1,1,1,-1,1,0,-1,1,1,1,1,-1,-1,0,1,1,0,1,1,1,1,-1,1,0,-1,1,0,1,-1",,,3,0,0,0,0
"1,-1,1,1,1,-1,0,1,-1,1,1,1,1,0,1,1,1,1,0,1,1,1,1,-1,1,1,1,1,0,1,1",,,3,0,0,0,0
"-1,-1,1,1,1,-1,0,1,1,1,1,1,-1,0,0,1,1,1,1,1,1,1,1,-1,1,0,-1,1,1,1,1",,,3,0,0,0,0
"-1,-1,1,1,1,-1,1,0,-1,1,1,1,1,-1,-1,-1,1,1,0,1,1,1,1,-1,1,-1,-1,1,1,1,-1",,,3,0,0,0,0
"1,-1,1,1,1,-1,1,1,-1,1,1,1,1,1,1,1,1,1,0,1,1,1,1,-1,1,1,-1,1,0,-1,1",,,3,0,0,0,0
"1,-1,1,1,1,1,1,1,-1,1,1,1,1,1,-1,1,1,1,0,1,1,1,1,-1,1,0,1,1,0,1,1",,,3,0,0,0,0
"1,-1,1,1,1,-1,1,0,1,1,1,1,-1,-1,0,-1,1,1,0,1,1,1,1,-1,1,1,-1,1,0,1,-1",,,3,0,0,0,0
"-1,-1,1,-1,1,-1,0,-1,1,-1,-1,1,1,-1,0,-1,-1,1,0,1,1,-1,1,-1,1,0,1,1,0,1,-1",,,3,0,0,0,0
"-1,1,1,1,1,-1,1,-1,1,1,1,1,1,0,0,-1,1,1,1,1,1,1,1,1,1,1,1,1,1,1,-1",,,3,0,0,0,0
"-1,-1,-1,-1,-1,-1,0,1,-1,1,1,-1,1,0,-1,1,-1,-1,0,1,1,1,1,-1,-1,1,1,1,-1,1,1",,,3,0,0,0,0
"1,-1,1,1,1,-1,1,1,-1,-1,-1,1,1,1,-1,1,-1,1,0,-1,1,-1,1,-1,1,1,1,1,0,1,1",,,3,0,0,0,0
"-1,-1,1,1,1,-1,0,1,1,1,1,1,-1,0,-1,-1,1,1,1,1,1,1,1,-1,1,0,-1,1,0,1,-1",,,3,0,0,0,0
"1,-1,1,1,1,-1,0,-1,-1,1,1,1,1,0,-1,1,1,1,0,1,1,1,1,-1,1,0,1,1,0,1,-1",,,3,0,0,0,0
"1,-1,1,-1,1,-1,0,1,-1,-1,-1,1,1,1,-1,1,-1,1,0,-1,1,-1,-1,-1,1,1,-1,1,0,1,1",,,3,0,0,0,0
"-1,1,1,1,1,-1,0,0,-1,1,1,1,1,-1,0,-1,1,1,0,1,1,1,1,1,1,-1,1,1,0,1,-1",,,3,0,0,0,0
"1,-1,1,-1,1,1,1,1,-1,-1,-1,1,-1,1,-1,-1,-1,1,0,1,1,-1,1,-1,1,1,-1,1,0,1,1",,,3,0,0,0,0
"-1,-1,-1,-1,-1,1,1,1,-1,1,1,-1,1,1,1,-1,-1,-1,0,1,1,1,1,-1,-1,1,-1,1,0,1,1",,,3,0,0,0,0
"1,-1,1,1,1,-1,-1,-1,-1,1,1,1,1,1,0,-1,1,1,0,1,1,1,1,-1,1,1,-1,1,0,1,1",,,3,0,0,0,0
"-1,-1,1,1,1,-1,0,-1,1,1,1,1,-1,0,-1,-1,1,1,0,1,1,1,1,-1,1,1,-1,1,1,1,1",,,3,0,0,0,0
"-1,-1,1,1,1,-1,1,0,-1,1,1,1,-1,-1,-1,0,-1,1,0,1,1,1,1,-1,1,-1,1,1,0,1,-1",,,3,0,0,0,0
"1,-1,1,1,1,-1,-1,1,1,1,1,1,-1,0,0,0,1,1,1,1,1,1,1,-1,1,1,-1,1,0,1,1",,,3,0,0,0,0
"1,-1,-1,-1,-1,1,1,1,-1,1,1,-1,-1,0,0,-1,1,-1,0,1,1,1,1,-1,-1,1,-1,1,0,1,1",,,3,0,0,0,0
"-1,1,1,1,1,-1,0,0,-1,1,1,1,1,-1,0,-1,1,1,0,1,1,1,1,1,1,0,-1,1,1,1,-1",,,3,0,0,0,0
"-1,-1,1,1,1,-1,-1,-1,1,1,1,1,-1,0,0,-1,1,1,0,1,1,1,1,-1,1,1,1,1,0,1,-1",,,3,0,0,0,0
"-1,-1,1,1,1,-1,0,-1,-1,1,1,1,-1,-1,-1,-1,1,1,1,1,1,1,1,-1,1,0,-1,1,0,-1,-1",,,3,0,0,0,0
"1,1,1,1,1,-1,-1,1,-1,1,1,1,1,1,1,1,1,1,1,1,1,1,1,1,1,1,-1,1,0,1,1",,,3,0,0,0,0
"-1,-1,1,-1,1,-1,0,-1,-1,-1,-1,1,1,0,-1,-1,-1,1,0,1,1,-1,1,-1,1,0,1,1,0,-1,-1",,,3,0,0,0,0
"-1,-1,-1,1,-1,-1,0,1,-1,1,1,-1,1,0,0,-1,1,-1,0,1,1,1,1,-1,-1,1,1,-1,1,1,1",,,3,0,0,0,0
"-1,-1,-1,1,-1,-1,0,-1,-1,-1,1,-1,1,-1,-1,-1,1,1,0,-1,1,-1,1,-1,-1,1,1,-1,-1,1,-1",,,3,0,0,0,0
"1,1,1,1,1,1,1,1,-1,1,1,1,1,0,1,-1,1,1,0,1,1,1,1,1,1,-1,1,1,1,1,1",,,3,0,0,0,0
"1,-1,1,1,1,-1,0,0,-1,1,1,1,1,-1,-1,-1,1,1,1,1,1,1,1,-1,1,-1,-1,1,0,1,-1",,,3,0,0,0,0
"-1,-1,1,1,1,-1,1,1,1,1,1,1,-1,0,1,0,1,1,0,1,1,1,1,-1,1,1,1,1,1,1,1",,,3,0,0,0,0
"-1,-1,1,1,1,-1,0,-1,1,1,1,1,-1,-1,1,-1,1,1,0,1,1,1,1,-1,1,-1,1,1,1,1,-1",,,3,0,0,0,0
"-1,1,-1,1,-1,-1,0,0,-1,1,1,-1,1,-1,1,0,1,-1,0,1,1,1,1,1,-1,1,-1,-1,1,1,-1",,,3,0,0,0,0
"-1,1,-1,-1,-1,1,1,1,-1,1,1,-1,-1,0,1,-1,1,-1,0,1,1,1,1,1,-1,1,1,-1,1,1,1",,,3,0,0,0,0
"-1,-1,-1,1,-1,1,0,1,-1,1,1,-1,1,0,0,-1,1,-1,0,1,1,1,1,-1,-1,1,1,-1,1,1,1",,,3,0,0,0,0
"-1,1,1,1,1,-1,-1,1,-1,1,1,1,1,0,0,-1,1,1,0,1,1,1,1,1,1,1,1,1,0,1,1",,,3,0,0,0,0
"-1,-1,-1,1,-1,-1,1,1,1,1,1,-1,1,0,1,1,1,-1,1,1,1,1,1,-1,-1,1,-1,-1,1,1,1",,,3,0,0,0,0
"-1,-1,1,1,1,-1,0,1,1,1,1,1,1,0,0,-1,1,1,0,1,1,1,1,-1,1,0,1,1,1,1,1",,,3,0,0,0,0
"-1,-1,1,1,1,-1,0,1,1,1,1,1,1,-1,-1,-1,1,1,0,1,1,1,1,-1,1,0,-1,1,0,1,-1",,,3,0,0,0,0
"1,-1,1,-1,1,-1,0,0,1,1,-1,1,1,0,-1,-1,-1,-1,0,1,1,1,1,-1,1,1,1,1,1,1,-1",,,3,0,0,0,0
"1,-1,-1,-1,-1,-1,0,1,-1,1,1,-1,1,0,-1,1,-1,-1,0,1,1,1,1,-1,-1,1,1,1,-1,1,1",,,3,0,0,0,0
"1,-1,1,1,1,1,-1,-1,-1,1,1,1,1,1,-1,-1,1,1,0,1,1,1,1,-1,1,0,1,1,0,1,1",,,3,0,0,0,0
"1,-1,1,1,1,-1,-1,1,1,1,1,1,-1,-1,-1,-1,1,1,0,1,1,1,1,-1,1,-1,1,1,0,1,-1",,,3,0,0,0,0
"-1,-1,1,1,1,-1,-1,-1,-1,1,1,1,1,-1,0,-1,1,1,0,1,1,1,1,-1,1,-1,-1,1,1,-1,-1",,,3,0,0,0,0
"-1,-1,1,1,1,-1,0,1,-1,1,1,1,1,0,-1,0,1,1,0,1,1,1,1,-1,1,1,-1,1,1,1,1",,,3,0,0,0,0
"-1,1,1,1,1,-1,1,1,-1,-1,1,1,1,0,1,-1,1,1,0,1,1,-1,1,1,1,1,-1,1,1,1,1",,,3,0,0,0,0
"-1,-1,1,1,1,-1,-1,-1,1,1,1,1,-1,-1,0,-1,1,1,0,1,1,1,1,-1,1,0,1,1,0,1,-1",,,3,0,0,0,0
"-1,-1,1,1,1,-1,0,-1,-1,-1,1,1,1,0,0,1,1,1,0,1,1,-1,1,-1,1,0,1,1,1,1,-1",,,3,0,0,0,0
"1,1,1,1,1,-1,0,-1,-1,1,1,1,1,-1,-1,-1,1,1,0,1,1,1,1,1,1,0,1,1,0,1,-1",,,3,0,0,0,0
"-1,-1,1,1,1,-1,-1,1,1,1,1,1,1,0,0,-1,1,1,0,1,1,1,1,-1,1,-1,-1,1,1,1,1",,,3,0,0,0,0
"1,-1,1,1,1,-1,0,-1,-1,1,1,1,1,-1,0,-1,1,1,0,1,1,1,1,-1,1,-1,1,1,0,1,-1",,,3,0,0,0,0
"1,-1,1,1,1,-1,0,-1,1,1,1,1,-1,-1,-1,-1,1,1,0,1,1,1,1,-1,1,-1,-1,1,0,-1,-1",,,3,0,0,0,0
"-1,-1,1,1,1,-1,0,-1,1,1,1,1,-1,-1,-1,-1,1,1,0,1,1,1,1,-1,1,0,1,1,1,-1,-1",,,3,0,0,0,0
"1,-1,1,1,1,-1,-1,-1,1,1,1,1,1,0,-1,-1,1,1,1,1,1,1,1,-1,1,0,1,1,0,1,-1",,,3,0,0,0,0
"-1,-1,1,1,1,-1,1,1,1,-1,1,1,-1,0,0,1,1,1,0,1,1,-1,1,-1,1,0,1,1,1,1,1",,,3,0,0,0,0
"1,1,1,1,1,-1,1,1,-1,1,1,1,1,0,0,-1,1,1,0,1,1,1,1,1,1,1,1,1,0,1,1",,,3,0,0,0,0
"-1,-1,1,1,1,-1,-1,1,1,1,1,1,-1,0,1,-1,-1,1,0,1,1,1,1,-1,1,-1,-1,1,1,1,1",,,3,0,0,0,0
"-1,-1,1,1,1,-1,-1,1,-1,1,1,1,1,0,0,-1,1,1,0,1,1,1,1,-1,1,0,1,1,0,1,-1",,,3,0,0,0,0
"1,-1,1,1,1,-1,0,1,1,1,1,1,1,0,-1,-1,-1,1,0,1,1,1,1,-1,1,0,1,1,1,1,-1",,,3,0,0,0,0
"1,-1,-1,1,-1,-1,1,1,-1,1,1,-1,1,0,1,-1,1,-1,0,1,1,1,1,-1,-1,1,-1,-1,1,1,1",,,3,0,0,0,0
"-1,-1,1,1,1,-1,0,1,-1,1,1,1,1,0,0,1,1,1,0,1,1,1,1,-1,1,1,-1,1,1,1,1",,,3,0,0,0,0
"-1,-1,1,1,1,-1,0,-1,1,1,1,1,-1,0,-1,-1,1,1,1,1,1,1,1,-1,1,0,1,1,0,1,-1",,,3,0,0,0,0
"-1,-1,1,1,1,-1,1,1,-1,1,1,1,1,0,0,-1,1,1,0,1,1,1,1,-1,1,0,1,1,0,1,-1",,,3,0,0,0,0
"-1,-1,1,1,1,-1,0,1,1,1,1,1,-1,0,0,0,1,1,1,1,1,1,1,-1,1,1,-1,1,1,1,1",,,3,0,0,0,0
"-1,-1,1,1,1,-1,0,-1,-1,1,1,1,1,0,0,-1,-1,1,0,1,1,1,1,-1,1,1,1,1,0,1,-1",,,3,0,0,0,0
"1,-1,1,1,1,-1,-1,-1,1,1,1,1,1,0,0,-1,1,1,0,1,1,1,1,-1,1,1,1,1,1,1,-1",,,3,0,0,0,0
"-1,-1,1,1,1,-1,-1,-1,-1,-1,1,1,-1,-1,-1,-1,1,1,0,1,1,-1,1,-1,1,1,1,1,1,-1,-1",,,3,0,0,0,0
"-1,-1,-1,1,-1,1,1,1,-1,1,1,-1,1,0,0,-1,1,-1,0,1,1,1,1,-1,-1,1,-1,-1,1,1,1",,,3,0,0,0,0
"-1,1,1,1,1,-1,-1,-1,-1,1,1,1,1,-1,0,-1,1,1,0,1,1,1,1,1,1,0,-1,1,1,1,-1",,,3,0,0,0,0
"1,1,1,1,1,-1,1,1,-1,1,1,1,1,0,1,-1,1,1,0,1,1,1,1,1,1,1,-1,1,0,1,1",,,3,0,0,0,0
"1,-1,1,-1,1,-1,1,0,1,-1,-1,1,-1,-1,0,-1,-1,1,0,-1,1,-1,-1,-1,1,0,-1,1,0,1,-1",,,3,0,0,0,0
"-1,1,1,1,1,-1,-1,-1,-1,1,1,1,-1,-1,0,-1,1,1,0,1,1,1,1,1,1,-1,1,1,0,1,-1",,,3,0,0,0,0
"-1,-1,1,-1,1,-1,-1,-1,1,-1,-1,-1,-1,-1,0,-1,-1,-1,0,-1,1,-1,1,-1,1,0,-1,1,0,1,-1",,,3,0,0,0,0
"-1,1,1,1,1,-1,1,0,-1,1,1,1,1,-1,0,-1,1,1,0,1,1,1,1,1,1,-1,-1,1,1,1,-1",,,3,0,0,0,0
"-1,-1,1,1,1,-1,-1,-1,-1,1,1,-1,-1,0,-1,-1,1,1,0,1,1,1,1,-1,1,1,1,1,0,1,-1",,,3,0,0,0,0
"-1,-1,1,-1,1,-1,1,1,1,-1,-1,1,-1,1,1,1,-1,1,1,1,1,-1,1,-1,1,1,-1,1,1,1,1",,,3,0,0,0,0
"1,-1,1,1,1,-1,1,0,-1,1,1,1,-1,-1,0,-1,1,1,0,1,1,1,1,-1,1,0,-1,1,0,1,-1",,,3,0,0,0,0
"-1,1,1,1,1,-1,0,-1,-1,1,1,1,1,-1,0,-1,1,1,1,1,1,1,1,1,1,0,-1,1,1,1,-1",,,3,0,0,0,0
"1,-1,1,-1,1,-1,1,0,1,-1,-1,1,-1,0,0,0,-1,1,1,-1,-1,-1,-1,-1,1,-1,-1,1,0,1,-1",,,3,0,0,0,0
"1,1,1,1,1,-1,0,1,-1,-1,1,1,1,0,-1,0,1,1,0,-1,1,-1,1,1,1,1,-1,1,0,1,1",,,3,0,0,0,0
"-1,-1,-1,-1,-1,-1,0,1,1,1,1,-1,-1,1,-1,-1,1,-1,0,1,1,1,1,-1,-1,1,-1,-1,1,1,1",,,3,0,0,0,0
"-1,-1,-1,-1,-1,-1,0,-1,1,-1,-1,-1,-1,-1,-1,-1,-1,-1,0,-1,1,-1,-1,-1,-1,-1,-1,-1,1,1,-1",,,3,0,0,0,0
"1,1,1,1,1,1,0,1,-1,1,1,-1,1,0,0,1,1,1,0,1,1,1,1,1,1,1,-1,1,-1,1,1",,,3,0,0,0,0
"-1,-1,-1,1,-1,1,0,1,-1,1,1,-1,1,0,-1,-1,1,-1,0,1,1,1,1,-1,-1,1,1,-1,1,1,1",,,3,0,0,0,0
"-1,-1,1,1,1,-1,0,1,-1,1,1,1,1,0,-1,1,1,1,0,1,1,1,1,-1,1,1,-1,1,1,1,1",,,3,0,0,0,0
"1,-1,1,1,1,-1,1,0,-1,-1,1,1,1,-1,0,-1,1,1,0,-1,1,-1,1,-1,1,0,-1,1,0,1,-1",,,3,0,0,0,0
"1,-1,1,1,1,-1,1,1,-1,-1,1,1,1,0,0,-1,1,1,0,1,1,-1,1,-1,1,0,-1,1,0,1,1",,,3,0,0,0,0
"1,1,1,-1,1,-1,1,1,1,1,1,-1,-1,0,-1,1,-1,-1,0,1,1,1,1,-1,1,-1,-1,1,-1,1,1",,,3,0,0,0,0
"1,1,1,1,1,-1,0,1,-1,1,1,1,1,0,0,0,1,1,0,1,1,1,1,1,1,1,1,1,0,1,1",,,3,0,0,0,0
"1,-1,1,1,-1,-1,1,0,-1,1,1,-1,-1,-1,1,-1,1,1,0,1,1,1,1,-1,1,-1,1,1,0,1,-1",,,3,0,0,0,0
"1,-1,1,1,1,-1,0,-1,1,1,1,1,1,0,-1,0,1,1,1,1,1,1,1,-1,1,-1,1,1,0,1,-1",,,3,0,0,0,0
"-1,-1,1,1,1,1,1,1,-1,-1,-1,1,1,0,0,-1,-1,1,0,-1,1,-1,1,-1,1,1,1,1,1,1,1",,,3,0,0,0,0
"-1,0,1,-1,1,-1,0,-1,-1,1,1,-1,1,0,-1,-1,-1,-1,0,1,1,1,1,-1,1,1,1,1,0,1,-1",,,3,0,0,0,0
"-1,1,1,1,1,-1,0,-1,1,1,1,1,-1,-1,-1,-1,1,1,0,1,1,1,1,1,1,0,1,1,1,1,-1",,,3,0,0,0,0
"-1,1,1,1,1,-1,0,1,-1,-1,1,1,1,0,0,-1,1,1,0,-1,1,-1,-1,1,1,1,-1,1,1,1,1",,,3,0,0,0,0
"-1,-1,1,1,1,-1,0,-1,-1,1,1,-1,-1,-1,0,0,1,1,1,1,1,1,1,-1,1,-1,1,1,0,1,-1",,,3,0,0,0,0
"1,-1,1,1,1,-1,0,1,-1,1,1,1,-1,0,-1,-1,1,1,1,1,1,1,1,-1,1,0,1,1,0,1,-1",,,3,0,0,0,0
"1,-1,1,1,1,1,0,1,-1,1,1,1,1,0,0,1,1,1,0,1,1,1,1,-1,1,1,1,1,0,1,1",,,3,0,0,0,0
"-1,-1,-1,-1,-1,-1,0,1,-1,-1,1,-1,1,-1,1,-1,1,-1,0,1,1,-1,1,-1,-1,0,1,-1,1,1,-1",,,3,0,0,0,0
"1,1,1,1,1,-1,0,1,-1,1,1,1,1,1,-1,1,1,1,1,1,1,1,1,1,1,1,1,1,0,1,1",,,3,0,0,0,0
"-1,-1,1,1,1,-1,1,1,-1,-1,1,1,1,0,-1,0,1,1,0,-1,1,-1,1,-1,1,1,1,1,1,1,1",,,3,0,0,0,0
"-1,-1,1,1,1,-1,1,1,1,1,1,1,-1,0,0,-1,1,1,0,1,1,1,1,-1,1,0,-1,1,1,1,-1",,,3,0,0,0,0
"-1,-1,-1,-1,1,-1,0,0,-1,1,1,-1,-1,-1,1,-1,-1,-1,0,1,1,1,1,-1,-1,-1,-1,1,0,1,-1",,,3,0,0,0,0
"-1,-1,1,1,1,-1,1,1,-1,-1,1,1,1,1,1,-1,1,1,0,1,1,-1,1,-1,1,1,1,1,1,1,1",,,3,0,0,0,0
"-1,-1,-1,1,-1,-1,0,1,-1,1,1,-1,1,0,-1,1,1,-1,0,1,1,1,1,-1,-1,1,1,-1,1,1,1",,,3,0,0,0,0
"1,-1,1,1,1,-1,-1,1,-1,1,1,1,1,0,0,1,1,1,1,1,1,1,1,-1,1,1,-1,1,0,1,1",,,3,0,0,0,0
"1,1,1,1,1,-1,1,1,-1,1,1,1,1,0,-1,-1,-1,1,1,1,1,1,1,1,1,0,1,1,0,1,1",,,3,0,0,0,0
"-1,1,1,1,1,1,1,1,-1,1,1,1,1,-1,0,-1,1,1,0,1,1,1,1,1,1,1,-1,1,1,1,1",,,3,0,0,0,0
"-1,-1,1,1,1,-1,1,1,-1,1,1,1,1,0,-1,0,1,1,0,1,1,1,1,-1,1,0,1,1,1,1,1",,,3,0,0,0,0
"-1,-1,-1,1,-1,-1,0,1,1,1,1,-1,-1,0,1,-1,1,-1,0,1,1,1,1,-1,-1,1,1,-1,1,1,1",,,3,0,0,0,0
"-1,1,1,1,1,-1,1,1,-1,-1,-1,1,1,0,1,0,-1,1,0,1,1,-1,-1,1,1,1,-1,1,1,1,1",,,3,0,0,0,0
"1,1,1,1,1,-1,-1,1,-1,1,1,1,1,0,1,-1,1,1,0,1,1,1,1,1,1,1,-1,1,0,-1,1",,,3,0,0,0,0
"-1,-1,1,1,1,1,1,1,-1,1,1,1,1,1,1,-1,1,1,0,1,1,1,1,-1,1,1,-1,1,1,1,1",,,3,0,0,0,0
"-1,-1,1,1,1,-1,1,-1,1,1,1,1,-1,0,0,-1,1,1,0,1,1,1,1,-1,1,1,1,1,1,1,-1",,,3,0,0,0,0
"1,-1,1,1,1,-1,0,-1,-1,1,1,1,1,-1,0,-1,1,1,1,1,1,1,1,-1,1,0,-1,1,1,1,-1",,,3,0,0,0,0
"1,1,1,-1,1,-1,1,1,-1,-1,-1,1,1,0,1,-1,-1,1,0,-1,-1,-1,-1,1,1,0,1,1,1,1,1",,,3,0,0,0,0
"-1,-1,1,1,1,-1,0,-1,-1,1,1,1,1,0,-1,-1,1,1,0,1,1,1,1,-1,1,0,-1,1,0,1,-1",,,3,0,0,0,0
"-1,-1,-1,1,-1,-1,1,1,-1,1,1,-1,1,1,1,-1,1,-1,0,1,1,1,1,-1,-1,1,-1,-1,1,1,1",,,3,0,0,0,0
"1,-1,1,1,1,-1,0,-1,-1,1,1,1,-1,0,-1,-1,1,1,1,1,1,1,1,-1,1,1,-1,1,0,1,-1",,,3,0,0,0,0
"-1,-1,1,1,1,-1,1,1,-1,1,1,1,1,0,-1,-1,1,1,0,1,1,1,1,-1,1,1,1,1,0,1,1",,,3,0,0,0,0
"-1,-1,1,1,1,-1,1,-1,-1,1,1,-1,-1,0,-1,-1,1,1,0,1,1,1,1,-1,1,0,1,1,0,1,-1",,,3,0,0,0,0
"1,-1,1,1,1,-1,0,-1,-1,1,1,1,-1,0,-1,1,1,1,0,1,1,1,1,-1,1,-1,-1,1,0,1,-1",,,3,0,0,0,0
"1,-1,1,1,1,-1,0,1,-1,1,1,1,1,0,-1,-1,1,1,1,1,1,1,1,-1,1,0,1,1,0,1,-1",,,3,0,0,0,0
"-1,1,1,1,1,-1,1,0,-1,1,1,1,-1,-1,-1,-1,1,1,1,1,1,1,1,1,1,-1,-1,1,1,1,-1",,,3,0,0,0,0
"-1,-1,1,1,1,-1,0,1,-1,1,1,1,1,0,-1,-1,1,1,0,1,1,1,1,-1,1,0,1,1,-1,1,-1",,,3,0,0,0,0
"1,-1,1,1,1,-1,0,-1,-1,1,1,1,1,1,-1,-1,1,1,1,1,1,1,1,-1,1,-1,1,1,0,1,-1",,,3,0,0,0,0
"-1,-1,1,1,1,-1,0,-1,-1,1,1,1,1,-1,-1,-1,1,1,0,1,1,1,1,-1,1,0,1,1,0,1,-1",,,3,0,0,0,0
"1,-1,1,1,1,-1,0,-1,-1,1,1,1,-1,-1,0,-1,1,1,0,1,1,1,1,-1,1,-1,1,1,0,1,-1",,,3,0,0,0,0
"-1,-1,1,1,1,-1,0,-1,1,1,1,1,-1,0,-1,-1,1,1,0,1,1,1,1,-1,1,1,1,1,0,1,-1",,,3,0,0,0,0
"1,-1,1,1,1,-1,1,1,-1,1,1,1,1,0,-1,0,1,1,0,1,1,1,1,-1,1,1,-1,1,0,1,1",,,3,0,0,0,0
"-1,1,1,1,1,-1,0,0,1,1,1,1,-1,-1,0,-1,1,1,0,1,1,1,1,1,1,-1,-1,1,0,1,-1",,,3,0,0,0,0
"-1,-1,1,1,1,-1,0,-1,1,1,1,1,-1,-1,1,-1,1,1,0,1,1,1,1,-1,1,-1,-1,1,1,1,-1",,,3,0,0,0,0
"1,-1,1,1,1,-1,0,-1,1,1,1,1,1,-1,-1,-1,1,1,0,1,1,1,1,-1,1,-1,1,1,0,1,-1",,,3,0,0,0,0
"-1,-1,1,1,1,-1,0,0,1,1,1,1,-1,-1,1,-1,1,1,0,1,1,1,1,-1,1,-1,-1,1,1,1,-1",,,3,0,0,0,0
"-1,1,1,1,1,-1,0,-1,-1,1,1,1,1,-1,-1,-1,1,1,0,1,1,1,1,1,1,-1,1,1,1,1,-1",,,3,0,0,0,0
"1,-1,1,1,1,-1,1,1,1,1,1,1,1,1,0,1,1,1,0,1,1,1,1,-1,1,1,-1,1,0,1,1",,,3,0,0,0,0
"1,-1,1,1,1,-1,0,-1,-1,1,1,1,1,-1,0,0,-1,1,0,1,1,1,1,-1,1,1,1,1,-1,1,-1",,,3,0,0,0,0
"-1,-1,1,1,1,1,1,1,1,1,1,1,-1,1,-1,-1,1,1,0,1,1,1,1,-1,1,-1,1,1,1,1,1",,,3,0,0,0,0
"1,-1,1,1,1,-1,0,1,1,1,1,1,-1,-1,-1,-1,1,1,0,1,1,1,1,-1,1,1,1,1,0,1,-1",,,3,0,0,0,0
"1,-1,1,1,1,-1,1,1,-1,1,1,1,-1,1,1,1,1,1,0,1,1,1,1,-1,1,1,-1,1,0,1,1",,,3,0,0,0,0
"-1,-1,1,1,1,-1,1,1,1,1,1,-1,-1,0,1,0,-1,1,0,1,1,1,1,-1,1,1,-1,1,0,1,1",,,3,0,0,0,0
"1,1,1,1,1,-1,-1,1,-1,1,1,1,1,0,-1,0,1,1,0,1,1,1,1,1,1,1,-1,1,0,1,1",,,3,0,0,0,0
"1,-1,-1,1,-1,-1,0,-1,1,1,1,-1,-1,-1,-1,-1,1,-1,0,1,1,1,1,-1,-1,-1,-1,-1,0,1,-1",,,3,0,0,0,0
"-1,-1,1,1,1,-1,0,-1,-1,1,1,1,1,-1,-1,-1,1,1,0,1,1,1,1,-1,1,1,-1,1,0,1,-1",,,3,0,0,0,0
"1,-1,1,1,1,1,0,1,-1,1,1,-1,1,1,0,-1,1,1,0,1,1,1,1,-1,1,1,1,1,0,1,1",,,3,0,0,0,0
"1,-1,1,-1,1,-1,0,-1,1,-1,-1,1,-1,0,0,0,-1,1,1,1,1,-1,1,-1,1,-1,1,1,0,1,-1",,,3,0,0,0,0
"1,-1,1,1,1,1,-1,1,-1,1,1,1,1,1,-1,-1,1,1,0,1,1,1,1,-1,1,0,-1,1,0,1,1",,,3,0,0,0,0
"1,-1,1,1,1,-1,0,1,1,1,1,1,1,0,0,-1,1,1,0,1,1,1,1,-1,1,0,1,1,1,1,1",,,3,0,0,0,0
"1,-1,1,1,1,-1,0,-1,1,1,1,1,1,0,0,1,1,1,0,1,1,1,1,-1,1,1,-1,1,1,1,1",,,3,0,0,0,0
"-1,1,1,1,-1,-1,1,1,-1,-1,1,-1,1,0,1,-1,1,1,0,-1,1,-1,1,1,1,1,-1,1,0,1,1",,,3,0,0,0,0
"-1,-1,1,1,1,-1,1,-1,-1,1,1,1,-1,-1,0,0,1,1,0,1,1,1,1,-1,1,-1,1,1,0,1,-1",,,3,0,0,0,0
"1,-1,1,1,1,-1,0,1,-1,1,1,1,1,1,0,-1,1,1,0,1,1,1,1,-1,1,1,-1,1,-1,1,1",,,3,0,0,0,0
"-1,-1,1,1,1,-1,0,-1,1,1,1,1,1,0,-1,-1,1,1,0,1,1,1,1,-1,1,1,1,1,1,1,-1",,,3,0,0,0,0
"-1,-1,1,-1,1,-1,1,0,1,-1,-1,1,-1,-1,-1,-1,-1,1,1,-1,-1,-1,-1,-1,1,1,-1,1,1,1,-1",,,3,0,0,0,0
"-1,-1,1,-1,1,-1,1,0,-1,-1,-1,1,-1,-1,-1,-1,-1,1,0,-1,-1,-1,-1,-1,1,1,-1,1,1,1,-1",,,3,0,0,0,0
"-1,-1,1,1,1,-1,0,-1,-1,1,1,1,-1,0,-1,-1,1,1,0,1,1,1,1,-1,1,1,1,1,1,1,-1",,,3,0,0,0,0
"-1,-1,1,1,1,-1,1,1,-1,1,1,1,-1,1,0,-1,1,1,0,1,1,1,1,-1,1,-1,1,1,1,1,1",,,3,0,0,0,0
"-1,-1,1,-1,1,-1,0,-1,-1,-1,-1,1,1,-1,0,-1,-1,1,1,-1,1,-1,-1,-1,1,-1,-1,1,0,1,-1",,,3,0,0,0,0
"-1,-1,1,1,1,-1,1,0,-1,1,1,1,1,0,-1,0,1,1,0,1,1,1,1,-1,1,-1,-1,1,1,1,-1",,,3,0,0,0,0
"-1,-1,1,-1,1,-1,0,-1,-1,-1,-1,1,1,0,-1,-1,-1,1,1,1,1,-1,1,-1,1,0,1,1,0,1,-1",,,3,0,0,0,0
"1,-1,1,1,1,-1,0,-1,-1,-1,1,1,1,-1,-1,-1,1,1,0,1,1,-1,1,-1,1,-1,-1,1,0,1,-1",,,3,0,0,0,0
"1,-1,1,-1,1,-1,0,-1,-1,-1,-1,1,1,-1,0,-1,-1,1,0,-1,-1,-1,-1,-1,1,-1,1,1,0,1,-1",,,3,0,0,0,0
"-1,-1,1,1,1,1,0,1,-1,1,1,1,1,0,0,-1,-1,1,0,1,1,1,1,-1,1,1,1,1,0,1,1",,,3,0,0,0,0
"1,-1,1,1,1,-1,1,1,-1,1,1,1,1,1,-1,1,1,1,1,1,1,1,1,-1,1,1,1,1,1,1,1",,,3,0,0,0,0
"-1,1,1,1,1,-1,1,1,1,-1,1,1,-1,0,0,-1,1,1,1,-1,1,-1,1,1,1,1,1,1,0,1,1",,,3,0,0,0,0
"1,-1,1,1,1,1,0,1,1,1,1,1,-1,1,1,-1,1,1,0,1,1,1,1,-1,1,1,1,1,0,1,1",,,3,0,0,0,0
"1,-1,1,-1,1,-1,1,1,-1,-1,-1,1,1,0,1,1,-1,-1,0,-1,1,-1,1,-1,1,1,1,1,0,1,1",,,3,0,0,0,0
"-1,1,1,1,1,-1,-1,1,-1,1,1,1,1,0,-1,-1,1,1,0,1,1,1,1,1,1,1,-1,1,1,1,1",,,3,0,0,0,0
"1,-1,1,1,1,-1,0,-1,-1,1,1,1,1,-1,-1,-1,1,1,0,1,1,1,1,-1,1,1,1,1,0,1,-1",,,3,0,0,0,0
"-1,-1,1,1,1,-1,1,0,1,1,1,1,-1,-1,-1,-1,1,1,0,1,1,1,1,-1,1,-1,-1,1,1,1,-1",,,3,0,0,0,0
"-1,1,1,1,1,-1,1,1,-1,1,1,1,1,0,0,1,1,1,0,1,1,1,1,1,1,1,-1,1,0,1,1",,,3,0,0,0,0
"-1,1,1,1,1,-1,1,0,1,1,1,1,-1,-1,0,-1,1,1,0,1,1,1,1,1,1,0,1,1,0,1,-1",,,3,0,0,0,0
"-1,-1,1,1,1,-1,1,1,-1,-1,-1,1,-1,1,0,-1,-1,1,0,1,1,-1,-1,-1,1,1,1,1,0,1,1",,,3,0,0,0,0
"-1,-1,1,1,1,-1,0,-1,1,1,1,1,-1,0,-1,1,1,1,1,1,1,1,1,-1,1,-1,1,1,1,1,-1",,,3,0,0,0,0
"-1,-1,-1,1,-1,-1,0,1,-1,1,1,-1,1,0,0,-1,1,-1,0,1,1,1,1,-1,-1,1,-1,-1,1,1,1",,,3,0,0,0,0
"1,-1,-1,1,-1,-1,0,-1,-1,1,1,-1,1,-1,1,-1,1,-1,0,1,1,1,1,-1,-1,-1,-1,-1,0,1,-1",,,3,0,0,0,0
"-1,-1,1,1,1,-1,1,-1,1,1,1,1,-1,-1,-1,0,1,1,0,1,1,1,1,-1,1,-1,1,1,0,1,-1",,,3,0,0,0,0
"-1,-1,1,-1,1,-1,1,-1,1,-1,-1,1,-1,-1,0,-1,-1,1,1,-1,1,-1,-1,-1,1,0,-1,1,1,1,-1",,,3,0,0,0,0
"1,-1,1,1,1,-1,1,0,-1,1,1,1,1,-1,0,-1,1,1,0,1,1,1,1,-1,1,-1,-1,1,0,1,-1",,,3,0,0,0,0
"1,-1,1,1,1,-1,1,1,1,-1,1,1,-1,1,0,-1,1,1,0,1,1,-1,1,-1,1,0,-1,1,0,1,1",,,3,0,0,0,0
"-1,-1,1,1,1,-1,0,1,-1,1,1,1,-1,0,1,1,1,1,0,1,1,1,1,-1,1,1,-1,1,1,1,1",,,3,0,0,0,0
"-1,-1,1,1,1,-1,0,-1,-1,1,1,-1,1,-1,-1,-1,-1,1,0,1,1,1,1,-1,1,1,1,1,0,1,-1",,,3,0,0,0,0
"-1,-1,1,1,-1,-1,0,-1,1,1,1,-1,-1,0,-1,-1,1,1,0,1,1,1,1,-1,1,1,1,-1,1,1,-1",,,3,0,0,0,0
"1,-1,1,-1,1,1,1,1,-1,-1,-1,1,1,1,1,-1,-1,1,0,-1,-1,-1,-1,-1,1,1,-1,1,1,1,1",,,3,0,0,0,0
"-1,1,1,-1,-1,-1,0,-1,-1,-1,-1,1,1,-1,-1,0,-1,-1,0,-1,1,-1,1,1,1,1,1,-1,-1,1,-1",,,3,0,0,0,0
"1,-1,1,1,1,-1,1,1,-1,1,1,1,-1,1,0,1,1,1,0,1,1,1,1,-1,1,1,1,1,0,1,1",,,3,0,0,0,0
"1,-1,1,1,1,-1,1,1,-1,1,1,1,-1,1,0,-1,1,1,1,1,1,1,1,-1,1,-1,1,1,1,1,1",,,3,0,0,0,0
"1,-1,1,1,1,-1,0,-1,-1,1,1,1,-1,0,-1,-1,1,1,0,1,1,1,1,-1,1,0,1,1,0,1,-1",,,3,0,0,0,0
"-1,-1,1,1,1,-1,0,-1,1,1,1,1,1,-1,-1,-1,1,1,0,1,1,1,1,-1,1,0,-1,1,0,1,-1",,,3,0,0,0,0
"1,-1,1,-1,1,1,1,1,-1,-1,-1,1,-1,1,0,-1,-1,1,0,1,1,1,1,-1,1,1,-1,1,0,1,1",,,3,0,0,0,0
"1,-1,1,1,1,-1,0,-1,-1,1,1,1,1,-1,0,-1,1,1,0,1,1,1,1,-1,1,1,1,1,0,1,-1",,,3,0,0,0,0
"1,-1,1,1,1,-1,0,1,-1,1,1,1,1,0,0,-1,1,1,0,1,1,1,1,-1,1,0,1,1,-1,1,1",,,3,0,0,0,0
"-1,1,1,1,1,1,-1,1,-1,1,1,1,1,1,-1,1,1,1,0,1,1,1,1,1,1,1,-1,1,1,1,1",,,3,0,0,0,0
"-1,-1,1,1,1,-1,-1,1,-1,1,1,1,-1,0,1,1,1,1,0,1,1,1,1,-1,1,1,-1,1,0,1,1",,,3,0,0,0,0
"-1,-1,1,1,1,1,1,1,-1,1,1,1,1,0,0,-1,1,1,0,1,1,1,1,-1,1,1,-1,1,1,1,1",,,3,0,0,0,0
"1,-1,1,1,1,-1,1,1,-1,1,1,1,-1,0,1,1,1,1,0,1,1,1,1,-1,1,1,-1,1,0,1,1",,,3,0,0,0,0
"-1,-1,1,1,1,-1,0,-1,1,1,1,1,-1,-1,0,-1,1,1,1,1,1,1,1,-1,1,-1,1,1,1,1,-1",,,3,0,0,0,0
"-1,1,1,-1,1,-1,0,-1,-1,-1,-1,1,1,-1,0,-1,-1,1,0,1,1,-1,1,1,1,-1,1,1,1,1,-1",,,3,0,0,0,0
"1,-1,1,1,1,-1,1,1,-1,-1,1,1,1,0,-1,-1,1,1,0,1,1,-1,1,-1,1,1,1,1,0,1,1",,,3,0,0,0,0
"1,-1,1,1,1,1,1,1,1,1,1,1,-1,1,0,-1,1,1,0,1,1,1,1,-1,1,-1,1,1,1,1,1",,,3,0,0,0,0
"-1,-1,1,1,1,-1,-1,-1,1,1,1,1,-1,0,0,-1,1,1,0,1,1,1,1,-1,1,1,1,1,1,1,1",,,3,0,0,0,0
"-1,-1,1,1,1,-1,1,-1,1,1,1,1,-1,-1,-1,-1,1,1,0,1,1,1,1,-1,1,-1,1,1,0,1,-1",,,3,0,0,0,0
"-1,-1,1,-1,1,-1,-1,1,-1,-1,-1,1,1,0,1,0,-1,1,0,-1,-1,-1,-1,-1,1,1,-1,1,1,1,1",,,3,0,0,0,0
"-1,-1,1,1,1,-1,1,1,-1,1,1,1,1,0,0,-1,1,1,0,1,1,1,1,-1,1,1,1,1,0,1,1",,,3,0,0,0,0
"-1,-1,1,1,1,-1,0,1,-1,1,1,1,-1,0,0,1,1,1,1,1,1,1,1,-1,1,1,-1,1,1,1,1",,,3,0,0,0,0
"1,-1,1,1,1,-1,1,1,-1,1,1,1,1,0,1,1,1,1,0,1,1,1,1,-1,1,1,-1,1,0,1,1",,,3,0,0,0,0
"-1,-1,-1,-1,-1,-1,0,-1,-1,-1,-1,-1,1,-1,1,-1,-1,-1,0,-1,-1,-1,-1,-1,-1,-1,1,-1,1,1,-1",,,3,0,0,0,0
"-1,-1,1,1,1,-1,0,-1,1,1,1,1,-1,0,0,-1,1,1,0,1,1,1,1,-1,1,0,1,1,1,1,-1",,,3,0,0,0,0
"1,-1,1,1,1,-1,1,1,1,1,1,1,-1,1,1,0,1,1,0,1,1,1,1,-1,1,1,1,1,0,-1,1",,,3,0,0,0,0
"-1,-1,1,1,1,-1,1,1,-1,1,1,1,1,1,0,-1,1,1,0,1,1,1,1,-1,1,-1,1,1,1,1,1",,,3,0,0,0,0
"1,-1,1,-1,1,-1,1,1,-1,-1,-1,1,1,1,-1,-1,-1,1,1,-1,1,-1,1,-1,1,1,1,1,0,1,1",,,3,0,0,0,0
"-1,1,-1,1,-1,-1,1,-1,-1,1,1,-1,1,0,0,-1,1,-1,0,1,1,1,1,1,-1,0,1,-1,1,1,-1",,,3,0,0,0,0
"1,-1,1,1,1,-1,0,-1,1,1,1,1,-1,-1,-1,-1,1,1,0,1,1,1,1,-1,1,-1,1,1,0,1,-1",,,3,0,0,0,0
"-1,-1,1,-1,1,-1,1,0,-1,-1,-1,1,1,-1,-1,-1,-1,1,0,-1,1,-1,1,-1,1,-1,-1,1,1,1,-1",,,3,0,0,0,0
"-1,-1,-1,1,1,-1,1,1,1,1,1,-1,-1,0,-1,0,-1,1,0,1,1,1,1,-1,-1,1,-1,1,1,1,1",,,3,0,0,0,0
"1,-1,1,1,1,-1,1,1,1,1,1,1,1,1,1,1,1,1,0,1,1,1,1,-1,1,1,-1,1,0,1,1",,,3,0,0,0,0
"-1,-1,1,1,1,-1,0,-1,-1,1,1,1,1,0,-1,-1,-1,1,0,1,1,1,1,-1,1,-1,1,1,-1,1,-1",,,3,0,0,0,0
"-1,1,1,1,1,1,-1,1,-1,1,1,1,1,0,0,-1,1,1,0,1,1,1,1,1,1,1,-1,1,1,1,1",,,3,0,0,0,0
"1,-1,1,1,1,1,1,1,-1,1,1,1,1,0,0,1,1,1,0,1,1,1,1,-1,1,1,-1,1,1,1,1",,,3,0,0,0,0
"-1,-1,1,1,1,-1,0,-1,-1,1,1,1,1,-1,-1,-1,1,1,0,1,1,1,1,-1,1,-1,1,1,0,1,-1",,,3,0,0,0,0
"1,1,1,1,1,-1,1,0,-1,1,1,1,1,-1,0,-1,1,1,0,1,1,1,1,1,1,-1,-1,1,0,1,-1",,,3,0,0,0,0
"-1,-1,-1,-1,-1,1,1,1,-1,1,1,-1,1,0,0,-1,1,-1,0,1,1,1,1,-1,-1,1,1,-1,1,1,1",,,3,0,0,0,0
"1,-1,1,1,1,-1,0,-1,1,1,1,1,1,0,-1,-1,1,1,0,1,1,1,1,-1,1,1,1,1,0,1,-1",,,3,0,0,0,0
"-1,-1,1,1,1,-1,0,-1,-1,1,1,1,1,0,-1,-1,1,1,0,1,1,1,1,-1,1,0,1,1,-1,1,-1",,,3,0,0,0,0
"1,-1,-1,1,-1,1,-1,1,-1,1,1,-1,1,1,-1,-1,1,-1,0,1,1,1,1,-1,-1,1,-1,-1,1,1,1",,,3,0,0,0,0
"1,-1,1,1,1,-1,1,1,-1,1,1,1,1,0,1,1,1,1,0,1,1,1,1,-1,1,1,1,1,0,-1,1",,,3,0,0,0,0
"-1,-1,-1,1,1,-1,1,0,1,1,1,1,-1,-1,0,-1,1,1,0,1,1,1,1,-1,1,-1,-1,1,0,-1,-1",,,3,0,0,0,0
"1,1,1,1,1,-1,0,-1,1,1,1,1,-1,-1,0,-1,1,1,0,1,1,1,1,1,1,-1,1,1,0,1,-1",,,3,0,0,0,0
"-1,-1,1,1,1,-1,0,-1,-1,1,1,1,-1,1,-1,-1,1,1,0,1,1,1,1,-1,1,0,1,1,0,1,-1",,,3,0,0,0,0
"-1,1,1,1,1,-1,0,1,-1,1,1,1,1,0,0,0,1,1,0,1,1,1,1,1,1,1,1,1,0,1,1",,,3,0,0,0,0
"-1,-1,1,1,1,-1,0,-1,-1,1,1,1,1,-1,0,0,-1,1,0,1,1,1,1,-1,1,1,1,1,-1,1,-1",,,3,0,0,0,0
"1,-1,1,1,1,-1,0,-1,1,1,1,1,1,-1,-1,-1,1,1,1,1,1,1,1,-1,1,-1,1,1,0,1,-1",,,3,0,0,0,0
"1,-1,1,-1,1,-1,0,-1,-1,-1,-1,1,-1,-1,1,-1,-1,1,0,-1,-1,-1,-1,-1,1,-1,1,1,0,1,-1",,,3,0,0,0,0
"1,-1,1,-1,1,-1,-1,1,-1,-1,-1,1,1,1,0,-1,-1,1,0,-1,-1,-1,-1,-1,1,1,-1,1,1,1,1",,,3,0,0,0,0
"1,-1,1,1,1,-1,1,1,1,1,1,1,-1,0,0,1,1,1,0,1,1,1,1,-1,1,1,1,1,0,1,1",,,3,0,0,0,0
"-1,-1,1,1,1,-1,-1,1,1,1,1,1,-1,0,1,0,1,1,0,1,1,1,1,-1,1,1,-1,1,1,1,1",,,3,0,0,0,0
"1,-1,1,1,1,-1,0,-1,-1,1,1,1,1,0,-1,-1,1,1,0,1,1,1,1,-1,1,1,-1,1,0,1,-1",,,3,0,0,0,0
"1,-1,1,1,1,-1,-1,1,-1,1,1,1,-1,1,0,-1,1,1,0,1,1,1,1,-1,1,1,-1,1,0,1,1",,,3,0,0,0,0
"-1,-1,1,1,1,-1,0,1,-1,1,1,1,-1,0,-1,-1,1,1,1,1,1,1,1,-1,1,0,-1,1,0,1,-1",,,3,0,0,0,0
"1,1,1,1,1,1,-1,1,-1,1,1,1,1,0,-1,-1,1,1,0,1,1,1,1,1,1,0,1,1,0,1,1",,,3,0,0,0,0
"1,-1,1,1,1,-1,1,0,-1,1,1,1,1,-1,0,-1,1,1,0,1,1,1,1,-1,1,0,-1,1,0,1,-1",,,3,0,0,0,0
"-1,-1,1,1,1,-1,-1,-1,-1,1,1,-1,-1,1,0,0,1,1,0,1,1,1,1,-1,1,1,1,1,0,1,1",,,3,0,0,0,0
"1,-1,-1,1,-1,-1,1,1,-1,1,1,-1,1,1,0,-1,1,-1,0,1,1,1,1,-1,-1,1,-1,-1,1,1,1",,,3,0,0,0,0
"1,-1,1,-1,1,-1,1,1,-1,1,1,1,1,1,0,1,-1,-1,1,1,1,1,1,-1,1,1,1,1,0,1,1",,,3,0,0,0,0
"-1,-1,1,-1,1,-1,-1,1,-1,-1,-1,1,1,1,-1,-1,-1,1,0,-1,1,-1,1,-1,1,1,1,1,1,1,1",,,3,0,0,0,0
"1,-1,1,1,1,-1,1,0,1,1,1,1,-1,0,0,0,1,1,0,1,1,1,1,-1,1,-1,-1,1,0,1,-1",,,3,0,0,0,0
"1,-1,1,1,1,-1,0,-1,-1,1,1,1,1,-1,-1,0,1,1,1,1,1,1,1,-1,1,0,-1,1,0,1,-1",,,3,0,0,0,0
"1,-1,1,1,1,-1,1,1,-1,1,1,1,1,0,-1,-1,1,1,0,1,1,1,1,-1,1,1,-1,1,0,1,-1",,,3,0,0,0,0
"-1,-1,1,1,1,-1,0,-1,1,1,1,1,-1,-1,-1,-1,1,1,1,1,1,1,1,-1,1,-1,-1,1,1,1,-1",,,3,0,0,0,0
"1,1,1,1,1,-1,1,1,-1,1,1,1,1,1,0,-1,1,1,0,1,1,1,1,1,1,1,-1,1,0,1,1",,,3,0,0,0,0
"-1,-1,1,1,1,-1,1,1,-1,1,1,1,1,1,1,0,1,1,0,1,1,1,1,-1,1,1,1,1,0,1,1",,,3,0,0,0,0
"1,-1,1,1,1,-1,0,-1,-1,1,1,1,1,1,1,1,1,1,0,1,1,1,1,-1,1,1,1,1,0,1,1",,,3,0,0,0,0
"-1,-1,-1,1,-1,-1,-1,1,-1,1,1,-1,1,0,0,1,1,-1,0,1,1,1,1,-1,-1,1,-1,-1,1,1,1",,,3,0,0,0,0
"1,-1,1,-1,1,-1,0,-1,-1,-1,-1,1,-1,-1,0,-1,-1,1,0,1,1,-1,-1,-1,1,0,-1,1,0,1,-1",,,3,0,0,0,0
"-1,-1,1,1,1,1,1,1,1,-1,-1,1,-1,1,-1,-1,-1,1,0,1,1,-1,1,-1,1,1,-1,1,1,1,1",,,3,0,0,0,0
"1,-1,1,1,1,-1,0,-1,1,1,1,1,1,0,0,-1,1,1,1,1,1,1,1,-1,1,1,1,1,0,1,-1",,,3,0,0,0,0
"1,1,1,1,1,-1,1,0,1,1,1,1,-1,-1,0,0,1,1,0,1,1,1,1,1,1,-1,-1,1,0,1,-1",,,3,0,0,0,0
"-1,-1,1,1,1,-1,1,1,-1,1,1,1,1,1,0,-1,1,1,0,1,1,1,1,-1,1,1,-1,1,1,1,1",,,3,0,0,0,0
"1,-1,1,1,1,-1,1,0,1,1,1,1,1,-1,0,-1,1,1,0,1,1,1,1,-1,1,-1,-1,1,0,1,-1",,,3,0,0,0,0
"-1,-1,1,-1,-1,-1,0,-1,-1,-1,-1,-1,1,0,-1,-1,-1,-1,0,-1,1,-1,1,-1,1,0,1,1,-1,1,-1",,,3,0,0,0,0
"-1,-1,1,-1,1,-1,0,-1,1,-1,-1,1,1,-1,0,-1,-1,1,0,1,1,-1,1,-1,1,0,-1,1,0,1,-1",,,3,0,0,0,0
"-1,-1,1,-1,1,-1,0,-1,-1,-1,-1,1,1,-1,0,-1,-1,1,0,-1,-1,-1,-1,-1,1,-1,-1,1,0,1,-1",,,3,0,0,0,0
"-1,-1,1,1,1,-1,0,0,-1,1,1,1,1,-1,0,-1,1,1,0,1,1,1,1,-1,1,0,-1,1,0,1,-1",,,3,0,0,0,0
"-1,-1,1,1,1,-1,0,-1,-1,1,1,1,1,0,0,-1,-1,1,0,1,1,1,1,-1,1,1,-1,1,0,1,-1",,,3,0,0,0,0
"1,-1,1,1,1,-1,-1,1,-1,1,1,1,-1,0,0,0,1,1,0,1,1,1,1,-1,1,1,-1,1,0,1,1",,,3,0,0,0,0
"-1,-1,1,-1,1,-1,1,1,-1,-1,-1,1,1,1,1,-1,-1,1,0,-1,1,-1,-1,-1,1,1,1,1,1,1,1",,,3,0,0,0,0
"1,-1,1,1,1,-1,0,1,-1,1,1,1,-1,0,0,-1,1,1,0,1,1,1,1,-1,1,0,-1,1,0,1,1",,,3,0,0,0,0
"-1,-1,1,-1,1,-1,1,1,1,-1,-1,1,-1,1,1,-1,-1,1,0,-1,-1,-1,-1,-1,1,1,-1,1,1,1,1",,,3,0,0,0,0
"-1,-1,-1,-1,-1,-1,0,-1,-1,-1,1,-1,1,-1,-1,-1,1,-1,1,-1,1,-1,1,-1,-1,0,-1,-1,1,1,-1",,,3,0,0,0,0
"-1,-1,1,1,1,-1,1,1,1,1,1,1,-1,0,0,1,1,1,1,1,1,1,1,-1,1,0,1,1,0,1,1",,,3,0,0,0,0
"-1,-1,1,1,1,-1,0,0,1,1,1,1,-1,0,0,1,1,1,0,1,1,1,1,-1,1,-1,-1,1,0,1,-1",,,3,0,0,0,0
"-1,-1,1,-1,1,-1,0,1,-1,-1,-1,1,1,0,-1,1,-1,1,0,-1,1,-1,1,-1,1,1,-1,1,1,1,1",,,3,0,0,0,0
"-1,-1,-1,1,-1,-1,1,1,1,1,1,-1,-1,0,-1,1,1,-1,0,1,1,1,1,-1,-1,1,-1,-1,1,1,1",,,3,0,0,0,0
"1,1,1,1,1,-1,0,-1,-1,1,1,1,1,0,1,-1,1,1,0,1,1,1,1,1,1,1,-1,1,0,1,1",,,3,0,0,0,0
"1,-1,-1,1,-1,-1,0,-1,-1,1,1,-1,-1,-1,-1,-1,1,-1,0,1,1,1,1,-1,-1,-1,-1,-1,0,1,-1",,,3,0,0,0,0
"-1,1,1,-1,1,-1,0,-1,-1,-1,-1,1,1,1,-1,-1,-1,1,0,-1,1,-1,-1,1,1,1,-1,1,1,1,1",,,3,0,0,0,0
"-1,1,1,1,1,-1,0,-1,-1,1,1,1,1,-1,-1,-1,1,1,1,1,1,1,1,1,1,-1,-1,1,1,1,-1",,,3,0,0,0,0
"-1,1,-1,1,-1,-1,1,1,-1,1,1,-1,1,0,-1,-1,1,-1,0,1,1,1,1,1,-1,0,-1,-1,1,1,1",,,3,0,0,0,0
"-1,1,1,1,1,-1,1,1,-1,1,1,1,1,0,-1,-1,1,1,0,1,1,1,1,1,1,0,-1,1,1,1,-1",,,3,0,0,0,0
"1,-1,1,1,1,-1,1,-1,-1,1,1,1,1,0,0,-1,1,1,0,1,1,-1,1,-1,1,0,1,1,1,1,1",,,3,0,0,0,0
"-1,-1,1,1,1,-1,1,1,-1,1,1,1,1,1,0,-1,1,1,0,1,1,1,1,-1,1,-1,-1,1,1,1,1",,,3,0,0,0,0
"-1,-1,1,1,1,-1,1,0,1,1,1,1,-1,-1,0,1,1,1,0,1,1,1,1,-1,1,-1,-1,1,0,1,-1",,,3,0,0,0,0
"-1,-1,1,-1,1,-1,0,-1,1,1,1,-1,-1,-1,-1,-1,1,-1,0,1,1,1,1,-1,1,0,-1,1,1,1,-1",,,3,0,0,0,0
"-1,-1,1,1,1,-1,1,-1,1,1,1,1,-1,-1,0,1,1,1,0,1,1,1,1,-1,1,-1,-1,1,1,1,-1",,,3,0,0,0,0
"1,-1,1,1,1,-1,1,1,-1,1,1,1,1,0,-1,-1,1,1,1,1,1,1,1,-1,1,0,1,1,0,1,-1",,,3,0,0,0,0
"-1,-1,-1,1,-1,-1,0,-1,-1,-1,1,-1,1,-1,1,-1,1,1,0,-1,1,-1,1,-1,-1,1,-1,-1,-1,1,-1",,,3,0,0,0,0
"1,-1,1,1,1,-1,0,0,-1,1,1,1,-1,0,-1,-1,1,1,1,1,1,1,1,-1,1,1,-1,1,0,1,-1",,,3,0,0,0,0
"-1,-1,1,1,1,-1,1,0,-1,1,1,1,-1,-1,-1,-1,1,1,0,1,1,1,1,-1,1,-1,-1,1,1,1,-1",,,3,0,0,0,0
"-1,-1,1,1,1,-1,0,-1,1,1,1,1,-1,0,-1,-1,1,1,0,1,1,1,1,-1,1,0,-1,1,1,1,-1",,,3,0,0,0,0
"1,-1,1,1,1,-1,1,1,1,1,1,1,1,0,1,1,1,1,1,1,1,1,1,-1,1,1,1,1,0,1,1",,,3,0,0,0,0
"1,-1,1,1,1,-1,0,0,1,1,1,1,-1,-1,0,-1,1,1,0,1,1,1,1,-1,1,-1,-1,1,0,1,-1",,,3,0,0,0,0
"-1,-1,1,1,1,-1,1,1,-1,1,1,1,1,0,0,-1,1,1,0,1,1,1,1,-1,1,0,1,1,0,1,1",,,3,0,0,0,0
"-1,1,-1,-1,-1,1,0,1,-1,1,1,-1,1,0,-1,-1,1,-1,0,1,1,1,1,1,-1,1,-1,-1,1,1,1",,,3,0,0,0,0
"-1,-1,1,1,1,-1,1,0,1,1,1,1,-1,-1,1,1,1,1,0,1,1,1,1,-1,1,-1,-1,1,1,1,-1",,,3,0,0,0,0
"-1,-1,1,1,1,-1,0,-1,1,1,1,1,1,0,0,-1,1,1,1,1,1,1,1,-1,1,1,-1,1,1,1,1",,,3,0,0,0,0
"-1,-1,1,-1,1,-1,0,-1,1,-1,-1,1,-1,-1,-1,-1,-1,-1,0,-1,1,-1,1,-1,1,1,-1,1,-1,1,-1",,,3,0,0,0,0
"1,-1,1,-1,1,1,1,1,-1,-1,-1,1,1,1,-1,-1,-1,1,0,1,1,-1,1,-1,1,1,-1,1,1,1,1",,,3,0,0,0,0
"-1,-1,1,-1,1,-1,0,-1,-1,-1,-1,1,-1,-1,0,-1,-1,1,0,1,1,-1,1,-1,1,-1,1,1,0,1,-1",,,3,0,0,0,0
"-1,-1,1,1,1,-1,0,-1,-1,1,1,1,-1,-1,-1,0,1,1,0,1,1,1,1,-1,1,-1,1,1,0,1,-1",,,3,0,0,0,0
"-1,-1,1,-1,-1,1,1,1,-1,-1,-1,1,1,1,-1,1,-1,-1,0,-1,1,-1,1,-1,1,1,1,-1,1,1,1",,,3,0,0,0,0
"1,-1,1,1,1,-1,0,-1,1,1,1,1,-1,0,1,-1,1,1,0,1,1,1,1,-1,1,1,1,1,1,1,-1",,,3,0,0,0,0
"1,-1,-1,1,-1,-1,1,1,-1,1,1,-1,1,0,-1,0,1,1,0,1,1,1,1,-1,-1,1,1,-1,-1,1,1",,,3,0,0,0,0
"1,1,1,1,1,-1,0,1,-1,1,1,1,1,-1,-1,-1,1,1,0,1,1,1,1,1,1,0,1,1,0,1,-1",,,3,0,0,0,0
"-1,1,1,1,1,-1,0,0,-1,1,1,1,1,-1,-1,-1,1,1,0,1,1,1,1,1,1,0,-1,1,0,1,-1",,,3,0,0,0,0
"-1,-1,-1,-1,-1,-1,1,1,1,-1,1,-1,-1,0,1,-1,1,-1,0,1,1,-1,1,-1,-1,0,1,-1,1,1,1",,,3,0,0,0,0
"1,-1,1,1,1,-1,1,1,-1,-1,1,1,1,0,1,-1,1,1,0,1,1,-1,1,-1,1,0,-1,1,0,1,1",,,3,0,0,0,0
"1,-1,1,1,1,-1,0,0,1,1,1,1,-1,-1,-1,-1,-1,1,0,1,1,1,1,-1,1,-1,1,1,1,1,-1",,,3,0,0,0,0
"-1,0,-1,1,1,-1,0,1,-1,1,1,1,1,0,0,-1,1,1,0,-1,1,-1,1,-1,1,0,1,1,1,1,1",,,3,0,0,0,0
"1,-1,1,-1,1,-1,1,0,1,-1,-1,1,-1,-1,1,-1,-1,1,0,1,1,-1,1,-1,1,-1,1,1,0,1,-1",,,3,0,0,0,0
"-1,-1,1,1,1,-1,1,-1,-1,1,1,1,-1,0,-1,1,1,1,0,1,1,1,1,-1,1,-1,1,1,0,1,-1",,,3,0,0,0,0
"1,-1,1,-1,1,-1,0,1,-1,-1,-1,1,1,1,-1,-1,-1,1,0,-1,1,-1,1,-1,1,1,-1,1,1,1,1",,,3,0,0,0,0
"1,0,1,-1,1,-1,0,1,1,1,1,-1,-1,0,-1,0,-1,-1,0,1,1,1,1,-1,1,-1,-1,1,0,1,1",,,3,0,0,0,0
"-1,-1,1,-1,1,-1,0,1,-1,-1,-1,1,-1,0,-1,-1,-1,1,0,1,1,1,1,-1,1,0,1,1,1,1,-1",,,3,0,0,0,0
"1,-1,1,1,1,-1,0,-1,1,1,1,1,1,-1,-1,-1,1,1,0,1,1,1,1,-1,1,0,1,1,0,1,-1",,,3,0,0,0,0
"1,-1,1,1,1,-1,0,1,-1,1,1,1,1,1,0,1,1,1,0,1,1,1,1,-1,1,1,-1,1,0,1,1",,,3,0,0,0,0
"1,-1,1,1,1,-1,0,1,-1,-1,1,1,1,0,-1,-1,1,1,1,1,1,-1,1,-1,1,0,1,1,0,1,-1",,,3,0,0,0,0
"1,-1,-1,1,-1,-1,1,1,-1,1,1,-1,1,1,1,-1,1,-1,0,1,1,1,1,-1,-1,1,-1,-1,1,1,1",,,3,0,0,0,0
"-1,-1,1,-1,1,-1,1,1,-1,-1,-1,1,1,0,0,-1,-1,1,0,-1,-1,-1,-1,-1,1,1,-1,1,1,1,1",,,3,0,0,0,0
"-1,-1,1,1,1,-1,0,1,-1,1,1,1,1,0,1,0,1,1,0,1,1,1,1,-1,1,1,-1,1,1,1,1",,,3,0,0,0,0
"1,1,-1,1,-1,1,1,1,-1,1,1,-1,1,1,0,-1,1,-1,0,1,1,1,1,1,-1,1,-1,-1,1,1,1",,,3,0,0,0,0
"1,-1,1,1,1,-1,1,-1,-1,1,1,1,1,-1,-1,-1,1,1,0,1,1,1,1,-1,1,-1,1,1,0,1,-1",,,3,0,0,0,0
"-1,-1,1,1,1,-1,1,1,-1,1,1,1,1,0,1,1,1,1,0,1,1,1,1,-1,1,-1,-1,1,1,1,1",,,3,0,0,0,0
"-1,-1,1,1,1,1,0,1,-1,1,1,1,1,1,0,1,1,1,1,1,1,1,1,-1,1,1,-1,1,0,1,1",,,3,0,0,0,0
"1,-1,1,1,1,-1,0,1,-1,1,1,1,1,0,-1,-1,1,1,0,1,1,1,1,-1,1,0,1,1,0,1,-1",,,3,0,0,0,0
"1,-1,1,1,1,1,0,1,1,1,1,1,-1,1,0,1,1,1,0,1,1,1,1,-1,1,1,-1,1,0,1,1",,,3,0,0,0,0
"-1,1,-1,-1,-1,-1,1,0,-1,1,1,-1,1,-1,-1,-1,1,-1,0,1,1,1,1,1,-1,-1,1,-1,1,1,-1",,,3,0,0,0,0
"1,1,1,1,1,1,0,1,-1,1,1,1,1,0,-1,-1,1,1,1,1,1,1,1,1,1,0,-1,1,0,1,1",,,3,0,0,0,0
"1,1,1,-1,1,-1,1,1,-1,-1,-1,1,1,1,-1,-1,-1,1,0,1,1,-1,1,1,1,1,1,1,1,1,1",,,3,0,0,0,0
"-1,-1,-1,1,-1,-1,0,1,-1,1,1,-1,1,0,-1,1,1,-1,0,1,1,1,1,-1,-1,1,-1,-1,1,1,1",,,3,0,0,0,0
"-1,1,-1,1,-1,1,1,1,-1,1,1,-1,1,0,0,-1,1,-1,0,1,1,1,1,1,-1,1,1,-1,1,1,1",,,3,0,0,0,0
"1,1,1,1,1,-1,1,0,1,1,1,1,-1,-1,-1,-1,1,1,0,1,1,1,1,1,1,0,1,1,0,1,-1",,,3,0,0,0,0
"-1,-1,1,1,1,-1,0,1,1,1,1,1,-1,-1,-1,-1,1,1,0,1,1,1,1,-1,1,0,1,1,0,1,-1",,,3,0,0,0,0
"-1,-1,1,-1,1,-1,0,-1,1,-1,-1,1,-1,-1,-1,-1,-1,1,0,-1,-1,-1,-1,-1,1,0,1,1,1,1,-1",,,3,0,0,0,0
"-1,-1,1,-1,1,-1,0,1,-1,-1,-1,1,1,0,1,-1,-1,1,0,-1,-1,-1,-1,-1,1,1,1,1,1,1,1",,,3,0,0,0,0
"1,-1,1,1,1,-1,1,1,1,1,1,1,-1,0,0,0,1,1,0,1,1,1,1,-1,1,1,-1,1,0,1,1",,,3,0,0,0,0
"-1,-1,1,1,-1,-1,0,1,-1,1,1,1,-1,0,-1,-1,1,1,1,1,1,1,1,-1,1,-1,-1,-1,0,1,-1",,,3,0,0,0,0
"1,-1,1,1,1,-1,1,-1,-1,1,1,1,-1,0,-1,1,1,1,0,1,1,1,1,-1,1,-1,-1,1,0,1,-1",,,3,0,0,0,0
"1,-1,1,-1,1,-1,1,0,-1,-1,-1,1,-1,-1,0,-1,-1,1,1,1,1,-1,1,-1,1,0,-1,1,0,1,-1",,,3,0,0,0,0
"-1,-1,1,1,1,-1,1,1,-1,1,1,1,1,0,1,1,1,1,0,1,1,1,1,-1,1,1,1,1,1,1,1",,,3,0,0,0,0
"1,-1,1,1,1,-1,0,-1,1,1,1,1,1,0,-1,-1,1,1,0,1,1,1,1,-1,1,-1,-1,1,1,1,-1",,,3,0,0,0,0
"-1,-1,-1,1,-1,-1,0,0,1,1,1,-1,-1,-1,-1,-1,1,-1,0,1,1,1,1,-1,-1,-1,-1,-1,0,1,-1",,,3,0,0,0,0
"-1,-1,1,1,1,-1,0,1,1,1,1,1,1,0,0,-1,1,1,0,1,1,1,1,-1,1,-1,-1,1,1,1,1",,,3,0,0,0,0
"-1,-1,1,1,1,-1,0,1,1,1,1,1,1,0,1,-1,1,1,0,1,1,1,1,-1,1,-1,-1,1,1,1,1",,,3,0,0,0,0
"1,-1,1,1,1,-1,1,1,-1,1,1,1,1,0,1,-1,1,1,1,1,1,1,1,-1,1,0,1,1,0,1,-1",,,3,0,0,0,0
"-1,1,1,1,1,-1,1,0,-1,1,1,1,1,-1,-1,-1,1,1,1,1,1,1,1,1,1,-1,-1,1,1,1,-1",,,3,0,0,0,0
"-1,-1,1,1,1,-1,0,1,1,1,1,1,1,1,-1,-1,1,1,0,1,1,1,1,-1,1,-1,1,1,1,1,1",,,3,0,0,0,0
"-1,-1,1,1,1,-1,1,-1,-1,-1,1,1,1,0,0,-1,1,1,0,-1,1,-1,1,-1,1,0,1,1,-1,1,-1",,,3,0,0,0,0
"-1,-1,1,1,1,-1,0,1,-1,1,1,1,1,0,-1,-1,1,1,0,1,1,1,1,-1,1,1,1,1,-1,1,1",,,3,0,0,0,0
"1,-1,1,1,1,-1,0,0,-1,1,1,1,-1,-1,1,-1,1,1,0,1,1,1,1,-1,1,-1,-1,1,0,1,-1",,,3,0,0,0,0
"-1,-1,1,-1,1,-1,0,1,-1,-1,-1,1,1,0,0,1,-1,1,1,1,1,-1,-1,-1,1,1,1,1,1,1,1",,,3,0,0,0,0
"-1,-1,1,1,1,-1,0,1,-1,1,1,1,1,0,-1,-1,1,1,0,1,1,1,1,-1,1,1,-1,1,1,1,-1",,,3,0,0,0,0
"1,-1,1,1,1,-1,0,-1,1,1,1,-1,-1,0,-1,-1,1,1,1,1,1,1,1,-1,1,0,-1,1,1,1,1",,,3,0,0,0,0
"-1,-1,1,1,1,-1,0,-1,-1,1,1,1,-1,0,-1,0,1,1,0,1,1,1,1,-1,1,-1,1,1,1,1,-1",,,3,0,0,0,0
"-1,-1,1,1,1,-1,0,-1,1,1,1,1,-1,1,-1,-1,1,1,1,1,1,1,1,-1,1,-1,1,1,1,1,-1",,,3,0,0,0,0
"-1,-1,1,1,1,-1,0,1,1,-1,1,1,1,0,-1,-1,1,1,0,1,-1,-1,-1,-1,1,0,-1,1,1,1,1",,,3,0,0,0,0
"1,-1,1,1,1,1,1,1,-1,1,1,1,1,0,-1,-1,1,1,0,1,1,1,1,-1,1,1,1,1,0,1,1",,,3,0,0,0,0
"-1,-1,1,1,1,-1,1,1,-1,1,1,1,1,0,1,-1,1,1,0,1,1,1,1,-1,1,0,1,1,1,1,1",,,3,0,0,0,0
"1,-1,1,1,1,-1,0,0,-1,1,1,1,1,0,0,0,1,1,0,1,1,1,1,-1,1,-1,-1,1,0,1,-1",,,3,0,0,0,0
"-1,-1,1,-1,1,-1,1,1,-1,1,1,-1,-1,1,0,-1,-1,-1,0,1,1,1,1,-1,1,-1,1,1,0,1,1",,,3,0,0,0,0
"-1,-1,1,1,1,-1,1,1,-1,1,1,1,1,0,-1,-1,1,1,0,1,1,1,1,-1,1,1,-1,1,1,1,1",,,3,0,0,0,0
"-1,-1,1,1,1,-1,0,-1,1,1,1,1,1,0,-1,-1,1,1,1,1,1,1,1,-1,1,1,1,1,0,1,-1",,,3,0,0,0,0
"-1,-1,1,1,1,-1,0,-1,1,1,1,1,-1,-1,-1,-1,1,1,1,1,1,1,1,-1,1,-1,1,1,1,1,-1",,,3,0,0,0,0
"-1,-1,1,1,1,-1,0,0,-1,1,1,1,1,-1,0,-1,1,1,1,1,1,1,1,-1,1,-1,-1,1,0,1,-1",,,3,0,0,0,0
"-1,-1,1,1,1,-1,1,1,1,-1,1,1,-1,0,1,0,1,1,0,1,1,-1,1,-1,1,1,1,1,1,1,1",,,3,0,0,0,0
"-1,-1,1,1,1,1,0,1,-1,1,1,1,1,0,0,-1,1,1,0,1,1,-1,1,-1,1,1,-1,1,1,1,1",,,3,0,0,0,0
"-1,-1,1,-1,1,-1,0,1,-1,-1,1,1,1,0,0,-1,-1,-1,0,-1,1,-1,1,-1,1,0,-1,1,-1,1,1",,,3,0,0,0,0
"-1,-1,1,1,1,-1,0,-1,1,1,1,1,1,-1,-1,-1,1,1,1,1,1,1,1,-1,1,0,-1,1,0,1,-1",,,3,0,0,0,0
"-1,-1,-1,1,-1,1,0,1,-1,1,1,-1,1,0,0,-1,1,-1,0,1,1,1,1,-1,-1,1,-1,-1,1,1,1",,,3,0,0,0,0
"-1,-1,1,1,1,-1,0,0,1,-1,1,-1,-1,-1,0,-1,1,1,0,-1,1,-1,1,-1,1,-1,-1,1,1,1,-1",,,3,0,0,0,0
"1,1,-1,1,-1,-1,1,1,-1,1,1,-1,1,0,-1,-1,1,-1,0,1,1,1,1,1,-1,0,1,-1,1,1,1",,,3,0,0,0,0
"-1,1,1,1,1,-1,0,1,-1,-1,-1,1,1,0,-1,-1,-1,1,0,-1,1,-1,-1,1,1,1,-1,1,-1,1,1",,,3,0,0,0,0
"-1,1,1,1,1,1,0,1,-1,1,1,1,1,0,0,-1,1,1,0,1,1,1,1,1,1,1,-1,1,1,1,1",,,3,0,0,0,0
"1,1,1,-1,1,-1,0,1,1,1,1,1,-1,0,0,1,-1,-1,0,1,1,1,1,-1,1,1,-1,1,-1,1,1",,,3,0,0,0,0
"1,-1,-1,1,-1,1,1,1,-1,1,1,-1,1,1,1,-1,1,-1,0,1,1,1,1,-1,-1,1,1,-1,1,1,1",,,3,0,0,0,0
"1,1,1,-1,1,-1,-1,-1,-1,-1,-1,1,-1,-1,0,-1,-1,1,0,-1,1,-1,-1,1,1,-1,1,1,0,1,-1",,,3,0,0,0,0
"-1,1,1,1,1,-1,-1,-1,-1,1,1,1,1,-1,0,-1,1,1,1,1,1,1,1,1,1,-1,-1,1,0,-1,-1",,,3,0,0,0,0
"1,1,1,1,1,-1,-1,-1,-1,1,1,1,1,0,0,0,1,1,1,1,1,1,1,1,1,0,1,1,0,1,-1",,,3,0,0,0,0
"-1,-1,1,1,1,-1,0,-1,1,1,1,1,-1,0,-1,-1,1,1,0,1,1,1,1,-1,1,1,1,1,1,1,1",,,3,0,0,0,0
"-1,-1,1,1,1,-1,-1,1,1,1,1,1,1,0,-1,-1,1,1,0,1,1,1,1,-1,1,1,-1,1,0,1,-1",,,3,0,0,0,0
"1,1,1,-1,1,1,0,1,-1,-1,-1,1,1,1,-1,-1,-1,1,0,1,1,-1,-1,1,1,1,-1,1,0,1,1",,,3,0,0,0,0
"1,-1,1,1,-1,-1,1,1,-1,1,1,1,1,1,0,1,1,1,0,1,1,1,1,-1,1,1,1,-1,-1,1,1",,,3,0,0,0,0
"-1,-1,1,1,1,-1,0,1,1,1,1,1,1,0,-1,0,1,1,0,1,1,1,1,-1,1,1,-1,1,1,1,1",,,3,0,0,0,0
"1,-1,1,1,1,1,1,1,-1,1,1,1,1,1,1,1,1,1,0,1,1,1,1,-1,1,1,1,1,0,-1,1",,,3,0,0,0,0
"1,-1,1,1,1,-1,1,1,-1,1,1,1,1,1,0,1,1,1,1,1,1,1,1,-1,1,1,-1,1,0,1,1",,,3,0,0,0,0
"-1,-1,1,1,1,-1,-1,-1,-1,1,1,1,-1,0,0,-1,1,1,0,1,1,1,1,-1,1,0,1,1,0,1,-1",,,3,0,0,0,0
"1,-1,1,1,1,-1,1,0,-1,1,1,1,-1,-1,0,-1,1,1,0,1,1,1,1,-1,1,-1,-1,1,0,1,-1",,,3,0,0,0,0
"-1,-1,-1,1,-1,-1,1,1,-1,1,1,-1,1,1,1,1,1,-1,0,1,1,1,1,-1,-1,1,-1,-1,1,1,1",,,3,0,0,0,0
"-1,-1,1,1,1,-1,1,1,-1,1,1,1,1,0,-1,-1,1,1,1,1,1,1,1,-1,1,1,-1,1,1,1,1",,,3,0,0,0,0
"-1,-1,1,-1,1,-1,1,-1,-1,-1,-1,1,1,0,1,-1,-1,1,0,-1,1,-1,-1,-1,1,0,-1,1,1,1,1",,,3,0,0,0,0
"-1,-1,-1,1,-1,-1,0,1,-1,1,1,-1,1,0,0,1,1,-1,0,1,1,1,1,-1,-1,1,-1,-1,1,1,1",,,3,0,0,0,0
"-1,-1,-1,1,-1,-1,0,1,1,1,1,-1,-1,0,0,-1,1,-1,0,1,1,1,1,-1,-1,1,1,-1,1,1,1",,,3,0,0,0,0
"-1,1,-1,1,-1,-1,-1,-1,-1,1,1,-1,1,-1,-1,-1,1,-1,0,1,1,1,1,1,-1,1,1,-1,1,1,-1",,,3,0,0,0,0
"-1,-1,1,1,1,-1,-1,-1,-1,1,1,1,1,1,0,-1,1,1,1,1,1,1,1,-1,1,1,1,1,0,1,-1",,,3,0,0,0,0
"-1,-1,1,1,1,-1,-1,-1,1,1,1,1,-1,-1,-1,-1,1,1,0,1,1,1,1,-1,1,-1,-1,1,0,1,-1",,,3,0,0,0,0
"-1,-1,-1,-1,-1,-1,1,-1,1,-1,-1,-1,-1,-1,-1,-1,-1,-1,0,-1,1,-1,-1,-1,-1,1,1,-1,1,1,-1",,,3,0,0,0,0
"-1,-1,-1,1,1,-1,1,1,-1,1,1,-1,-1,0,0,-1,1,1,0,1,1,1,1,-1,1,-1,1,1,0,-1,1",,,3,0,0,0,0
"-1,-1,1,1,1,-1,-1,-1,-1,1,1,1,1,0,-1,1,1,1,0,1,1,1,1,-1,1,-1,1,1,1,1,-1",,,3,0,0,0,0
"-1,-1,1,1,1,-1,0,-1,-1,1,1,1,-1,-1,0,-1,1,1,0,1,1,1,1,-1,1,-1,1,1,0,-1,-1",,,3,0,0,0,0
"1,-1,1,1,1,-1,1,-1,-1,1,1,1,-1,-1,-1,0,1,1,0,1,1,1,1,-1,1,-1,1,1,0,1,-1",,,3,0,0,0,0
"-1,-1,1,-1,1,-1,1,1,-1,-1,-1,1,1,0,0,-1,-1,1,0,-1,1,-1,-1,-1,1,1,-1,1,1,1,1",,,3,0,0,0,0
"1,-1,1,1,1,-1,0,-1,1,1,1,1,-1,0,-1,-1,1,1,0,1,1,1,1,-1,1,0,1,1,1,1,-1",,,3,0,0,0,0
"-1,-1,1,1,1,-1,0,1,1,1,1,1,1,0,0,-1,1,1,1,1,1,1,1,-1,1,0,1,1,1,1,-1",,,3,0,0,0,0
"-1,1,1,1,1,-1,0,1,-1,1,1,1,1,1,0,-1,1,1,0,1,1,1,1,1,1,1,-1,1,1,1,1",,,3,0,0,0,0
"1,-1,1,1,1,-1,0,-1,1,1,1,-1,-1,0,-1,-1,1,1,0,1,1,1,1,-1,1,0,-1,1,1,1,1",,,3,0,0,0,0
"1,-1,1,1,1,-1,0,1,-1,1,1,1,1,0,0,1,1,1,0,1,1,1,1,-1,1,1,-1,1,0,1,1",,,3,0,0,0,0
"1,-1,1,1,1,-1,1,1,1,1,1,1,-1,0,0,-1,1,1,0,1,1,1,1,-1,1,1,1,1,0,1,1",,,3,0,0,0,0
"-1,-1,1,1,-1,-1,0,0,1,1,1,1,-1,0,-1,-1,1,1,0,1,1,1,1,-1,1,0,1,-1,1,1,-1",,,3,0,0,0,0
"1,-1,1,-1,1,-1,0,1,-1,-1,-1,1,1,0,-1,-1,-1,1,0,-1,1,-1,1,-1,1,0,1,1,0,1,1",,,3,0,0,0,0
"1,-1,1,1,1,-1,0,-1,-1,1,1,1,1,-1,-1,-1,1,1,0,1,1,1,1,-1,1,-1,1,1,0,1,-1",,,3,0,0,0,0
"-1,-1,1,1,1,-1,0,1,-1,1,1,1,1,0,0,-1,1,1,1,1,1,1,1,-1,1,0,1,1,1,1,1",,,3,0,0,0,0
"1,-1,1,1,1,-1,-1,-1,1,1,1,1,-1,-1,-1,0,1,1,0,1,1,1,1,-1,1,1,-1,1,0,1,-1",,,3,0,0,0,0
"1,-1,1,1,1,-1,-1,-1,1,1,1,1,-1,-1,-1,-1,1,1,0,1,1,1,1,-1,1,0,1,1,0,1,-1",,,3,0,0,0,0
"-1,-1,1,1,1,-1,1,1,-1,1,1,1,1,1,1,1,1,1,0,1,1,1,1,-1,1,1,1,1,0,1,1",,,3,0,0,0,0
"-1,1,1,1,1,-1,1,0,-1,1,1,1,1,-1,-1,-1,1,1,0,1,1,1,1,1,1,-1,-1,1,0,1,-1",,,3,0,0,0,0
"1,-1,1,1,1,-1,1,1,-1,1,1,1,1,1,0,0,1,1,0,1,1,1,1,-1,1,1,1,1,0,1,1",,,3,0,0,0,0
"1,-1,1,1,1,-1,1,1,-1,-1,-1,1,-1,1,0,-1,-1,1,0,1,1,-1,-1,-1,1,1,1,1,0,1,1",,,3,0,0,0,0
"-1,-1,1,1,1,-1,-1,1,-1,1,1,1,-1,0,-1,-1,1,1,0,1,1,1,1,-1,1,0,1,1,0,1,-1",,,3,0,0,0,0
"1,-1,1,1,1,-1,-1,-1,1,1,1,1,-1,-1,-1,-1,1,1,0,1,1,1,1,-1,1,1,1,1,0,1,-1",,,3,0,0,0,0
"-1,-1,-1,-1,-1,-1,0,0,-1,-1,1,-1,1,-1,-1,-1,1,-1,0,-1,1,-1,1,-1,-1,1,-1,1,0,1,-1",,,3,0,0,0,0
"-1,1,1,1,1,-1,-1,-1,1,1,1,1,-1,-1,-1,-1,1,1,0,1,1,1,1,1,1,0,-1,1,1,1,-1",,,3,0,0,0,0
"-1,-1,1,1,1,-1,1,1,-1,1,1,1,1,1,1,-1,1,1,0,1,1,1,1,-1,1,1,-1,1,1,1,1",,,3,0,0,0,0
"1,1,1,1,1,-1,0,1,-1,1,1,1,1,0,0,1,1,1,0,1,1,1,1,1,1,1,-1,1,0,1,1",,,3,0,0,0,0
"1,-1,1,1,1,-1,1,-1,-1,1,1,1,1,0,-1,-1,1,1,1,1,1,1,1,-1,1,0,-1,1,0,1,-1",,,3,0,0,0,0
"-1,1,-1,-1,1,-1,0,-1,-1,1,1,1,1,-1,-1,-1,-1,-1,0,1,1,1,1,-1,1,-1,1,1,0,1,-1",,,3,0,0,0,0
"-1,-1,1,1,1,-1,1,1,-1,1,1,1,-1,0,-1,-1,1,1,0,1,1,1,1,-1,1,1,-1,1,1,1,1",,,3,0,0,0,0
"-1,1,1,-1,1,-1,1,0,-1,-1,-1,1,1,-1,0,-1,-1,1,0,1,1,1,1,1,1,0,-1,1,1,1,-1",,,3,0,0,0,0
"-1,-1,-1,-1,1,-1,0,1,-1,1,1,-1,1,0,-1,-1,-1,-1,0,1,1,1,1,-1,1,0,1,1,1,1,-1",,,3,0,0,0,0
"1,-1,1,1,1,-1,1,1,-1,1,1,1,1,0,-1,-1,1,1,0,1,1,1,1,-1,1,1,1,1,0,1,1",,,3,0,0,0,0
"-1,1,1,1,1,-1,1,1,-1,-1,1,1,1,0,0,-1,1,1,1,-1,1,-1,-1,1,1,0,1,1,0,1,1",,,3,0,0,0,0
"1,-1,1,1,1,-1,0,-1,-1,1,1,1,1,0,-1,-1,1,1,0,1,1,1,1,-1,1,0,-1,1,0,1,1",,,3,0,0,0,0
"-1,-1,1,-1,1,-1,0,-1,-1,-1,-1,1,1,-1,0,-1,-1,1,0,-1,1,-1,-1,-1,1,0,-1,1,1,1,-1",,,3,0,0,0,0
"1,-1,1,1,1,-1,1,-1,-1,1,1,1,1,0,0,-1,1,1,0,1,1,1,1,-1,1,0,1,1,0,1,1",,,3,0,0,0,0
"1,-1,1,1,1,-1,0,-1,-1,1,1,1,1,-1,0,-1,1,1,0,1,1,1,1,-1,1,-1,-1,1,-1,1,-1",,,3,0,0,0,0
"-1,-1,1,1,-1,-1,0,-1,1,1,1,1,-1,-1,0,-1,1,1,0,1,1,1,1,-1,1,-1,-1,1,0,1,-1",,,3,0,0,0,0
"-1,1,1,1,1,-1,0,-1,-1,1,1,-1,1,-1,-1,0,1,1,0,1,1,1,1,1,1,-1,-1,1,-1,1,-1",,,3,0,0,0,0
"-1,-1,1,1,1,-1,0,1,-1,-1,1,1,1,0,0,-1,1,1,0,1,1,-1,1,-1,1,0,-1,1,0,1,-1",,,3,0,0,0,0
"-1,-1,1,1,1,-1,0,1,1,1,1,1,-1,0,1,-1,1,1,0,1,1,1,1,-1,1,1,1,1,1,1,1",,,3,0,0,0,0
"1,-1,1,1,1,-1,0,1,1,1,1,1,-1,-1,-1,0,1,1,0,1,1,1,1,-1,1,-1,-1,1,0,1,-1",,,3,0,0,0,0
"-1,-1,1,1,1,-1,0,-1,-1,1,1,1,-1,0,0,0,1,1,0,1,1,1,1,-1,1,0,-1,1,0,1,-1",,,3,0,0,0,0
"-1,-1,1,1,1,-1,1,1,-1,1,1,-1,-1,1,1,-1,1,1,0,1,1,1,1,-1,1,1,1,1,0,1,1",,,3,0,0,0,0
"1,1,1,1,1,-1,0,1,-1,1,1,1,1,1,1,-1,1,1,0,1,1,1,1,1,1,1,1,1,0,1,1",,,3,0,0,0,0
"1,-1,1,-1,1,-1,0,1,1,-1,-1,1,-1,0,-1,-1,-1,1,0,-1,1,-1,-1,-1,1,0,-1,1,0,1,-1",,,3,0,0,0,0
"-1,-1,-1,-1,-1,-1,0,-1,-1,-1,-1,-1,-1,-1,1,-1,-1,-1,0,1,1,-1,1,-1,-1,0,-1,-1,1,1,-1",,,3,0,0,0,0
"-1,-1,1,1,1,-1,0,-1,1,1,1,1,-1,-1,-1,-1,1,1,0,1,1,1,1,-1,1,0,-1,1,0,1,-1",,,3,0,0,0,0
"-1,1,-1,-1,-1,-1,0,-1,-1,-1,-1,-1,1,-1,1,-1,-1,-1,0,-1,-1,-1,-1,1,-1,1,-1,-1,1,1,-1",,,3,0,0,0,0
"1,-1,1,1,1,-1,0,-1,-1,1,1,1,1,-1,0,-1,1,1,0,1,1,1,1,-1,1,-1,-1,1,0,-1,-1",,,3,0,0,0,0
"1,-1,1,-1,1,-1,0,-1,1,-1,-1,1,-1,0,0,0,-1,1,0,-1,-1,-1,-1,-1,1,-1,-1,1,0,1,-1",,,3,0,0,0,0
"-1,-1,1,1,1,-1,0,-1,1,1,1,1,-1,-1,-1,-1,1,1,1,1,1,1,1,-1,1,-1,1,1,0,1,-1",,,3,0,0,0,0
"1,-1,1,1,1,-1,0,-1,1,1,1,1,-1,0,0,-1,1,1,0,1,1,1,1,-1,1,1,1,1,0,1,-1",,,3,0,0,0,0
"-1,-1,1,1,1,-1,-1,1,-1,-1,1,1,1,0,-1,-1,1,1,0,1,1,-1,1,-1,1,1,1,1,1,1,1",,,3,0,0,0,0
"-1,1,1,1,1,-1,-1,1,-1,-1,-1,1,1,0,-1,-1,-1,1,0,-1,1,-1,-1,1,1,1,-1,1,-1,1,1",,,3,0,0,0,0
"1,-1,1,-1,-1,1,-1,1,1,-1,-1,-1,-1,0,1,1,-1,-1,0,-1,1,-1,1,-1,1,1,-1,-1,0,1,1",,,3,0,0,0,0
"-1,-1,1,1,-1,-1,0,-1,1,1,1,1,-1,-1,0,-1,1,1,0,1,1,1,1,-1,1,-1,1,1,0,1,-1",,,3,0,0,0,0
"1,-1,1,1,1,-1,1,1,1,1,1,1,-1,1,-1,-1,1,1,0,1,1,1,1,-1,1,-1,-1,1,0,1,1",,,3,0,0,0,0
"-1,-1,1,1,1,-1,1,0,1,1,1,1,-1,0,0,0,1,1,1,1,1,1,1,-1,1,-1,-1,1,0,1,-1",,,3,0,0,0,0
"1,-1,1,1,1,-1,0,1,-1,1,1,1,1,0,-1,-1,1,1,1,1,1,1,1,-1,1,0,-1,1,0,1,-1",,,3,0,0,0,0
"1,-1,1,-1,1,1,1,1,-1,-1,1,-1,1,1,1,-1,1,-1,1,-1,1,-1,1,-1,1,1,-1,1,-1,1,1",,,3,0,0,0,0
"-1,1,-1,1,-1,-1,1,1,-1,1,1,-1,1,0,0,-1,1,-1,0,1,1,1,1,1,-1,0,1,-1,1,1,-1",,,3,0,0,0,0
"-1,-1,1,1,1,-1,1,-1,-1,1,1,1,1,-1,-1,0,1,1,0,1,1,1,1,-1,1,0,-1,1,1,1,-1",,,3,0,0,0,0
"-1,-1,1,1,1,-1,1,1,-1,1,1,1,1,1,-1,-1,1,1,1,1,1,1,1,-1,1,1,1,1,1,1,1",,,3,0,0,0,0
"-1,-1,-1,1,-1,-1,0,0,1,1,1,-1,-1,-1,1,-1,1,-1,0,1,1,1,1,-1,-1,-1,-1,-1,0,1,-1",,,3,0,0,0,0
"-1,-1,1,1,1,-1,-1,1,-1,1,1,-1,1,0,1,-1,1,1,0,1,1,1,1,-1,1,-1,-1,1,0,1,1",,,3,0,0,0,0
"1,-1,1,1,-1,-1,1,1,-1,1,1,1,1,1,0,1,1,1,1,1,1,1,1,-1,1,1,1,-1,-1,1,1",,,3,0,0,0,0
"1,-1,1,1,1,-1,1,1,-1,1,1,1,-1,0,0,0,1,1,0,1,1,1,1,-1,1,1,1,1,0,1,1",,,3,0,0,0,0
"-1,-1,1,1,1,-1,1,0,1,1,1,1,1,-1,-1,-1,1,1,0,1,1,1,1,-1,1,-1,-1,1,0,1,-1",,,3,0,0,0,0
"-1,-1,1,1,1,-1,1,0,1,1,1,1,-1,1,-1,-1,1,1,1,1,1,1,1,-1,1,-1,-1,1,1,1,-1",,,3,0,0,0,0
"-1,-1,1,1,1,-1,0,-1,1,1,1,1,1,-1,0,-1,1,1,0,1,1,1,1,-1,1,-1,-1,1,0,1,-1",,,3,0,0,0,0
"1,-1,1,1,1,-1,-1,1,-1,1,1,1,-1,1,-1,1,1,1,1,1,1,1,1,-1,1,0,-1,1,0,1,1",,,3,0,0,0,0
"-1,-1,1,1,1,-1,-1,1,-1,1,1,1,-1,0,0,0,1,1,0,1,1,1,1,-1,1,1,-1,1,0,1,1",,,3,0,0,0,0
"-1,-1,-1,-1,-1,-1,0,-1,-1,-1,-1,-1,1,-1,1,-1,-1,-1,0,-1,-1,-1,-1,-1,-1,1,-1,-1,1,1,-1",,,3,0,0,0,0
"-1,-1,1,-1,1,1,1,1,-1,-1,-1,1,1,1,0,-1,-1,1,0,-1,-1,-1,-1,-1,1,1,-1,1,1,1,1",,,3,0,0,0,0
"-1,-1,1,1,1,1,0,-1,1,1,1,1,-1,0,0,-1,1,1,0,1,1,1,1,-1,1,1,-1,1,1,1,1",,,3,0,0,0,0
"1,-1,1,1,1,-1,1,-1,1,1,1,1,-1,-1,-1,-1,1,1,0,1,1,1,1,-1,1,-1,1,1,0,1,-1",,,3,0,0,0,0
"-1,-1,1,-1,1,-1,0,-1,-1,-1,-1,1,1,-1,0,-1,-1,1,0,-1,1,-1,1,-1,1,0,-1,1,0,1,-1",,,3,0,0,0,0
"-1,-1,-1,1,-1,1,-1,1,-1,1,1,-1,1,0,0,-1,1,-1,0,1,1,1,1,-1,-1,1,-1,-1,1,1,1",,,3,0,0,0,0
"1,-1,1,1,1,-1,0,-1,-1,1,1,1,-1,-1,-1,-1,1,1,1,1,1,1,1,-1,1,0,-1,1,0,1,-1",,,3,0,0,0,0
"-1,-1,1,1,1,-1,0,-1,-1,1,1,-1,1,0,-1,-1,1,1,0,1,1,1,1,-1,1,0,-1,1,0,1,-1",,,3,0,0,0,0
"-1,0,1,-1,1,-1,0,0,1,1,1,1,-1,-1,-1,-1,-1,-1,0,1,1,1,1,-1,1,1,-1,1,1,1,-1",,,3,0,0,0,0
"-1,-1,1,1,1,-1,0,-1,1,1,1,1,-1,-1,-1,0,1,1,1,1,1,1,1,-1,1,0,-1,1,0,1,-1",,,3,0,0,0,0
"-1,-1,1,1,1,-1,-1,1,-1,1,1,1,1,0,1,-1,1,1,0,1,1,1,1,-1,1,1,-1,1,0,1,1",,,3,0,0,0,0
"-1,-1,1,1,1,-1,0,-1,-1,1,1,1,-1,0,-1,-1,1,1,1,1,1,1,1,-1,1,1,1,1,0,1,-1",,,3,0,0,0,0
"-1,-1,-1,1,-1,1,1,1,1,1,1,-1,-1,1,1,-1,1,-1,0,1,1,1,1,-1,-1,1,-1,-1,1,1,1",,,3,0,0,0,0
"1,-1,1,1,1,-1,0,-1,1,1,1,1,-1,0,-1,-1,1,1,1,1,1,1,1,-1,1,0,-1,1,0,1,-1",,,3,0,0,0,0
"-1,-1,-1,1,-1,-1,0,1,-1,1,1,-1,1,1,1,-1,1,-1,0,1,1,1,1,-1,-1,1,-1,-1,1,1,1",,,3,0,0,0,0
"1,-1,1,1,1,-1,0,0,-1,1,1,1,1,-1,-1,-1,1,1,0,1,1,1,1,-1,1,-1,-1,1,0,1,-1",,,3,0,0,0,0
"-1,1,-1,-1,-1,-1,0,-1,1,-1,-1,-1,-1,-1,1,0,-1,-1,0,-1,-1,-1,-1,1,-1,-1,1,-1,1,1,-1",,,3,0,0,0,0
"-1,1,1,1,1,-1,0,1,-1,1,1,1,1,0,1,-1,1,1,0,1,1,-1,1,1,1,0,1,1,1,1,-1",,,3,0,0,0,0
"-1,-1,1,1,1,-1,0,0,1,1,1,1,-1,-1,-1,-1,-1,1,0,1,1,1,1,-1,1,-1,-1,1,1,1,-1",,,3,0,0,0,0
"-1,-1,1,1,1,-1,0,0,1,1,1,1,-1,-1,0,-1,1,1,0,1,1,1,1,-1,1,-1,-1,1,0,1,-1",,,3,0,0,0,0
"1,-1,1,1,1,-1,1,1,1,1,1,1,-1,1,1,-1,1,1,0,1,1,1,1,-1,1,1,1,1,0,1,1",,,3,0,0,0,0
"1,-1,1,1,1,-1,-1,1,-1,1,1,1,1,0,0,0,1,1,0,1,1,1,1,-1,1,1,-1,1,0,1,1",,,3,0,0,0,0
"-1,-1,-1,1,-1,-1,1,1,-1,1,1,-1,1,0,0,-1,1,-1,0,1,1,1,1,-1,-1,1,-1,-1,1,1,1",,,3,0,0,0,0
"-1,-1,1,1,1,-1,1,1,-1,-1,1,1,1,0,-1,-1,1,1,0,1,1,-1,1,-1,1,1,1,1,0,1,1",,,3,0,0,0,0
"-1,1,-1,1,-1,-1,0,-1,-1,1,1,-1,1,-1,0,0,1,-1,0,1,1,1,1,1,-1,1,1,-1,1,1,-1",,,3,0,0,0,0
"-1,-1,1,-1,1,-1,0,1,-1,-1,-1,1,1,1,0,-1,-1,1,0,-1,-1,-1,-1,-1,1,1,-1,1,1,1,1",,,3,0,0,0,0
"1,-1,1,1,1,-1,0,-1,1,1,1,1,-1,0,0,0,1,1,1,1,1,1,1,-1,1,-1,1,1,0,1,-1",,,3,0,0,0,0
"1,-1,1,1,1,-1,0,1,-1,1,1,1,-1,0,-1,1,1,1,0,1,1,1,1,-1,1,1,1,1,0,1,1",,,3,0,0,0,0
"-1,-1,1,1,1,-1,0,-1,-1,1,1,1,-1,-1,0,-1,1,1,1,1,1,1,1,-1,1,1,-1,1,0,1,-1",,,3,0,0,0,0
"1,1,1,1,1,-1,0,-1,-1,1,1,1,1,-1,0,-1,1,1,0,1,1,1,1,1,1,-1,-1,1,0,1,-1",,,3,0,0,0,0
"-1,-1,1,1,1,-1,0,1,-1,1,1,1,1,0,0,-1,1,1,0,1,1,1,1,-1,1,0,-1,1,0,1,-1",,,3,0,0,0,0
"1,1,1,1,1,-1,0,0,1,1,1,1,-1,-1,0,0,1,1,0,1,1,1,1,1,1,-1,-1,1,0,-1,-1",,,3,0,0,0,0
"1,-1,1,1,1,-1,-1,1,1,1,1,1,-1,0,0,0,1,1,0,1,1,1,1,-1,1,1,1,1,0,1,1",,,3,0,0,0,0
"-1,-1,1,-1,1,-1,-1,1,-1,-1,-1,1,1,0,0,1,-1,1,0,-1,1,-1,-1,-1,1,1,1,1,1,1,1",,,3,0,0,0,0
"-1,1,-1,1,-1,-1,-1,1,-1,1,1,-1,1,0,-1,1,1,-1,1,1,1,1,1,1,-1,1,-1,-1,1,1,1",,,3,0,0,0,0
"-1,-1,1,1,1,-1,0,1,1,1,1,1,-1,0,-1,-1,1,1,0,1,1,1,1,-1,1,0,-1,1,0,1,-1",,,3,0,0,0,0
"-1,-1,1,1,1,-1,0,-1,-1,1,1,1,1,1,0,-1,1,1,0,1,1,1,1,-1,1,1,-1,1,0,1,1",,,3,0,0,0,0
"1,-1,1,-1,1,1,1,1,1,-1,-1,1,-1,0,1,-1,-1,1,0,-1,1,-1,-1,-1,1,1,-1,1,1,1,1",,,3,0,0,0,0
"1,0,-1,-1,-1,-1,0,1,-1,1,1,-1,1,0,0,0,-1,-1,0,1,1,1,1,-1,-1,1,1,1,-1,1,1",,,3,0,0,0,0
"-1,-1,1,1,1,-1,0,-1,1,1,1,1,-1,0,0,-1,1,1,0,1,1,1,1,-1,1,1,1,1,0,1,-1",,,3,0,0,0,0
"-1,-1,1,1,1,-1,0,1,1,1,1,1,-1,0,0,1,1,1,1,1,1,1,1,-1,1,1,1,1,0,1,1",,,3,0,0,0,0
"-1,-1,1,-1,-1,1,-1,1,1,-1,-1,-1,-1,0,1,1,-1,-1,0,-1,1,-1,1,-1,1,1,-1,-1,0,1,1",,,3,0,0,0,0
"1,-1,1,1,1,-1,0,1,-1,1,1,-1,1,0,-1,-1,1,1,0,1,1,1,1,-1,1,0,1,1,0,1,-1",,,3,0,0,0,0
"1,-1,1,1,1,1,1,1,1,1,1,1,-1,1,0,-1,1,1,0,1,1,1,1,-1,1,1,-1,1,0,1,1",,,3,0,0,0,0
"1,-1,1,1,1,-1,0,-1,-1,1,1,1,-1,0,-1,-1,1,1,0,1,1,1,1,-1,1,1,1,1,0,1,-1",,,3,0,0,0,0
"1,-1,1,1,1,-1,0,0,1,1,1,1,-1,-1,0,0,1,1,0,1,1,1,1,-1,1,-1,1,1,0,1,-1",,,3,0,0,0,0
"-1,-1,1,1,1,-1,0,-1,-1,1,1,1,1,0,-1,0,1,1,0,1,1,1,1,-1,1,-1,1,1,1,1,-1",,,3,0,0,0,0
"1,-1,1,1,1,1,0,1,-1,1,1,1,-1,0,-1,-1,-1,1,1,1,1,1,1,-1,1,0,1,1,0,1,1",,,3,0,0,0,0
"-1,-1,1,1,1,-1,-1,1,-1,1,1,1,1,0,-1,-1,1,1,0,1,1,1,1,-1,1,1,-1,1,-1,1,1",,,3,0,0,0,0
"-1,-1,1,1,1,-1,0,1,1,1,1,1,-1,0,1,-1,1,1,0,1,1,1,1,-1,1,1,-1,1,1,1,1",,,3,0,0,0,0
"1,-1,1,-1,1,1,1,1,-1,-1,-1,1,-1,1,1,-1,-1,1,0,-1,-1,-1,-1,-1,1,1,-1,1,1,1,1",,,3,0,0,0,0
"-1,-1,-1,1,-1,1,-1,1,-1,1,1,1,1,1,0,-1,1,1,0,1,1,1,1,-1,1,1,-1,-1,-1,1,1",,,3,0,0,0,0
"1,-1,1,1,1,-1,0,-1,-1,1,1,1,-1,0,0,0,1,1,1,1,1,1,1,-1,1,0,1,1,0,1,-1",,,3,0,0,0,0
"-1,-1,1,-1,1,-1,0,-1,-1,-1,-1,1,1,-1,-1,-1,-1,1,0,-1,-1,-1,-1,-1,1,1,-1,1,0,1,-1",,,3,0,0,0,0
"-1,-1,1,1,1,-1,1,1,-1,1,1,1,1,0,0,-1,1,1,0,1,1,1,1,-1,1,0,-1,1,1,1,1",,,3,0,0,0,0
"-1,-1,-1,-1,-1,-1,0,-1,-1,-1,-1,-1,-1,-1,1,-1,-1,-1,0,-1,1,-1,1,-1,-1,0,-1,-1,1,1,-1",,,3,0,0,0,0
"-1,-1,1,-1,1,-1,-1,1,1,-1,-1,1,-1,1,0,-1,-1,1,1,-1,1,-1,-1,-1,1,1,-1,1,1,1,1",,,3,0,0,0,0
"1,-1,1,1,1,-1,0,-1,-1,1,1,1,1,0,-1,-1,1,1,0,1,1,1,1,-1,1,0,1,1,0,1,-1",,,3,0,0,0,0
"1,-1,1,-1,1,-1,0,-1,-1,-1,-1,1,1,-1,1,-1,-1,1,0,-1,-1,-1,-1,-1,1,-1,-1,1,0,1,-1",,,3,0,0,0,0
"-1,-1,1,1,1,-1,0,0,1,1,1,1,-1,-1,0,-1,1,1,0,1,1,1,1,-1,1,-1,-1,1,0,-1,-1",,,3,0,0,0,0
"-1,-1,1,1,1,-1,0,1,1,1,1,1,-1,-1,-1,-1,1,1,0,1,1,1,1,-1,1,-1,1,1,0,1,-1",,,3,0,0,0,0
"1,-1,1,-1,1,-1,0,-1,-1,-1,-1,1,-1,-1,0,-1,-1,1,0,1,1,-1,-1,-1,1,0,1,1,0,1,-1",,,3,0,0,0,0
"-1,-1,1,1,1,-1,0,1,-1,1,1,1,-1,-1,-1,-1,1,1,0,1,1,1,1,-1,1,0,1,1,0,1,-1",,,3,0,0,0,0
"-1,-1,1,1,1,-1,0,-1,1,1,1,1,1,0,-1,-1,1,1,0,1,1,1,1,-1,1,1,1,1,0,1,-1",,,3,0,0,0,0
"1,-1,1,1,1,1,-1,1,-1,1,1,1,1,0,0,1,1,1,0,1,1,1,1,-1,1,1,-1,1,0,1,1",,,3,0,0,0,0
"1,1,1,-1,1,-1,0,1,-1,-1,-1,1,1,0,0,0,-1,1,0,1,1,-1,1,1,1,1,1,1,0,1,1",,,3,0,0,0,0
"1,-1,1,1,1,-1,0,-1,-1,1,1,1,-1,-1,-1,-1,1,1,0,1,1,1,1,-1,1,0,1,1,0,1,-1",,,3,0,0,0,0
"1,-1,1,1,1,-1,0,1,-1,1,1,1,1,1,-1,-1,1,1,0,1,1,1,1,-1,1,0,1,1,0,1,1",,,3,0,0,0,0
"-1,-1,1,1,1,-1,0,-1,-1,1,1,1,-1,-1,0,-1,1,1,0,1,1,1,1,-1,1,-1,1,1,1,-1,-1",,,3,0,0,0,0
"-1,1,1,1,1,-1,-1,-1,-1,1,1,1,1,-1,0,-1,1,1,1,1,1,1,1,1,1,-1,-1,1,1,-1,-1",,,3,0,0,0,0
"-1,-1,1,1,1,-1,0,-1,1,1,1,1,-1,0,0,-1,1,1,0,1,1,1,1,-1,1,1,1,1,1,1,-1",,,3,0,0,0,0
"1,-1,1,1,1,-1,0,1,-1,1,1,1,1,0,0,-1,1,1,0,1,1,1,1,-1,1,0,1,1,0,1,1",,,3,0,0,0,0
"-1,-1,1,1,1,1,0,1,1,1,1,1,-1,0,-1,1,1,1,0,1,1,1,1,-1,1,1,1,1,1,1,1",,,3,0,0,0,0
"1,-1,1,1,1,-1,1,1,1,1,1,1,-1,0,-1,-1,1,1,0,1,1,1,1,-1,1,0,1,1,0,1,1",,,3,0,0,0,0
"1,-1,1,1,1,-1,-1,-1,-1,1,1,1,-1,0,0,-1,1,1,0,1,1,1,1,-1,1,1,1,1,0,1,-1",,,3,0,0,0,0
"1,-1,1,1,1,1,-1,1,-1,1,1,1,1,1,0,1,1,1,0,1,1,1,1,-1,1,1,1,1,0,1,1",,,3,0,0,0,0
"-1,-1,1,1,1,-1,1,-1,1,1,1,1,-1,0,1,-1,1,1,1,1,1,1,1,-1,1,1,-1,1,1,1,-1",,,3,0,0,0,0
"1,1,1,1,1,-1,1,-1,-1,1,1,-1,1,0,0,-1,1,1,1,1,1,1,1,-1,1,0,-1,1,-1,1,1",,,3,0,0,0,0
"-1,-1,1,-1,1,-1,-1,1,1,-1,-1,1,-1,1,0,-1,-1,1,0,-1,1,-1,-1,-1,1,1,-1,1,1,1,1",,,3,0,0,0,0
"-1,-1,1,1,1,-1,-1,1,-1,1,1,1,1,1,1,1,1,1,0,1,1,1,1,-1,1,1,-1,1,0,-1,1",,,3,0,0,0,0
"1,-1,1,1,1,-1,-1,0,-1,1,1,1,1,0,1,-1,1,1,0,1,1,1,1,-1,1,0,1,1,0,1,-1",,,3,0,0,0,0
"1,1,1,1,1,-1,-1,-1,-1,1,1,1,-1,-1,0,-1,1,1,0,1,1,1,1,1,1,-1,1,1,0,-1,-1",,,3,0,0,0,0
"1,-1,1,1,1,-1,0,0,1,1,1,1,-1,-1,0,-1,1,1,0,1,1,1,1,-1,1,-1,-1,1,1,-1,-1",,,3,0,0,0,0
"-1,-1,1,1,1,-1,-1,-1,-1,1,1,1,-1,0,-1,-1,1,1,0,1,1,1,1,-1,1,0,1,1,1,1,-1",,,3,0,0,0,0
"-1,-1,1,-1,1,-1,1,-1,1,1,1,-1,-1,-1,-1,-1,-1,-1,0,1,1,1,1,-1,1,0,-1,1,-1,1,-1",,,3,0,0,0,0
"1,-1,1,-1,1,-1,0,1,-1,-1,-1,1,1,0,-1,-1,-1,1,1,-1,-1,-1,-1,-1,1,1,-1,1,0,1,1",,,3,0,0,0,0
"-1,-1,1,1,1,-1,1,1,-1,-1,-1,1,-1,0,0,0,-1,1,0,1,1,-1,1,-1,1,1,-1,1,1,1,1",,,3,0,0,0,0
"-1,-1,1,1,1,-1,1,0,-1,1,1,1,1,-1,0,0,1,1,1,1,1,1,1,-1,1,-1,-1,1,0,-1,-1",,,3,0,0,0,0
"-1,-1,1,1,1,-1,-1,0,1,1,1,1,-1,0,-1,-1,1,1,0,1,1,1,1,-1,1,0,1,1,0,1,-1",,,3,0,0,0,0
"1,-1,1,1,1,-1,1,1,-1,-1,1,1,1,1,1,1,1,1,0,1,1,-1,1,-1,1,1,-1,1,1,1,1",,,3,0,0,0,0
"1,-1,1,1,1,-1,1,1,1,1,1,1,-1,1,-1,1,1,1,0,1,1,1,1,-1,1,0,1,1,0,1,1",,,3,0,0,0,0
"1,-1,1,-1,1,1,1,1,-1,1,1,-1,-1,1,-1,-1,-1,-1,0,1,1,1,1,-1,1,0,-1,1,0,1,1",,,3,0,0,0,0
"-1,-1,1,1,1,1,1,1,-1,1,1,1,1,0,1,-1,1,1,0,1,1,1,1,-1,1,-1,1,1,1,1,1",,,3,0,0,0,0
"-1,1,-1,1,-1,-1,-1,1,-1,1,1,-1,1,0,0,0,1,-1,0,1,1,1,1,1,-1,1,-1,-1,1,1,1",,,3,0,0,0,0
"-1,-1,1,-1,1,-1,0,0,-1,-1,-1,1,-1,0,-1,-1,-1,1,0,1,1,1,1,-1,1,0,1,1,1,1,-1",,,3,0,0,0,0
"1,-1,-1,1,-1,-1,1,1,1,1,1,-1,-1,0,-1,1,1,-1,0,1,1,1,1,-1,-1,1,-1,-1,1,1,1",,,3,0,0,0,0
"1,-1,1,1,1,-1,1,1,-1,1,1,1,-1,0,0,1,1,1,0,1,1,1,1,-1,1,1,-1,1,0,1,1",,,3,0,0,0,0
"1,-1,1,1,1,-1,1,0,-1,1,1,1,1,0,-1,-1,1,1,0,1,1,1,1,-1,1,0,1,1,0,1,-1",,,3,0,0,0,0
"1,-1,1,1,1,-1,1,0,1,1,1,1,-1,-1,0,-1,1,1,0,1,1,1,1,-1,1,0,-1,1,0,1,-1",,,3,0,0,0,0
"-1,1,1,1,1,-1,1,1,-1,1,1,1,1,0,-1,-1,1,1,0,1,1,-1,1,1,1,0,1,1,1,1,-1",,,3,0,0,0,0
"-1,-1,1,1,1,-1,0,0,1,1,1,1,-1,-1,0,0,1,1,0,1,1,1,1,-1,1,-1,1,1,1,1,-1",,,3,0,0,0,0
"-1,1,-1,-1,-1,-1,-1,-1,-1,-1,-1,-1,1,-1,-1,-1,-1,-1,0,-1,-1,-1,-1,1,-1,1,1,-1,1,1,-1",,,3,0,0,0,0
"1,1,-1,-1,-1,1,0,-1,-1,-1,-1,-1,1,1,1,-1,-1,-1,1,1,-1,-1,-1,1,-1,0,-1,-1,1,1,1",,,3,0,0,0,0
"-1,1,1,1,1,-1,1,1,-1,-1,1,1,1,0,0,-1,1,1,0,-1,1,-1,-1,1,1,0,1,1,0,1,1",,,3,0,0,0,0
"1,-1,1,1,1,-1,-1,1,-1,1,1,1,1,1,0,1,1,1,1,1,1,1,1,-1,1,1,-1,1,0,1,1",,,3,0,0,0,0
"-1,-1,1,1,1,-1,1,0,1,1,1,1,-1,-1,-1,-1,1,1,0,1,1,1,1,-1,1,0,-1,1,1,1,-1",,,3,0,0,0,0
"-1,-1,1,1,1,-1,0,1,-1,1,1,1,1,0,0,-1,1,1,0,1,1,1,1,-1,1,1,1,1,1,1,1",,,3,0,0,0,0
"1,-1,1,1,1,-1,1,1,1,1,1,1,1,0,0,1,1,1,0,1,1,1,1,-1,1,1,1,1,0,1,1",,,3,0,0,0,0
"1,-1,1,1,1,-1,1,-1,-1,1,1,1,1,-1,-1,-1,1,1,0,1,1,1,1,-1,1,0,1,1,0,1,-1",,,3,0,0,0,0
"1,-1,1,1,1,-1,0,-1,-1,1,1,1,1,-1,0,-1,1,1,1,1,1,1,1,-1,1,-1,-1,1,1,1,-1",,,3,0,0,0,0
"1,1,1,1,1,-1,1,1,-1,1,1,1,1,0,0,0,1,1,0,1,1,1,1,1,1,1,-1,1,0,1,1",,,3,0,0,0,0
"1,-1,1,1,1,1,-1,1,-1,1,1,1,1,1,1,1,1,1,0,1,1,1,1,-1,1,1,-1,1,0,1,1",,,3,0,0,0,0
"-1,-1,-1,1,-1,-1,1,1,1,1,1,-1,-1,0,1,-1,1,-1,0,1,1,1,1,-1,-1,-1,1,-1,0,1,1",,,3,0,0,0,0
"1,-1,1,1,1,-1,0,1,-1,1,1,1,1,0,0,-1,1,1,0,1,1,1,1,-1,1,0,1,1,0,1,-1",,,3,0,0,0,0
"-1,-1,1,1,1,-1,1,1,-1,-1,1,1,1,1,1,1,1,1,1,1,1,-1,1,-1,1,1,-1,1,1,1,1",,,3,0,0,0,0
"1,-1,-1,1,-1,-1,0,1,-1,1,1,-1,-1,0,-1,0,1,-1,0,1,1,1,1,-1,-1,1,1,-1,1,1,1",,,3,0,0,0,0
"-1,1,1,1,1,1,-1,1,-1,1,1,1,1,1,0,-1,1,1,0,1,1,1,1,1,1,1,-1,1,1,1,1",,,3,0,0,0,0
"1,-1,1,1,1,-1,-1,1,-1,1,1,1,-1,0,0,1,1,1,0,1,1,1,1,-1,1,1,-1,1,0,1,1",,,3,0,0,0,0
"1,1,1,1,1,-1,0,0,-1,1,1,1,1,1,0,-1,1,1,0,1,1,1,1,1,1,-1,-1,1,0,1,-1",,,3,0,0,0,0
"-1,-1,1,-1,1,-1,1,1,-1,-1,-1,1,1,1,1,1,-1,1,1,-1,-1,-1,-1,-1,1,1,1,1,1,1,1",,,3,0,0,0,0
"-1,-1,1,1,1,-1,-1,1,1,-1,1,1,-1,1,0,1,1,1,1,1,1,-1,-1,-1,1,1,-1,1,1,1,1",,,3,0,0,0,0
"-1,-1,1,1,1,-1,-1,1,1,1,1,1,1,0,1,-1,1,1,1,1,1,1,1,-1,1,-1,-1,1,1,1,1",,,3,0,0,0,0
"-1,-1,1,-1,1,-1,-1,1,-1,-1,-1,1,1,0,-1,-1,-1,1,0,-1,1,-1,1,-1,1,0,1,1,0,1,1",,,3,0,0,0,0
"-1,-1,1,1,1,-1,0,0,-1,-1,-1,1,-1,-1,-1,-1,-1,1,0,1,1,-1,1,-1,1,1,-1,1,1,1,-1",,,3,0,0,0,0
"1,-1,1,1,1,1,0,-1,1,1,1,1,-1,0,-1,-1,1,1,0,1,1,1,1,-1,1,-1,-1,1,1,1,1",,,3,0,0,0,0
"1,-1,1,1,1,-1,0,-1,1,1,1,1,-1,0,-1,-1,1,1,0,1,1,1,1,-1,1,0,1,1,0,1,-1",,,3,0,0,0,0
"1,-1,1,1,1,-1,1,-1,-1,1,1,1,1,0,1,-1,1,1,0,1,1,1,1,-1,1,-1,1,1,1,1,1",,,3,0,0,0,0
"-1,-1,1,1,1,-1,1,1,-1,-1,-1,1,1,1,-1,1,-1,1,1,-1,1,-1,1,-1,1,1,1,1,0,1,1",,,3,0,0,0,0
"1,-1,1,1,1,-1,-1,1,-1,1,1,1,1,0,1,1,1,1,0,1,1,1,1,-1,1,1,-1,1,0,-1,1",,,3,0,0,0,0
"-1,-1,1,-1,1,-1,0,1,1,-1,-1,1,-1,0,-1,-1,-1,1,0,-1,1,-1,-1,-1,1,0,1,1,0,1,-1",,,3,0,0,0,0
"1,-1,1,1,1,-1,0,-1,1,1,1,1,-1,-1,-1,0,1,1,0,1,1,1,1,-1,1,-1,1,1,0,1,-1",,,3,0,0,0,0
"-1,-1,1,1,-1,-1,0,1,-1,1,1,-1,-1,0,-1,-1,1,1,0,1,1,1,1,-1,1,1,1,-1,0,1,-1",,,3,0,0,0,0
"-1,-1,1,1,1,-1,1,1,-1,1,1,1,1,1,0,0,1,1,0,1,1,1,1,-1,1,1,1,1,0,1,1",,,3,0,0,0,0
"-1,-1,1,-1,1,-1,0,-1,1,-1,-1,1,-1,0,0,0,-1,1,1,1,1,-1,1,-1,1,-1,1,1,0,1,-1",,,3,0,0,0,0
"-1,1,-1,-1,-1,1,0,1,-1,-1,1,-1,1,1,1,-1,-1,-1,0,1,1,-1,1,1,-1,0,-1,-1,1,1,1",,,3,0,0,0,0
"1,-1,1,1,-1,1,1,1,-1,1,1,1,1,1,0,-1,1,1,0,1,1,1,1,-1,1,1,-1,1,0,1,1",,,3,0,0,0,0
"1,1,1,-1,1,-1,0,-1,-1,-1,-1,1,-1,-1,0,-1,-1,1,0,-1,1,-1,-1,1,1,-1,1,1,0,1,-1",,,3,0,0,0,0
"1,-1,1,1,1,-1,0,1,1,1,1,1,1,0,1,1,1,1,0,1,1,1,1,-1,1,1,-1,1,0,-1,1",,,3,0,0,0,0
"-1,-1,1,1,1,-1,1,1,-1,1,1,1,1,1,1,-1,1,1,0,1,1,1,1,-1,1,1,1,1,0,-1,1",,,3,0,0,0,0
"1,-1,1,1,1,-1,0,-1,-1,-1,-1,1,1,0,-1,0,-1,1,1,1,1,-1,1,-1,1,1,-1,1,0,1,1",,,3,0,0,0,0
"1,1,1,-1,1,-1,1,0,-1,-1,-1,1,1,-1,-1,-1,-1,1,1,-1,1,-1,-1,1,1,-1,-1,1,0,1,-1",,,3,0,0,0,0
"-1,-1,1,-1,1,-1,0,-1,1,1,1,-1,-1,-1,0,-1,1,-1,0,1,1,1,1,-1,1,-1,1,1,1,1,-1",,,3,0,0,0,0
"-1,1,1,1,1,1,-1,1,-1,1,1,1,1,1,-1,1,1,1,0,1,1,1,1,1,1,1,-1,1,-1,1,1",,,3,0,0,0,0
"1,-1,1,1,1,-1,0,1,-1,1,1,1,-1,0,-1,-1,1,1,0,1,1,1,1,-1,1,1,1,1,0,1,-1",,,3,0,0,0,0
"1,-1,1,1,1,-1,0,-1,1,1,1,1,-1,-1,-1,0,1,1,0,1,1,1,1,-1,1,0,-1,1,0,1,-1",,,3,0,0,0,0
"1,-1,1,1,1,-1,0,-1,-1,1,1,1,1,-1,-1,0,1,1,0,1,1,1,1,-1,1,0,1,1,0,1,-1",,,3,0,0,0,0
"-1,-1,1,1,1,-1,1,1,1,1,1,1,-1,-1,-1,-1,1,1,0,1,1,1,1,-1,1,-1,1,1,1,1,-1",,,3,0,0,0,0
"1,-1,1,1,1,-1,0,-1,1,1,1,1,-1,0,-1,1,1,1,0,1,1,1,1,-1,1,-1,1,1,0,1,-1",,,3,0,0,0,0
"-1,-1,-1,1,-1,1,1,-1,-1,1,1,-1,1,1,0,-1,1,-1,0,1,1,1,1,-1,-1,1,1,-1,1,1,1",,,3,0,0,0,0
"1,-1,1,1,1,-1,1,1,-1,1,1,1,1,1,-1,1,1,1,0,1,1,1,1,-1,1,0,1,1,0,1,1",,,3,0,0,0,0
"-1,1,-1,-1,-1,1,-1,1,-1,1,1,-1,1,0,-1,-1,1,-1,0,1,1,1,1,1,-1,1,-1,-1,1,1,1",,,3,0,0,0,0
"1,-1,1,1,1,-1,1,1,-1,1,1,1,1,0,-1,0,1,1,0,1,1,1,1,-1,1,0,1,1,1,1,1",,,3,0,0,0,0
"-1,-1,-1,1,-1,-1,1,1,-1,1,1,-1,1,1,0,-1,1,-1,0,1,1,1,1,-1,-1,1,-1,-1,1,1,1",,,3,0,0,0,0
"-1,1,-1,1,-1,-1,1,-1,-1,1,1,-1,1,0,-1,-1,1,-1,0,1,1,1,1,1,-1,0,1,-1,1,1,-1",,,3,0,0,0,0
"-1,-1,1,1,1,1,1,1,-1,1,1,1,1,0,1,-1,1,1,0,1,1,1,1,-1,1,1,1,1,0,1,1",,,3,0,0,0,0
"1,-1,1,1,1,-1,-1,1,-1,1,1,1,1,0,0,0,1,1,1,1,1,1,1,-1,1,1,-1,1,0,1,1",,,3,0,0,0,0
"1,-1,1,1,1,1,0,1,-1,1,1,1,1,1,0,-1,1,1,0,1,1,1,1,-1,1,1,-1,1,1,1,1",,,3,0,0,0,0
"-1,-1,1,1,1,-1,0,-1,-1,1,1,1,1,0,-1,0,1,1,0,1,1,1,1,-1,1,1,-1,1,0,1,-1",,,3,0,0,0,0
"1,-1,1,-1,1,-1,0,0,1,1,-1,1,1,0,-1,-1,-1,-1,0,1,1,1,1,-1,1,1,-1,1,1,1,-1",,,3,0,0,0,0
"-1,-1,1,1,1,-1,-1,1,-1,1,1,1,1,0,0,-1,1,1,0,1,1,1,1,-1,1,1,-1,1,0,1,1",,,3,0,0,0,0
"1,-1,1,1,1,-1,1,1,1,1,1,1,1,0,0,0,1,1,0,1,1,1,1,-1,1,1,-1,1,0,1,1",,,3,0,0,0,0
"-1,-1,1,1,1,-1,1,1,-1,1,1,1,1,1,-1,1,1,1,1,1,1,1,1,-1,1,0,1,1,1,1,1",,,3,0,0,0,0
"1,-1,1,1,1,-1,0,1,1,1,1,1,-1,0,-1,-1,1,1,0,1,1,1,1,-1,1,-1,-1,1,0,1,1",,,3,0,0,0,0
"1,-1,1,1,1,-1,1,1,-1,1,1,1,-1,1,-1,-1,1,1,1,1,1,1,1,-1,1,1,1,1,0,1,1",,,3,0,0,0,0
"-1,-1,1,-1,1,-1,1,0,1,-1,-1,1,-1,-1,-1,-1,-1,1,0,-1,1,-1,1,-1,1,1,-1,1,1,1,-1",,,3,0,0,0,0
"-1,-1,1,-1,1,-1,-1,1,-1,-1,-1,1,1,0,0,0,-1,1,0,-1,-1,-1,-1,-1,1,1,1,1,1,1,1",,,3,0,0,0,0
"-1,1,1,-1,1,-1,0,1,-1,-1,-1,1,1,1,0,1,-1,1,1,1,1,-1,1,1,1,1,1,1,1,1,1",,,3,0,0,0,0
"1,-1,-1,1,-1,-1,0,1,-1,1,1,-1,1,1,1,-1,1,-1,0,1,1,1,1,-1,-1,1,1,-1,1,1,1",,,3,0,0,0,0
"-1,-1,1,1,1,-1,1,-1,-1,1,1,1,1,-1,0,-1,1,1,0,1,1,1,1,-1,1,-1,-1,1,0,1,-1",,,3,0,0,0,0
"-1,-1,1,1,1,-1,-1,1,-1,1,1,1,1,0,0,1,1,1,0,1,1,1,1,-1,1,1,-1,1,1,1,1",,,3,0,0,0,0
"-1,-1,1,1,1,-1,-1,1,1,1,1,1,1,0,-1,0,1,1,0,1,1,1,1,-1,1,1,-1,1,1,1,1",,,3,0,0,0,0
"-1,-1,1,1,1,-1,1,0,-1,1,1,1,-1,-1,1,-1,1,1,1,1,1,1,1,-1,1,1,-1,1,0,-1,-1",,,3,0,0,0,0
"1,-1,1,1,1,-1,1,1,1,1,1,1,-1,0,-1,-1,1,1,0,1,1,1,1,-1,1,1,1,1,0,1,1",,,3,0,0,0,0
"-1,-1,1,1,1,-1,0,-1,-1,1,1,1,-1,-1,-1,-1,1,1,0,1,1,1,1,-1,1,-1,-1,1,0,1,-1",,,3,0,0,0,0
"-1,-1,1,1,1,-1,-1,-1,-1,1,1,1,1,-1,0,-1,1,1,0,1,1,1,1,-1,1,-1,-1,1,-1,1,-1",,,3,0,0,0,0
"1,1,1,1,1,-1,-1,1,-1,1,1,1,1,0,0,-1,1,1,0,1,1,1,1,1,1,1,1,1,0,1,1",,,3,0,0,0,0
"-1,-1,1,-1,1,-1,-1,-1,-1,-1,-1,1,1,-1,0,0,-1,1,0,-1,1,-1,-1,-1,1,0,-1,1,1,1,-1",,,3,0,0,0,0
"-1,-1,1,1,1,-1,1,1,-1,1,1,1,1,1,-1,1,1,1,0,1,1,1,1,-1,1,0,1,1,1,1,1",,,3,0,0,0,0
"-1,-1,1,1,1,-1,0,-1,1,1,1,1,1,0,0,-1,1,1,0,1,1,1,1,-1,1,1,-1,1,1,1,-1",,,3,0,0,0,0
"1,-1,1,1,1,1,0,-1,-1,1,1,1,1,0,0,-1,1,1,0,1,1,1,1,-1,1,1,1,1,0,1,1",,,3,0,0,0,0
"-1,-1,1,1,1,1,1,1,-1,1,1,1,1,1,1,1,1,1,0,1,1,1,1,-1,1,-1,1,1,1,1,1",,,3,0,0,0,0
"1,-1,1,1,1,-1,1,-1,1,1,1,1,-1,-1,-1,-1,1,1,1,1,1,1,1,-1,1,-1,-1,1,0,1,-1",,,3,0,0,0,0
"1,-1,1,1,1,-1,-1,1,-1,1,1,1,1,1,1,-1,1,1,0,1,1,1,1,-1,1,1,-1,1,0,1,1",,,3,0,0,0,0
"-1,1,-1,-1,-1,-1,-1,-1,1,-1,-1,-1,-1,-1,1,0,-1,-1,0,-1,-1,-1,-1,1,-1,-1,-1,-1,1,1,-1",,,3,0,0,0,0
"-1,-1,1,1,1,-1,0,-1,-1,-1,-1,1,1,-1,0,-1,-1,1,1,1,1,-1,1,-1,1,-1,-1,1,0,1,-1",,,3,0,0,0,0
"-1,0,1,1,1,-1,0,-1,1,1,1,-1,-1,0,-1,-1,1,1,0,1,1,1,1,-1,1,0,1,1,0,1,-1",,,3,0,0,0,0
"-1,-1,1,1,1,-1,0,-1,-1,1,1,1,-1,0,0,-1,1,1,0,1,1,1,1,-1,1,0,1,1,0,1,-1",,,3,0,0,0,0
"-1,1,1,1,1,-1,1,0,1,1,1,1,-1,-1,0,-1,1,1,0,1,1,1,1,1,1,-1,-1,1,0,1,-1",,,3,0,0,0,0
"-1,-1,-1,-1,-1,-1,0,-1,-1,-1,-1,-1,1,-1,-1,-1,-1,-1,1,-1,-1,-1,-1,-1,-1,-1,-1,-1,1,1,-1",,,3,0,0,0,0
"-1,-1,1,1,1,-1,0,0,1,1,1,1,1,0,-1,-1,1,1,1,1,1,1,1,-1,1,1,1,1,0,1,-1",,,3,0,0,0,0
"1,-1,-1,1,-1,-1,0,0,1,1,1,-1,-1,-1,-1,-1,1,-1,0,1,1,1,1,-1,-1,-1,-1,-1,0,1,-1",,,3,0,0,0,0
"1,1,1,1,1,1,1,1,-1,1,1,1,1,-1,0,-1,1,1,0,1,1,1,1,1,1,1,-1,1,1,1,1",,,3,0,0,0,0
"-1,-1,1,-1,1,-1,1,1,1,-1,-1,1,-1,1,1,1,-1,1,0,1,1,-1,1,-1,1,1,-1,1,1,1,1",,,3,0,0,0,0
"1,-1,1,1,1,-1,0,1,-1,1,1,1,-1,1,-1,1,1,1,0,1,1,1,1,-1,1,0,-1,1,0,1,1",,,3,0,0,0,0
"-1,-1,1,1,1,-1,0,-1,-1,1,1,1,1,0,0,-1,1,1,0,1,1,1,1,-1,1,0,1,1,0,1,-1",,,3,0,0,0,0
"-1,-1,-1,-1,-1,-1,0,-1,-1,-1,1,-1,-1,-1,-1,-1,-1,-1,0,-1,1,-1,1,-1,-1,0,1,-1,0,1,-1",,,3,0,0,0,0
"1,-1,1,1,1,1,1,1,-1,1,1,1,1,1,1,-1,1,1,1,1,1,1,1,-1,1,1,1,1,0,1,1",,,3,0,0,0,0
"-1,-1,1,1,1,-1,0,-1,-1,-1,1,1,-1,0,-1,-1,1,1,0,-1,1,-1,-1,-1,1,1,1,1,-1,1,-1",,,3,0,0,0,0
"-1,-1,1,1,1,-1,0,-1,-1,1,1,-1,1,-1,-1,-1,-1,1,0,1,1,1,1,-1,1,1,-1,1,0,1,-1",,,3,0,0,0,0
"-1,-1,-1,-1,-1,-1,0,1,-1,1,1,-1,1,1,0,-1,-1,-1,0,1,1,1,1,-1,-1,1,-1,-1,-1,1,1",,,3,0,0,0,0
"1,-1,1,1,1,-1,1,-1,-1,1,1,1,-1,-1,0,0,1,1,0,1,1,1,1,-1,1,-1,1,1,0,1,-1",,,3,0,0,0,0
"1,1,-1,-1,-1,1,1,1,-1,1,1,-1,-1,0,1,-1,1,-1,0,1,1,1,1,1,-1,1,1,-1,1,1,1",,,3,0,0,0,0
"-1,-1,1,1,1,-1,0,1,1,1,1,1,-1,0,0,1,1,1,0,1,1,1,1,-1,1,0,-1,1,1,1,1",,,3,0,0,0,0
"1,-1,1,1,1,-1,1,-1,1,1,1,1,-1,1,-1,-1,1,1,1,1,1,1,1,-1,1,-1,-1,1,0,1,-1",,,3,0,0,0,0
"-1,-1,1,1,1,-1,0,-1,1,1,1,1,1,-1,-1,-1,1,1,0,1,1,1,1,-1,1,-1,-1,1,0,1,-1",,,3,0,0,0,0
"-1,-1,1,1,1,-1,0,-1,-1,1,1,1,1,-1,0,-1,1,1,0,1,1,1,1,-1,1,0,-1,1,1,1,-1",,,3,0,0,0,0
"-1,-1,1,1,1,-1,1,1,1,1,1,-1,-1,1,1,0,1,1,0,1,1,1,1,-1,1,1,-1,1,1,1,1",,,3,0,0,0,0
"-1,-1,1,1,1,-1,0,-1,1,1,1,1,1,0,-1,-1,1,1,0,1,1,1,1,-1,1,0,1,1,0,1,-1",,,3,0,0,0,0
"-1,1,-1,1,-1,-1,1,0,-1,1,1,-1,1,-1,0,-1,1,1,1,1,1,1,1,1,-1,1,-1,1,-1,1,-1",,,3,0,0,0,0
"-1,-1,-1,-1,-1,-1,0,-1,1,-1,-1,-1,-1,-1,1,-1,-1,-1,0,-1,1,-1,-1,-1,-1,-1,1,-1,1,1,-1",,,3,0,0,0,0
"-1,-1,1,1,1,1,-1,1,1,1,1,1,-1,1,0,1,1,1,0,1,1,1,1,-1,1,1,-1,1,0,1,1",,,3,0,0,0,0
"1,-1,1,1,1,-1,0,-1,-1,1,1,1,1,-1,0,-1,1,1,1,1,1,1,1,-1,1,-1,1,1,0,1,-1",,,3,0,0,0,0
"1,-1,1,1,1,-1,1,1,-1,1,1,1,1,0,-1,-1,1,1,0,1,1,1,1,-1,1,1,-1,1,0,1,1",,,3,0,0,0,0
"-1,1,1,1,1,-1,1,1,-1,-1,1,1,1,0,-1,0,1,1,0,1,1,-1,1,1,1,1,1,1,1,1,1",,,3,0,0,0,0
"-1,-1,-1,-1,-1,-1,-1,1,1,1,1,-1,-1,1,-1,1,1,-1,0,1,1,1,1,-1,-1,1,-1,1,1,1,1",,,3,0,0,0,0
"-1,-1,1,1,1,-1,0,-1,-1,1,1,1,1,-1,0,-1,1,1,0,1,1,1,1,-1,1,1,1,1,1,1,-1",,,3,0,0,0,0
"-1,1,1,1,1,-1,-1,-1,-1,1,1,1,1,-1,-1,-1,1,1,0,1,1,1,1,1,1,0,1,1,0,1,-1",,,3,0,0,0,0
"1,-1,1,1,1,-1,-1,-1,1,1,1,1,-1,0,-1,-1,1,1,0,1,1,1,1,-1,1,0,1,1,0,1,-1",,,3,0,0,0,0
"-1,1,1,1,1,-1,1,1,-1,1,1,1,1,0,1,-1,1,1,0,1,1,1,1,1,1,1,-1,1,1,1,1",,,3,0,0,0,0
"-1,-1,1,1,1,-1,-1,-1,1,1,1,1,-1,0,-1,-1,1,1,0,1,1,1,1,-1,1,0,1,1,0,1,-1",,,3,0,0,0,0
"1,-1,1,1,1,-1,-1,-1,-1,1,1,1,-1,0,-1,-1,1,1,1,1,1,1,1,-1,1,0,1,1,0,1,-1",,,3,0,0,0,0
"-1,-1,1,1,1,-1,1,-1,1,1,1,1,-1,-1,0,0,1,1,0,1,1,1,1,-1,1,-1,1,1,1,1,-1",,,3,0,0,0,0
"-1,-1,1,-1,1,-1,1,0,1,-1,-1,1,-1,-1,0,-1,-1,1,0,-1,1,-1,-1,-1,1,0,-1,1,0,1,-1",,,3,0,0,0,0
"-1,1,-1,1,1,-1,1,1,-1,1,1,1,1,0,1,-1,1,1,0,1,1,1,1,-1,1,0,1,1,0,1,-1",,,3,0,0,0,0
"-1,-1,1,1,1,-1,-1,-1,-1,1,1,1,1,-1,-1,-1,1,1,1,1,1,1,1,-1,1,-1,1,1,1,1,-1",,,3,0,0,0,0
"-1,-1,1,1,1,-1,-1,-1,-1,1,1,1,-1,-1,-1,-1,1,1,1,1,1,1,1,-1,1,-1,1,1,0,1,-1",,,3,0,0,0,0
"1,-1,1,1,1,-1,1,1,1,1,1,1,-1,0,-1,1,1,1,0,1,1,1,1,-1,1,-1,1,1,0,1,1",,,3,0,0,0,0
"1,-1,1,-1,1,-1,1,0,1,-1,-1,1,1,-1,0,-1,-1,1,1,1,1,-1,1,-1,1,0,-1,1,0,1,-1",,,3,0,0,0,0
"1,-1,1,1,1,-1,1,1,1,1,1,1,-1,0,0,1,1,1,1,1,1,1,1,-1,1,1,1,1,0,1,1",,,3,0,0,0,0
"1,1,1,1,1,-1,-1,1,-1,1,1,1,1,0,1,-1,1,1,0,1,1,1,1,1,1,1,-1,1,0,1,1",,,3,0,0,0,0
"-1,1,-1,1,-1,-1,0,0,1,1,1,-1,-1,-1,1,-1,1,1,1,-1,1,-1,1,-1,-1,-1,-1,1,0,1,-1",,,3,0,0,0,0
"-1,1,1,-1,1,-1,-1,-1,-1,-1,-1,1,1,-1,0,-1,-1,1,1,1,1,-1,1,1,1,1,1,1,1,1,-1",,,3,0,0,0,0
"-1,1,1,1,1,1,1,1,-1,1,1,1,1,0,1,-1,1,1,0,1,1,1,1,1,1,-1,1,1,1,1,1",,,3,0,0,0,0
"1,-1,1,-1,1,-1,-1,-1,-1,-1,-1,1,1,1,0,-1,-1,1,1,-1,-1,-1,-1,-1,1,0,1,1,0,1,-1",,,3,0,0,0,0
"1,-1,1,1,1,-1,0,-1,-1,1,1,1,-1,0,0,-1,1,1,1,1,1,1,1,-1,1,1,1,1,0,1,-1",,,3,0,0,0,0
"1,-1,1,-1,1,-1,1,1,-1,-1,-1,1,1,0,-1,1,-1,1,0,-1,1,-1,-1,-1,1,1,1,1,1,1,1",,,3,0,0,0,0
"1,-1,1,1,1,-1,-1,1,1,1,1,1,-1,1,0,0,1,1,0,1,1,1,1,-1,1,1,-1,1,0,1,1",,,3,0,0,0,0
"-1,-1,1,1,1,-1,0,0,1,1,1,1,1,0,-1,-1,1,1,1,1,1,1,1,-1,1,1,-1,1,0,1,-1",,,3,0,0,0,0
"-1,-1,1,1,1,-1,-1,1,-1,-1,1,1,1,0,-1,-1,1,1,0,1,1,-1,1,-1,1,1,-1,1,1,1,1",,,3,0,0,0,0
"1,0,-1,-1,1,-1,-1,1,-1,1,1,1,1,0,0,-1,-1,-1,0,-1,1,-1,1,-1,1,1,-1,1,-1,1,1",,,3,0,0,0,0
"1,1,1,1,1,-1,0,-1,-1,1,1,1,1,0,0,0,1,1,0,1,1,1,1,1,1,0,1,1,0,1,-1",,,3,0,0,0,0
"-1,-1,1,-1,1,-1,1,0,-1,-1,-1,1,-1,-1,0,-1,-1,1,0,1,1,-1,1,-1,1,0,1,1,0,1,-1",,,3,0,0,0,0
"1,1,1,1,1,1,0,-1,-1,1,1,1,1,0,0,-1,1,1,1,1,1,1,1,1,1,1,-1,1,-1,1,1",,,3,0,0,0,0
"1,-1,1,1,1,-1,-1,1,1,1,1,1,-1,0,0,0,1,1,0,1,1,1,1,-1,1,1,-1,1,1,1,1",,,3,0,0,0,0
"1,-1,1,1,1,-1,0,0,1,1,1,1,-1,0,-1,-1,1,1,1,1,1,1,1,-1,1,0,1,1,0,1,-1",,,3,0,0,0,0
"-1,1,1,1,1,-1,1,-1,-1,1,1,1,1,-1,-1,-1,1,1,0,1,1,1,1,1,1,-1,1,1,1,1,-1",,,3,0,0,0,0
"-1,1,1,1,1,-1,0,-1,-1,1,1,1,1,-1,0,0,1,1,0,1,1,1,1,1,1,-1,-1,1,1,1,-1",,,3,0,0,0,0
"-1,1,1,1,1,-1,1,-1,1,1,1,1,1,0,0,-1,1,1,1,1,1,1,1,1,1,1,-1,1,1,1,-1",,,3,0,0,0,0
"-1,-1,1,1,1,-1,1,1,1,1,1,1,1,0,0,0,1,1,0,1,1,1,1,-1,1,-1,-1,1,1,1,1",,,3,0,0,0,0
"-1,-1,-1,1,-1,-1,0,-1,-1,1,1,-1,1,-1,-1,-1,1,-1,0,1,1,1,1,-1,-1,1,-1,-1,1,1,-1",,,3,0,0,0,0
"-1,-1,1,1,1,-1,1,0,1,1,1,1,-1,-1,-1,-1,1,1,0,1,1,1,1,-1,1,-1,1,1,1,1,-1",,,3,0,0,0,0
"-1,-1,1,1,1,-1,1,0,-1,-1,-1,1,-1,-1,-1,-1,-1,1,0,1,1,-1,1,-1,1,1,-1,1,1,1,-1",,,3,0,0,0,0
"-1,-1,1,1,1,-1,0,-1,-1,1,1,1,-1,-1,0,-1,1,1,0,1,1,-1,1,-1,1,0,-1,1,1,1,-1",,,3,0,0,0,0
"-1,-1,1,-1,1,-1,0,1,-1,-1,-1,1,1,0,1,0,-1,1,0,-1,-1,-1,-1,-1,1,1,1,1,1,1,1",,,3,0,0,0,0
"-1,-1,1,-1,1,-1,1,0,-1,-1,-1,1,-1,-1,0,0,-1,-1,0,-1,1,-1,1,-1,1,0,-1,1,0,1,-1",,,3,0,0,0,0
"-1,-1,1,-1,1,1,1,1,-1,-1,-1,1,1,1,-1,-1,-1,1,0,1,1,-1,1,-1,1,1,-1,1,1,1,1",,,3,0,0,0,0
"-1,1,1,1,1,-1,0,-1,-1,1,1,1,1,-1,0,0,1,1,0,1,1,1,1,1,1,-1,1,1,1,1,-1",,,3,0,0,0,0
"1,1,1,1,1,-1,1,-1,-1,1,1,-1,1,0,0,-1,1,1,0,1,1,1,1,-1,1,0,-1,1,-1,1,1",,,3,0,0,0,0
"1,1,1,-1,1,-1,0,1,1,1,1,1,-1,0,0,1,-1,-1,0,1,1,1,1,-1,1,1,1,1,-1,1,1",,,3,0,0,0,0
"-1,-1,1,1,1,-1,1,0,1,1,1,1,-1,-1,-1,-1,1,1,0,1,1,1,1,-1,1,-1,1,1,0,1,-1",,,3,0,0,0,0
"1,-1,1,1,1,-1,1,1,-1,1,1,1,-1,1,-1,-1,1,1,0,1,1,1,1,-1,1,1,1,1,0,1,1",,,3,0,0,0,0
"-1,-1,-1,-1,-1,-1,0,-1,1,-1,-1,-1,-1,-1,1,-1,-1,-1,1,-1,1,-1,-1,-1,-1,-1,-1,-1,1,1,-1",,,3,0,0,0,0
"1,1,1,1,1,-1,1,1,-1,1,1,1,1,1,0,0,1,1,0,1,1,1,1,1,1,1,1,1,0,1,1",,,3,0,0,0,0
"-1,1,1,-1,1,1,1,1,-1,1,1,1,1,1,-1,-1,-1,-1,1,1,1,1,1,1,1,1,-1,1,1,1,1",,,3,0,0,0,0
"-1,-1,1,1,1,-1,1,0,1,1,1,1,-1,-1,-1,-1,1,1,1,1,1,1,1,-1,1,1,-1,1,0,1,-1",,,3,0,0,0,0
"1,1,1,1,1,-1,0,-1,-1,1,1,1,1,-1,0,-1,1,1,1,1,1,1,1,1,1,-1,1,1,0,-1,-1",,,3,0,0,0,0
"-1,-1,1,1,1,-1,0,1,-1,-1,-1,1,-1,1,1,-1,-1,1,0,1,1,-1,1,-1,1,1,1,1,1,1,1",,,3,0,0,0,0
"-1,-1,1,1,1,-1,0,-1,1,1,1,1,1,0,-1,-1,1,1,1,1,1,1,1,-1,1,1,-1,1,1,1,-1",,,3,0,0,0,0
"1,-1,1,1,1,-1,1,1,-1,1,1,1,-1,0,-1,0,-1,1,0,1,1,1,1,-1,1,-1,-1,1,0,1,1",,,3,0,0,0,0
"-1,-1,1,1,-1,-1,0,-1,-1,1,1,1,1,0,0,-1,-1,1,1,1,1,1,1,-1,1,0,1,-1,0,1,-1",,,3,0,0,0,0
"1,-1,1,1,1,-1,0,-1,-1,1,1,1,-1,0,0,-1,1,1,1,1,1,1,1,-1,1,0,1,1,0,1,-1",,,3,0,0,0,0
"1,-1,1,1,1,-1,0,-1,-1,1,1,1,1,0,0,-1,1,1,0,1,1,1,1,-1,1,1,1,1,0,1,-1",,,3,0,0,0,0
"1,-1,1,1,1,-1,0,-1,-1,1,1,1,1,-1,0,-1,1,1,0,1,1,1,1,-1,1,0,1,1,0,1,-1",,,3,0,0,0,0
"-1,-1,1,1,1,-1,0,-1,-1,1,1,1,1,-1,0,-1,1,1,0,1,1,1,1,-1,1,0,1,1,1,1,-1",,,3,0,0,0,0
"-1,-1,-1,-1,-1,-1,0,0,-1,-1,1,-1,1,-1,1,-1,1,-1,0,1,1,-1,1,-1,-1,0,1,-1,1,1,-1",,,3,0,0,0,0
"-1,1,1,1,1,1,0,1,-1,1,1,-1,1,0,0,1,1,1,0,1,1,1,1,1,1,1,-1,1,-1,1,1",,,3,0,0,0,0
"1,-1,1,1,1,-1,0,-1,-1,1,1,1,1,0,-1,-1,1,1,1,1,1,1,1,-1,1,1,1,1,0,1,-1",,,3,0,0,0,0
"-1,-1,1,1,1,1,-1,1,-1,1,1,1,1,0,-1,-1,1,1,0,1,1,1,1,-1,1,1,-1,1,1,1,1",,,3,0,0,0,0
"-1,-1,1,1,1,-1,1,-1,-1,1,1,1,1,-1,0,-1,1,1,0,1,1,1,1,-1,1,-1,1,1,0,1,-1",,,3,0,0,0,0
"1,-1,1,1,1,-1,0,-1,-1,1,1,1,1,-1,-1,-1,1,1,0,1,1,1,1,-1,1,-1,-1,1,0,1,-1",,,3,0,0,0,0
"1,-1,1,1,1,-1,1,1,-1,-1,1,1,1,0,0,-1,1,1,0,1,1,-1,1,-1,1,0,1,1,0,1,1",,,3,0,0,0,0
"-1,-1,1,1,1,-1,0,1,-1,1,1,1,-1,0,-1,-1,1,1,0,1,1,1,1,-1,1,1,1,1,0,1,-1",,,3,0,0,0,0
"-1,1,1,-1,1,-1,1,1,-1,-1,-1,1,1,0,1,-1,-1,1,0,-1,-1,-1,-1,1,1,0,1,1,1,1,1",,,3,0,0,0,0
"1,1,1,-1,1,-1,1,0,-1,-1,-1,1,1,-1,-1,-1,-1,1,0,1,1,-1,1,1,1,0,-1,1,0,1,-1",,,3,0,0,0,0
"-1,-1,-1,1,-1,-1,1,1,-1,1,1,-1,-1,0,-1,1,1,-1,1,1,1,1,1,-1,-1,1,1,-1,1,1,1",,,3,0,0,0,0
"1,-1,1,1,1,-1,0,0,-1,1,1,1,-1,0,-1,-1,1,1,0,1,1,1,1,-1,1,1,1,1,0,1,-1",,,3,0,0,0,0
"-1,-1,1,1,1,-1,0,-1,1,1,1,1,-1,0,1,-1,1,1,1,1,1,1,1,-1,1,1,1,1,1,1,-1",,,3,0,0,0,0
"-1,1,1,1,1,-1,-1,-1,-1,1,1,1,1,-1,0,0,1,1,0,1,1,1,1,1,1,-1,-1,1,0,1,-1",,,3,0,0,0,0
"1,-1,1,1,1,-1,0,-1,-1,1,1,1,1,1,1,1,1,1,0,1,1,1,1,-1,1,1,-1,1,0,1,1",,,3,0,0,0,0
"-1,-1,1,1,1,-1,-1,-1,-1,1,1,1,-1,-1,-1,-1,1,1,0,1,1,1,1,-1,1,0,1,1,0,1,-1",,,3,0,0,0,0
"-1,-1,1,1,1,-1,1,0,1,1,1,1,-1,-1,0,-1,1,1,0,1,1,1,1,-1,1,-1,-1,1,0,1,-1",,,3,0,0,0,0
"-1,1,-1,-1,-1,1,0,-1,-1,1,1,-1,1,1,1,-1,1,-1,0,1,1,1,1,1,-1,1,-1,-1,1,1,1",,,3,0,0,0,0
"1,-1,1,-1,1,-1,-1,1,1,1,1,1,-1,1,0,-1,-1,-1,0,1,1,1,1,-1,1,1,-1,1,0,1,1",,,3,0,0,0,0
"-1,-1,1,-1,1,-1,-1,1,-1,-1,-1,1,1,0,-1,1,-1,1,0,-1,1,-1,1,-1,1,1,-1,1,1,1,1",,,3,0,0,0,0
"-1,-1,1,1,1,-1,0,-1,1,1,1,1,-1,-1,0,0,1,1,0,1,1,1,1,-1,1,0,1,1,0,1,-1",,,3,0,0,0,0
"1,1,1,1,1,-1,1,1,-1,1,1,1,1,0,1,-1,1,1,0,1,1,1,1,1,1,1,-1,1,1,1,1",,,3,0,0,0,0
"1,-1,1,1,1,-1,0,1,-1,1,1,1,-1,0,0,-1,1,1,0,1,1,1,1,-1,1,0,1,1,0,1,-1",,,3,0,0,0,0
"1,-1,1,1,1,-1,0,-1,1,1,1,1,-1,1,-1,-1,1,1,0,1,1,1,1,-1,1,-1,1,1,1,1,-1",,,3,0,0,0,0
"-1,-1,1,1,1,-1,0,-1,1,1,1,1,-1,-1,-1,-1,1,1,0,1,1,1,1,-1,1,1,1,1,0,1,-1",,,3,0,0,0,0
"1,-1,1,1,1,-1,0,-1,-1,-1,-1,1,1,0,-1,0,-1,1,0,1,1,-1,1,-1,1,1,-1,1,0,1,1",,,3,0,0,0,0
"1,-1,1,1,1,-1,0,-1,1,1,1,1,1,-1,0,-1,1,1,0,1,1,1,1,-1,1,0,1,1,0,1,-1",,,3,0,0,0,0
"1,-1,1,1,1,-1,-1,1,1,1,1,1,-1,0,1,-1,1,1,0,1,1,1,1,-1,1,1,-1,1,0,1,1",,,3,0,0,0,0
"-1,-1,-1,-1,-1,-1,0,-1,-1,-1,1,-1,1,-1,1,-1,1,-1,0,-1,1,-1,1,-1,-1,0,1,-1,1,1,-1",,,3,0,0,0,0
"-1,-1,1,1,1,-1,1,1,-1,-1,1,1,1,0,1,-1,1,1,0,1,1,-1,1,-1,1,0,-1,1,0,1,1",,,3,0,0,0,0
"-1,-1,-1,-1,-1,-1,0,0,-1,-1,-1,-1,-1,-1,1,-1,-1,-1,0,-1,1,-1,1,-1,-1,-1,-1,-1,1,1,-1",,,3,0,0,0,0
"-1,-1,1,1,1,-1,1,1,1,1,1,1,-1,1,-1,1,1,1,0,1,1,1,1,-1,1,0,1,1,0,1,1",,,3,0,0,0,0
"-1,-1,1,1,1,-1,0,1,-1,1,1,1,1,0,-1,-1,1,1,1,1,1,1,1,-1,1,0,1,1,0,1,-1",,,3,0,0,0,0
"-1,-1,1,-1,1,-1,0,-1,1,-1,-1,1,-1,-1,0,-1,-1,1,0,-1,-1,-1,-1,-1,1,0,1,1,1,1,-1",,,3,0,0,0,0
"1,-1,1,1,1,-1,0,1,-1,1,1,1,-1,-1,-1,-1,1,1,0,1,1,1,1,-1,1,0,1,1,0,1,-1",,,3,0,0,0,0
"-1,-1,1,1,1,-1,0,-1,-1,1,1,1,1,-1,1,-1,1,1,0,1,1,1,1,-1,1,-1,1,1,1,1,-1",,,3,0,0,0,0
"1,-1,1,1,1,1,-1,1,1,1,1,1,-1,0,0,-1,1,1,0,1,1,1,1,-1,1,1,-1,1,0,1,1",,,3,0,0,0,0
"-1,-1,1,1,1,-1,1,0,1,1,1,1,-1,-1,1,0,1,1,0,1,1,1,1,-1,1,-1,-1,1,1,1,-1",,,3,0,0,0,0
"1,-1,1,1,1,-1,0,-1,1,1,1,1,-1,-1,0,0,1,1,0,1,1,1,1,-1,1,0,1,1,0,1,-1",,,3,0,0,0,0
"-1,-1,1,1,1,-1,1,-1,1,1,1,1,1,0,0,1,1,1,0,1,1,1,1,-1,1,-1,1,1,1,1,1",,,3,0,0,0,0
"1,-1,1,1,1,-1,1,-1,1,1,1,1,-1,-1,0,0,1,1,0,1,1,1,1,-1,1,-1,1,1,0,1,-1",,,3,0,0,0,0
"-1,-1,-1,-1,-1,-1,1,-1,-1,-1,-1,-1,-1,-1,1,0,-1,-1,0,-1,-1,-1,-1,-1,-1,1,1,-1,1,1,-1",,,3,0,0,0,0
"1,-1,1,1,1,-1,1,1,-1,1,1,1,1,0,-1,-1,1,1,0,1,1,1,1,-1,1,0,1,1,0,1,-1",,,3,0,0,0,0
"-1,1,1,1,1,-1,1,0,-1,1,1,1,1,-1,0,-1,1,1,0,1,1,1,1,1,1,0,-1,1,0,1,-1",,,3,0,0,0,0
"-1,0,1,1,1,-1,-1,-1,-1,1,1,-1,1,-1,0,-1,1,1,0,1,1,1,1,-1,1,-1,1,1,1,1,-1",,,3,0,0,0,0
"-1,-1,1,1,1,-1,1,1,-1,1,1,1,1,0,-1,-1,1,1,1,1,1,1,1,-1,1,0,1,1,0,1,-1",,,3,0,0,0,0
"1,-1,1,1,1,-1,-1,1,-1,1,1,1,1,0,-1,-1,1,1,1,1,1,1,1,-1,1,0,1,1,0,1,-1",,,3,0,0,0,0
"1,-1,1,1,1,-1,0,-1,-1,1,1,1,-1,-1,-1,-1,1,1,0,1,1,1,1,-1,1,-1,1,1,0,1,-1",,,3,0,0,0,0
"-1,-1,1,-1,1,-1,0,-1,1,-1,1,1,-1,-1,0,-1,1,-1,0,1,1,-1,1,-1,1,0,1,1,1,1,-1",,,3,0,0,0,0
"-1,1,1,1,1,-1,0,0,-1,1,1,1,1,-1,0,-1,1,1,0,1,1,1,1,1,1,-1,1,1,0,-1,-1",,,3,0,0,0,0
"-1,1,1,1,1,-1,1,-1,-1,1,1,1,1,-1,-1,-1,1,1,1,1,1,1,1,1,1,-1,1,1,1,1,-1",,,3,0,0,0,0
"-1,-1,1,1,1,-1,1,0,-1,1,1,1,1,-1,0,-1,1,1,0,1,1,1,1,-1,1,-1,-1,1,1,1,-1",,,3,0,0,0,0
"1,-1,1,-1,1,-1,-1,-1,1,-1,-1,1,-1,-1,-1,-1,-1,1,0,-1,1,-1,-1,-1,1,-1,-1,1,0,1,-1",,,3,0,0,0,0
"1,-1,1,1,1,-1,-1,-1,-1,1,1,1,1,-1,-1,-1,1,1,0,1,1,1,1,-1,1,1,1,1,0,1,-1",,,3,0,0,0,0
"-1,-1,1,1,1,-1,1,0,-1,1,1,1,1,0,-1,0,1,1,1,1,1,1,1,-1,1,-1,-1,1,1,1,-1",,,3,0,0,0,0
"-1,1,1,-1,1,-1,1,1,-1,-1,-1,1,1,1,-1,-1,-1,1,0,1,1,-1,1,1,1,1,1,1,1,1,1",,,3,0,0,0,0
"1,-1,1,1,1,-1,0,-1,1,1,1,1,-1,-1,-1,0,1,1,0,1,1,1,1,-1,1,0,1,1,0,1,-1",,,3,0,0,0,0
"-1,1,-1,-1,-1,1,-1,1,-1,-1,1,-1,1,1,1,-1,-1,-1,0,1,1,-1,1,1,-1,0,-1,-1,1,1,1",,,3,0,0,0,0
"-1,-1,1,1,1,-1,0,-1,1,1,1,1,-1,0,-1,0,1,1,0,1,1,1,1,-1,1,-1,1,1,0,1,-1",,,3,0,0,0,0
"1,-1,1,-1,1,-1,0,-1,-1,1,1,1,1,0,-1,0,-1,-1,0,1,1,1,1,-1,1,-1,1,1,0,1,-1",,,3,0,0,0,0
"-1,-1,-1,1,-1,-1,0,1,1,1,1,-1,-1,0,0,-1,1,-1,1,1,1,1,1,-1,-1,1,1,-1,1,1,1",,,3,0,0,0,0
"1,1,1,-1,1,-1,-1,1,-1,-1,-1,1,1,0,-1,0,-1,1,0,1,1,-1,1,1,1,1,-1,1,1,1,1",,,3,0,0,0,0
"1,-1,1,-1,1,-1,1,-1,-1,-1,-1,1,1,0,1,-1,-1,1,0,-1,1,-1,-1,-1,1,0,-1,1,1,1,1",,,3,0,0,0,0
"-1,1,-1,-1,-1,-1,-1,1,1,-1,1,-1,-1,1,1,1,1,-1,0,1,1,-1,1,1,-1,1,-1,-1,1,1,1",,,3,0,0,0,0
"-1,-1,1,1,1,-1,-1,1,-1,1,1,1,1,0,-1,-1,1,1,0,1,1,1,1,-1,1,0,-1,1,1,1,-1",,,3,0,0,0,0
"1,1,1,1,1,-1,1,1,-1,1,1,-1,1,0,1,0,1,1,0,1,1,1,1,1,1,1,1,1,-1,-1,1",,,3,0,0,0,0
"-1,1,1,1,1,-1,1,0,-1,1,1,1,1,-1,-1,-1,1,1,0,1,1,1,1,1,1,0,-1,1,1,1,-1",,,3,0,0,0,0
"-1,-1,1,1,1,-1,-1,1,-1,1,1,1,1,0,1,1,1,1,0,1,1,1,1,-1,1,1,-1,1,1,1,1",,,3,0,0,0,0
"1,-1,1,1,1,-1,1,-1,-1,1,1,-1,1,0,1,-1,1,1,0,1,1,1,1,-1,1,0,1,1,-1,1,-1",,,3,0,0,0,0
"-1,-1,1,1,1,1,0,-1,1,1,1,1,-1,0,0,-1,1,1,1,1,1,1,1,-1,1,1,-1,1,1,1,1",,,3,0,0,0,0
"-1,-1,1,-1,1,-1,0,1,-1,-1,-1,1,1,0,0,1,-1,1,0,1,1,-1,-1,-1,1,1,-1,1,1,1,1",,,3,0,0,0,0
"1,1,1,1,1,-1,1,1,-1,1,1,1,1,0,0,-1,1,1,0,1,1,1,1,1,1,1,-1,1,0,1,1",,,3,0,0,0,0
"-1,-1,-1,-1,-1,-1,-1,-1,-1,-1,-1,-1,1,-1,1,-1,-1,-1,0,-1,-1,-1,-1,-1,-1,1,-1,-1,1,1,-1",,,3,0,0,0,0
"-1,-1,1,1,1,-1,1,1,-1,-1,-1,1,1,1,0,-1,-1,1,0,1,1,-1,-1,-1,1,1,1,1,1,1,1",,,3,0,0,0,0
"-1,-1,-1,-1,-1,-1,1,0,1,-1,-1,-1,-1,-1,1,-1,-1,-1,1,-1,-1,-1,-1,-1,-1,0,-1,-1,1,1,-1",,,3,0,0,0,0
"-1,1,1,1,1,1,0,1,-1,1,1,1,1,0,1,-1,1,1,0,1,1,1,1,1,1,1,-1,1,0,-1,1",,,3,0,0,0,0
"-1,-1,1,1,1,-1,-1,-1,1,1,1,1,-1,-1,-1,-1,1,1,0,1,1,1,1,-1,1,0,-1,1,0,1,-1",,,3,0,0,0,0
"-1,-1,1,1,1,-1,-1,-1,-1,1,1,1,-1,-1,-1,0,1,1,0,1,1,1,1,-1,1,-1,-1,1,0,1,-1",,,3,0,0,0,0
"-1,-1,-1,-1,-1,-1,0,0,1,-1,-1,-1,-1,-1,1,-1,-1,-1,0,-1,-1,-1,-1,-1,-1,0,-1,-1,1,1,-1",,,3,0,0,0,0
"1,-1,1,1,1,-1,0,1,-1,1,1,1,1,0,1,1,1,1,0,1,1,1,1,-1,1,1,-1,1,0,-1,1",,,3,0,0,0,0
"-1,1,1,1,1,-1,-1,-1,-1,1,1,1,1,-1,-1,-1,1,1,0,1,1,1,1,1,1,-1,-1,1,0,-1,-1",,,3,0,0,0,0
"-1,-1,1,1,1,-1,0,-1,-1,1,1,1,-1,0,-1,-1,1,1,1,1,1,1,1,-1,1,1,-1,1,1,1,-1",,,3,0,0,0,0
"-1,-1,1,-1,1,-1,-1,1,-1,-1,-1,1,1,1,-1,1,-1,1,0,-1,1,-1,-1,-1,1,1,-1,1,0,1,1",,,3,0,0,0,0
"1,-1,1,1,1,-1,-1,-1,-1,1,1,-1,-1,-1,0,0,1,1,0,1,1,1,1,-1,1,-1,-1,1,0,1,-1",,,3,0,0,0,0
"1,-1,1,-1,1,-1,-1,-1,-1,-1,-1,1,-1,-1,1,-1,-1,1,1,-1,-1,-1,-1,-1,1,-1,-1,1,0,1,-1",,,3,0,0,0,0
"-1,-1,1,1,1,-1,0,0,1,1,1,1,1,-1,-1,-1,1,1,0,1,1,1,1,-1,1,-1,-1,1,1,1,-1",,,3,0,0,0,0
"-1,0,1,1,1,-1,0,-1,-1,1,1,-1,1,-1,0,-1,1,1,0,1,1,1,1,-1,1,-1,-1,1,1,1,-1",,,3,0,0,0,0
"-1,1,1,1,1,-1,-1,1,-1,-1,1,1,1,0,0,-1,1,1,0,-1,1,-1,-1,1,1,1,1,1,1,1,1",,,3,0,0,0,0
"-1,-1,1,-1,1,1,1,1,-1,-1,-1,1,1,1,1,-1,-1,1,0,-1,-1,-1,-1,-1,1,1,-1,1,1,1,1",,,3,0,0,0,0
"-1,1,-1,1,-1,-1,0,0,1,1,1,-1,-1,-1,1,-1,1,1,0,-1,1,-1,1,-1,-1,-1,-1,1,0,1,-1",,,3,0,0,0,0
"-1,-1,1,1,1,-1,0,-1,1,1,1,1,-1,-1,-1,-1,1,1,1,1,1,1,1,-1,1,-1,-1,1,0,1,-1",,,3,0,0,0,0
"-1,-1,-1,1,-1,-1,0,1,1,1,1,-1,-1,1,1,-1,1,-1,0,1,1,1,1,-1,-1,1,-1,-1,1,1,1",,,3,0,0,0,0
"1,-1,1,1,1,-1,0,-1,1,1,1,1,-1,0,-1,-1,1,1,0,1,1,1,1,-1,1,0,-1,1,0,1,-1",,,3,0,0,0,0
"1,-1,1,1,1,-1,-1,1,-1,1,1,1,1,0,0,-1,1,1,0,1,1,1,1,-1,1,0,1,1,0,1,1",,,3,0,0,0,0
"-1,-1,1,1,1,-1,0,-1,-1,1,1,1,1,0,-1,-1,-1,1,1,1,1,1,1,-1,1,1,-1,1,-1,1,-1",,,3,0,0,0,0
"-1,1,1,1,1,-1,0,-1,-1,1,1,1,1,-1,0,-1,1,1,0,1,1,1,1,1,1,-1,-1,1,0,1,-1",,,3,0,0,0,0
"-1,-1,1,1,1,-1,0,-1,-1,1,1,1,1,-1,-1,0,1,1,1,1,1,1,1,-1,1,0,-1,1,1,1,-1",,,3,0,0,0,0
"1,-1,1,1,1,-1,0,1,1,1,1,1,-1,-1,-1,0,1,1,0,1,1,1,1,-1,1,-1,1,1,0,1,-1",,,3,0,0,0,0
"1,-1,1,1,1,1,0,1,-1,1,1,1,-1,0,-1,-1,-1,1,0,1,1,1,1,-1,1,0,1,1,0,1,1",,,3,0,0,0,0
"1,-1,1,1,1,-1,1,1,1,1,1,1,-1,0,1,0,1,1,0,1,1,1,1,-1,1,1,1,1,1,1,1",,,3,0,0,0,0
"-1,-1,1,-1,1,-1,0,-1,-1,-1,-1,1,-1,-1,0,0,-1,1,0,1,1,-1,1,-1,1,0,1,1,1,1,-1",,,3,0,0,0,0
"-1,-1,1,1,1,-1,0,-1,-1,1,1,1,-1,-1,0,-1,1,1,0,1,1,1,1,-1,1,1,-1,1,0,1,-1",,,3,0,0,0,0
"1,-1,1,-1,1,1,1,1,-1,-1,-1,1,1,0,1,-1,-1,1,0,1,1,-1,-1,-1,1,1,-1,1,1,1,1",,,3,0,0,0,0
"1,1,1,1,1,1,1,1,-1,1,1,1,1,1,0,-1,1,1,0,1,1,1,1,1,1,1,1,1,0,1,1",,,3,0,0,0,0
"-1,0,-1,-1,1,-1,-1,1,-1,1,1,1,1,0,0,-1,-1,-1,1,-1,1,-1,1,-1,1,1,-1,1,-1,1,1",,,3,0,0,0,0
"-1,1,1,-1,1,-1,-1,1,-1,-1,-1,1,1,0,-1,0,-1,1,0,1,1,-1,1,1,1,1,-1,1,1,1,1",,,3,0,0,0,0
"-1,-1,1,1,1,-1,1,1,-1,1,1,1,1,1,0,1,1,1,0,1,1,1,1,-1,1,1,1,1,0,1,1",,,3,0,0,0,0
"-1,-1,1,1,1,-1,1,-1,1,1,1,1,-1,0,-1,-1,1,1,1,1,1,1,1,-1,1,1,1,1,0,1,-1",,,3,0,0,0,0
"1,-1,1,1,1,1,-1,1,-1,1,1,1,1,1,1,-1,1,1,0,1,1,1,1,-1,1,1,-1,1,0,1,1",,,3,0,0,0,0
"1,-1,1,1,1,1,0,1,-1,1,1,1,-1,1,0,-1,1,1,0,1,1,1,1,-1,1,1,-1,1,1,1,1",,,3,0,0,0,0
"1,-1,1,1,1,-1,-1,1,-1,1,1,1,1,1,1,1,1,1,0,1,1,1,1,-1,1,1,-1,1,0,-1,1",,,3,0,0,0,0
"-1,-1,1,1,1,-1,0,0,1,1,1,1,-1,-1,0,-1,1,1,0,1,1,1,1,-1,1,-1,-1,1,1,-1,-1",,,3,0,0,0,0
"-1,1,-1,1,-1,-1,1,0,-1,1,1,-1,1,-1,0,0,1,-1,0,1,1,1,1,1,-1,1,-1,-1,1,1,-1",,,3,0,0,0,0
"-1,1,-1,-1,-1,-1,0,-1,-1,-1,-1,-1,1,-1,1,-1,-1,-1,0,-1,-1,-1,-1,1,-1,-1,-1,-1,1,1,-1",,,3,0,0,0,0
"1,-1,1,1,1,-1,1,-1,1,1,1,1,-1,-1,-1,0,1,1,1,1,1,1,1,-1,1,-1,1,1,0,1,-1",,,3,0,0,0,0
"1,-1,1,1,1,1,1,1,-1,1,1,1,1,1,1,-1,1,1,0,1,1,1,1,-1,1,1,1,1,0,1,1",,,3,0,0,0,0
"-1,-1,1,-1,1,-1,1,-1,1,-1,-1,1,-1,0,-1,-1,-1,1,0,-1,1,-1,-1,-1,1,1,1,1,1,1,-1",,,3,0,0,0,0
"-1,-1,1,1,1,-1,0,-1,-1,1,1,1,1,-1,-1,-1,1,1,0,1,1,1,1,-1,1,0,-1,1,0,1,-1",,,3,0,0,0,0
"1,1,1,1,1,-1,0,-1,-1,1,1,1,-1,-1,0,-1,1,1,0,1,1,1,1,1,1,-1,1,1,0,1,-1",,,3,0,0,0,0
"-1,-1,1,-1,1,-1,0,-1,1,1,1,-1,-1,-1,0,-1,1,-1,0,1,1,1,1,-1,1,-1,-1,1,1,1,-1",,,3,0,0,0,0
"1,1,1,-1,1,-1,-1,-1,-1,-1,-1,1,1,1,-1,-1,-1,1,0,-1,1,-1,-1,1,1,1,-1,1,1,1,1",,,3,0,0,0,0
"-1,-1,1,-1,1,-1,1,-1,1,-1,-1,1,-1,-1,0,-1,-1,1,0,-1,1,-1,-1,-1,1,0,-1,1,1,1,-1",,,3,0,0,0,0
"-1,-1,1,-1,-1,-1,0,1,1,1,1,-1,-1,-1,-1,-1,1,1,1,-1,1,1,1,-1,1,-1,-1,1,1,1,-1",,,3,0,0,0,0
"-1,-1,1,-1,1,-1,0,-1,1,1,1,1,-1,0,-1,-1,1,1,0,1,1,1,1,-1,1,1,1,1,1,1,1",,,3,0,0,0,0
"-1,-1,1,-1,1,-1,1,1,-1,1,1,1,1,1,0,1,1,1,0,1,1,1,1,-1,1,1,-1,1,1,1,1",,,3,0,0,0,0
"-1,-1,1,-1,1,-1,1,-1,-1,1,1,-1,-1,-1,1,-1,1,-1,1,1,1,1,1,-1,1,0,1,1,-1,1,-1",,,3,0,0,0,0
"-1,1,1,-1,1,-1,0,1,-1,1,1,1,-1,0,1,-1,1,-1,1,-1,1,-1,1,-1,1,0,1,1,-1,1,-1",,,3,0,0,0,0
"-1,-1,1,-1,1,-1,0,1,1,1,1,1,-1,-1,-1,-1,1,1,1,1,1,1,1,-1,1,0,1,1,1,1,-1",,,3,0,0,0,0
"-1,-1,1,1,1,-1,0,-1,1,1,1,1,-1,-1,-1,-1,1,1,0,1,1,1,1,-1,1,0,-1,1,1,1,-1",,,3,0,0,0,0
"-1,1,-1,1,-1,-1,0,1,1,1,1,-1,-1,-1,1,-1,1,-1,0,1,1,1,1,-1,1,-1,-1,1,0,1,-1",,,3,0,0,0,0
"1,1,1,1,1,-1,-1,1,-1,1,1,1,1,0,0,0,1,-1,1,1,1,1,1,-1,1,1,-1,1,0,1,1",,,3,0,0,0,0
"1,-1,-1,-1,1,-1,1,1,1,1,1,1,1,0,0,0,1,1,0,1,1,1,1,-1,1,1,-1,1,0,1,1",,,3,0,0,0,0
"-1,1,1,-1,1,-1,0,1,1,-1,-1,1,-1,-1,-1,-1,1,1,0,-1,-1,-1,-1,-1,1,0,-1,1,0,1,-1",,,3,0,0,0,0
"1,1,1,-1,1,-1,-1,1,-1,1,1,1,1,0,0,-1,1,-1,0,1,1,1,1,-1,1,0,1,1,0,1,1",,,3,0,0,0,0
"1,-1,1,1,1,-1,0,-1,1,1,1,1,-1,-1,-1,1,1,-1,0,1,1,1,1,-1,1,0,-1,1,0,-1,-1",,,3,0,0,0,0
"1,-1,1,-1,1,-1,0,1,-1,-1,-1,1,1,1,1,-1,1,-1,0,-1,1,-1,1,-1,1,1,-1,1,1,1,1",,,3,0,0,0,0
"1,-1,-1,1,1,-1,-1,1,-1,1,1,1,1,1,0,-1,1,-1,0,1,1,1,1,-1,1,1,-1,1,0,1,1",,,3,0,0,0,0
"-1,-1,1,1,1,-1,0,-1,1,1,1,1,1,0,-1,-1,1,1,0,1,1,1,1,-1,1,0,-1,1,1,1,-1",,,3,0,0,0,0
"1,-1,1,1,1,-1,0,1,1,1,1,1,-1,0,0,1,1,1,1,1,1,1,1,-1,1,1,1,1,0,1,1",,,3,0,0,0,0
"-1,-1,-1,-1,-1,-1,0,-1,1,1,1,-1,-1,-1,1,-1,1,-1,1,-1,1,-1,-1,-1,1,1,-1,1,1,1,-1",,,3,0,0,0,0
"-1,-1,1,1,1,-1,0,-1,-1,1,1,1,1,-1,0,-1,1,1,0,1,1,1,1,-1,1,-1,-1,1,0,1,-1",,,3,0,0,0,0
"-1,-1,1,1,1,-1,0,1,1,1,1,1,-1,0,-1,-1,1,1,0,1,1,1,1,-1,1,0,1,1,0,-1,-1",,,3,0,0,0,0
"1,-1,-1,-1,1,-1,-1,1,-1,-1,-1,1,1,1,0,-1,-1,1,0,-1,-1,-1,-1,-1,1,1,-1,1,0,1,1",,,3,0,0,0,0
"1,-1,1,1,1,-1,0,-1,1,1,1,1,-1,-1,-1,1,1,1,0,1,1,1,1,-1,1,-1,-1,1,1,-1,-1",,,3,0,0,0,0
"1,-1,1,1,1,-1,0,-1,1,1,1,1,-1,-1,0,1,1,1,1,1,1,1,1,-1,1,-1,1,1,0,-1,-1",,,3,0,0,0,0
"-1,-1,1,-1,1,-1,-1,1,-1,-1,-1,1,1,0,-1,1,-1,1,0,-1,1,-1,-1,-1,1,1,1,1,1,1,1",,,3,0,0,0,0
"-1,-1,1,-1,1,-1,1,1,-1,-1,-1,1,1,-1,1,-1,-1,1,1,1,1,-1,1,-1,1,0,1,1,1,1,-1",,,3,0,0,0,0
"1,-1,1,1,1,-1,1,0,-1,1,1,1,1,-1,0,0,1,1,0,1,1,1,1,-1,1,-1,-1,1,0,1,-1",,,3,0,0,0,0
"1,-1,1,1,1,-1,-1,-1,1,1,1,1,-1,0,-1,-1,1,1,0,1,1,1,1,-1,1,1,1,1,0,1,-1",,,3,0,0,0,0
"-1,-1,1,1,1,-1,1,0,1,1,1,1,-1,-1,1,-1,1,1,1,1,1,1,1,-1,1,-1,-1,1,1,1,-1",,,3,0,0,0,0
"1,1,1,1,1,1,-1,1,-1,1,1,1,1,1,1,-1,1,1,0,1,1,1,1,-1,1,1,1,1,0,1,1",,,3,0,0,0,0
"-1,1,1,1,1,-1,0,0,-1,-1,1,1,-1,-1,1,-1,1,1,1,1,1,-1,1,-1,1,0,-1,1,1,1,-1",,,3,0,0,0,0
"-1,1,-1,-1,-1,-1,1,-1,-1,-1,-1,-1,-1,0,-1,-1,1,-1,0,-1,1,-1,1,-1,1,0,1,1,-1,1,-1",,,3,0,0,0,0
"1,-1,1,1,1,-1,1,1,1,1,1,1,-1,0,0,0,1,1,1,1,1,1,1,-1,1,1,-1,1,0,1,1",,,3,0,0,0,0
"1,-1,-1,-1,-1,-1,1,1,1,-1,-1,-1,-1,0,1,-1,1,-1,0,1,1,-1,1,-1,-1,0,1,-1,1,1,1",,,3,0,0,0,0
"-1,-1,-1,1,1,-1,1,-1,-1,1,1,1,1,0,-1,0,1,1,0,1,1,1,1,-1,1,-1,1,1,1,1,-1",,,3,0,0,0,0
"-1,-1,-1,1,-1,1,1,1,1,1,1,-1,1,0,0,-1,1,1,0,1,1,1,1,-1,-1,1,1,1,1,1,1",,,3,0,0,0,0
"1,1,1,1,1,1,0,-1,-1,1,1,1,1,0,0,-1,1,1,0,1,1,1,1,1,1,1,-1,1,-1,1,1",,,3,0,0,0,0
"1,1,1,-1,1,-1,-1,-1,-1,1,1,1,1,-1,0,0,1,1,0,1,1,1,1,1,1,-1,-1,1,0,1,-1",,,3,0,0,0,0
"1,-1,1,1,1,-1,0,1,1,1,1,1,-1,-1,1,-1,1,1,0,1,1,1,1,-1,1,0,-1,1,0,1,-1",,,3,0,0,0,0
"-1,-1,1,1,-1,-1,-1,-1,1,1,1,1,-1,-1,-1,1,1,1,0,1,1,1,1,-1,1,-1,-1,1,-1,1,-1",,,3,0,0,0,0
"-1,1,1,1,1,-1,0,0,-1,1,1,1,1,-1,1,-1,1,1,0,1,1,1,1,1,1,-1,-1,1,-1,1,-1",,,3,0,0,0,0
"-1,-1,1,1,1,-1,1,1,-1,1,1,1,1,0,1,-1,1,1,0,1,1,1,1,-1,1,0,1,1,0,1,-1",,,3,0,0,0,0
"1,-1,1,1,1,-1,-1,-1,1,1,1,1,1,0,0,1,1,1,1,1,1,1,1,-1,1,-1,-1,1,0,1,-1",,,3,0,0,0,0
"-1,1,1,1,1,-1,1,-1,-1,1,1,1,1,0,1,-1,1,1,0,1,1,1,1,1,1,-1,1,1,0,1,-1",,,3,0,0,0,0
"1,-1,1,1,1,-1,0,1,1,1,1,1,-1,0,0,0,1,1,0,1,1,1,1,-1,1,-1,-1,1,0,-1,1",,,3,0,0,0,0
"1,-1,1,1,-1,-1,1,-1,1,1,1,1,-1,-1,0,0,1,1,0,1,1,1,1,-1,1,-1,1,1,0,1,-1",,,3,0,0,0,0
"-1,-1,1,-1,1,-1,0,-1,1,1,1,1,-1,-1,0,-1,1,1,0,1,1,1,1,-1,1,-1,1,1,1,1,-1",,,3,0,0,0,0
"-1,-1,1,-1,1,-1,-1,-1,-1,1,1,1,1,-1,0,-1,1,1,0,1,1,1,1,-1,1,-1,1,1,0,1,-1",,,3,0,0,0,0
"-1,1,1,1,1,-1,-1,-1,-1,1,1,1,1,-1,-1,-1,1,1,0,1,1,1,1,1,1,-1,1,1,0,1,-1",,,3,0,0,0,0
"-1,-1,1,1,1,-1,0,0,-1,1,1,1,-1,-1,-1,-1,1,1,0,1,1,1,1,-1,1,-1,-1,1,0,-1,-1",,,3,0,0,0,0
"-1,-1,1,1,1,-1,0,-1,-1,1,1,1,1,1,0,1,1,1,0,1,1,1,1,-1,1,1,-1,1,0,1,1",,,3,0,0,0,0
"1,1,1,1,1,-1,-1,-1,-1,1,1,1,1,0,0,0,1,1,0,1,1,1,1,1,1,1,1,1,0,1,1",,,3,0,0,0,0
"-1,-1,1,1,1,-1,-1,-1,-1,1,1,-1,1,0,-1,-1,1,1,1,1,1,1,1,-1,1,0,-1,1,0,1,-1",,,3,0,0,0,0
"-1,-1,1,1,1,-1,0,-1,1,1,1,1,-1,0,-1,-1,1,1,1,1,1,1,1,-1,1,1,1,1,1,1,-1",,,3,0,0,0,0
"-1,-1,-1,-1,-1,-1,-1,-1,-1,-1,-1,-1,1,-1,1,-1,-1,-1,0,-1,1,-1,-1,-1,-1,-1,-1,-1,1,1,-1",,,3,0,0,0,0
"1,-1,1,-1,1,-1,-1,-1,-1,-1,-1,1,1,-1,-1,0,-1,1,0,-1,1,-1,-1,-1,1,0,-1,1,1,1,-1",,,3,0,0,0,0
"1,-1,1,1,1,-1,0,-1,-1,1,1,1,1,1,-1,-1,1,1,1,1,1,1,1,-1,1,1,-1,1,0,1,-1",,,3,0,0,0,0
"1,-1,1,1,1,-1,0,-1,1,1,1,1,-1,1,-1,-1,1,1,1,1,1,1,1,-1,1,-1,-1,1,1,1,-1",,,3,0,0,0,0
"1,-1,1,1,1,-1,-1,-1,1,1,1,1,1,0,-1,-1,1,1,0,1,1,1,1,-1,1,1,1,1,0,1,1",,,3,0,0,0,0
"1,1,1,1,1,-1,0,1,-1,1,1,1,1,-1,-1,-1,1,1,0,1,1,1,1,1,1,0,-1,1,0,1,-1",,,3,0,0,0,0
"-1,-1,1,1,1,-1,1,0,-1,1,1,1,1,-1,-1,0,1,1,0,1,1,1,1,-1,1,0,-1,1,0,-1,-1",,,3,0,0,0,0
"-1,0,1,1,1,-1,0,1,-1,-1,1,-1,-1,-1,0,-1,1,1,0,-1,1,-1,-1,-1,1,0,-1,1,0,-1,-1",,,3,0,0,0,0
"-1,-1,1,1,1,-1,0,-1,1,1,1,1,1,-1,0,-1,1,1,0,1,1,1,1,-1,1,-1,-1,1,0,-1,-1",,,3,0,0,0,0
"-1,-1,1,1,1,-1,0,-1,1,1,1,1,-1,-1,-1,-1,1,1,0,1,1,1,1,-1,1,0,-1,1,0,-1,-1",,,3,0,0,0,0
"-1,1,-1,-1,-1,-1,0,1,-1,1,1,-1,1,0,0,-1,1,-1,0,1,1,1,1,1,-1,1,1,-1,1,1,1",,,3,0,0,0,0
"-1,-1,1,1,1,-1,0,-1,1,1,1,1,-1,0,0,1,1,1,0,1,1,1,1,-1,1,-1,-1,1,1,-1,-1",,,3,0,0,0,0
"1,-1,1,1,1,-1,1,0,1,1,1,1,-1,-1,-1,-1,1,1,0,1,1,1,1,-1,1,-1,-1,1,0,1,-1",,,3,0,0,0,0
"-1,-1,1,1,1,-1,0,-1,1,1,1,1,-1,-1,0,-1,1,1,0,1,1,1,1,-1,1,-1,-1,1,1,1,-1",,,3,0,0,0,0
"-1,-1,1,-1,1,-1,0,-1,1,1,1,1,-1,-1,-1,-1,1,1,0,1,1,1,1,-1,1,0,-1,1,1,1,-1",,,3,0,0,0,0
"-1,-1,1,-1,1,-1,0,-1,-1,1,1,1,-1,-1,-1,-1,1,1,1,1,1,1,1,-1,1,-1,-1,1,0,1,-1",,,3,0,0,0,0
"-1,1,1,-1,1,-1,0,1,-1,1,1,1,1,-1,-1,-1,1,1,1,1,1,1,1,1,1,0,-1,1,0,1,-1",,,3,0,0,0,0
"-1,-1,1,1,1,-1,-1,1,1,1,1,1,-1,0,0,0,1,1,0,1,1,1,1,-1,1,1,-1,1,0,1,1",,,3,0,0,0,0
"1,-1,1,1,1,-1,0,0,1,-1,1,-1,-1,-1,0,-1,1,1,0,-1,1,-1,1,-1,1,-1,-1,1,1,1,-1",,,3,0,0,0,0
"-1,-1,1,1,1,-1,1,0,-1,1,1,1,-1,-1,0,0,1,1,0,1,1,1,1,-1,1,0,-1,1,1,1,-1",,,3,0,0,0,0
"-1,-1,1,1,1,-1,0,0,-1,1,1,1,1,-1,0,-1,-1,1,0,1,1,1,1,-1,1,-1,1,1,0,1,-1",,,3,0,0,0,0
"1,-1,1,1,1,-1,0,0,1,1,1,1,-1,-1,0,-1,1,1,1,1,1,1,1,-1,1,-1,-1,1,0,1,-1",,,3,0,0,0,0
"-1,-1,1,1,1,-1,0,-1,-1,1,1,1,-1,-1,0,1,1,1,0,1,1,1,1,-1,1,-1,1,1,1,1,-1",,,3,0,0,0,0
"-1,1,-1,-1,1,-1,0,-1,-1,1,1,1,1,-1,-1,-1,-1,-1,1,1,1,1,1,-1,1,-1,1,1,0,1,-1",,,3,0,0,0,0
"1,-1,-1,1,-1,-1,0,0,1,1,1,-1,-1,-1,1,-1,1,-1,0,1,1,1,1,-1,-1,-1,-1,-1,0,1,-1",,,3,0,0,0,0
"1,-1,1,1,1,-1,1,-1,1,1,1,1,-1,1,-1,-1,1,1,0,1,1,1,1,-1,1,-1,1,1,0,1,-1",,,3,0,0,0,0
"1,-1,1,-1,1,-1,1,-1,1,-1,-1,1,-1,-1,-1,-1,-1,1,0,-1,-1,-1,-1,-1,1,0,1,1,0,1,-1",,,3,0,0,0,0
"1,-1,1,-1,1,-1,0,-1,1,1,1,1,-1,-1,-1,-1,1,1,1,1,1,1,1,-1,1,-1,1,1,0,-1,-1",,,3,0,0,0,0
"1,-1,1,1,-1,-1,0,0,1,1,1,1,-1,0,-1,-1,1,1,1,1,1,1,1,-1,1,0,1,-1,1,1,-1",,,3,0,0,0,0
"-1,-1,1,1,1,-1,0,-1,1,1,1,1,1,0,-1,-1,1,1,1,1,1,1,1,-1,1,0,-1,1,0,1,-1",,,3,0,0,0,0
"-1,-1,-1,1,-1,1,0,1,-1,1,1,-1,1,1,1,-1,1,-1,0,1,1,1,1,-1,-1,1,1,-1,1,1,1",,,3,0,0,0,0
"-1,-1,1,-1,1,-1,0,-1,1,-1,-1,1,-1,-1,-1,-1,-1,1,1,1,1,-1,1,-1,1,-1,1,1,0,1,-1",,,3,0,0,0,0
"-1,-1,1,1,1,-1,0,-1,-1,1,1,1,1,-1,0,-1,1,1,1,1,1,1,1,-1,1,1,-1,1,0,1,-1",,,3,0,0,0,0
"-1,-1,1,1,1,-1,-1,1,-1,1,1,1,1,0,0,-1,1,1,0,1,1,1,1,-1,1,0,1,1,-1,1,-1",,,3,0,0,0,0
"1,-1,1,-1,1,-1,-1,-1,1,-1,-1,1,-1,-1,0,1,-1,1,0,-1,1,-1,-1,-1,1,-1,1,1,0,1,-1",,,3,0,0,0,0
"-1,-1,1,1,1,-1,-1,1,1,1,1,1,-1,0,-1,-1,1,1,0,1,1,1,1,-1,1,1,1,1,1,1,-1",,,3,0,0,0,0
"-1,1,1,1,1,-1,-1,-1,1,1,1,1,-1,-1,0,-1,1,1,0,1,1,1,1,1,1,0,1,1,1,1,-1",,,3,0,0,0,0
"1,-1,1,1,1,-1,-1,1,-1,1,1,1,1,0,-1,-1,1,1,0,1,1,1,1,-1,1,1,1,1,0,1,-1",,,3,0,0,0,0
"-1,1,1,1,1,-1,1,0,-1,1,1,1,1,-1,0,-1,1,1,0,1,1,1,1,1,1,1,-1,1,1,-1,-1",,,3,0,0,0,0
"1,0,1,1,1,-1,-1,-1,1,-1,1,1,-1,-1,0,1,1,1,0,-1,1,-1,1,-1,1,0,1,1,0,1,-1",,,3,0,0,0,0
"-1,-1,-1,1,-1,-1,1,0,-1,1,1,-1,-1,-1,1,-1,1,1,0,-1,1,-1,1,-1,-1,-1,-1,-1,0,1,-1",,,3,0,0,0,0
"1,1,1,1,1,-1,0,-1,-1,1,1,1,1,0,0,-1,1,1,0,1,1,1,1,1,1,1,1,1,0,1,1",,,3,0,0,0,0
"1,-1,1,1,1,-1,-1,-1,1,1,1,1,-1,-1,0,-1,1,1,0,1,1,1,1,-1,1,0,-1,1,1,1,-1",,,3,0,0,0,0
"1,-1,-1,1,-1,-1,-1,-1,1,1,1,-1,-1,-1,1,-1,1,-1,1,1,1,1,1,-1,-1,-1,1,-1,0,1,-1",,,3,0,0,0,0
"1,-1,1,1,1,-1,0,0,1,1,1,1,-1,-1,-1,-1,1,1,0,1,1,1,1,-1,1,1,1,1,1,1,-1",,,3,0,0,0,0
"-1,-1,1,1,1,-1,-1,-1,1,1,1,1,-1,-1,-1,-1,1,1,0,1,1,1,1,-1,1,-1,1,1,0,1,-1",,,3,0,0,0,0
"-1,-1,1,1,1,1,0,1,1,1,1,1,-1,1,-1,1,1,1,0,1,1,1,1,-1,1,1,1,1,1,1,1",,,3,0,0,0,0
"-1,-1,-1,1,-1,-1,1,0,1,1,1,-1,-1,-1,1,-1,1,1,0,-1,1,-1,1,-1,-1,-1,1,-1,0,1,-1",,,3,0,0,0,0
"-1,1,1,1,1,-1,0,0,-1,1,1,1,1,-1,0,-1,1,1,0,1,1,1,1,1,1,-1,1,1,-1,-1,-1",,,3,0,0,0,0
"1,1,1,1,1,-1,0,-1,1,1,1,1,-1,0,-1,-1,1,1,0,1,1,1,1,1,1,0,-1,1,0,1,-1",,,3,0,0,0,0
"1,-1,1,-1,1,-1,-1,-1,-1,-1,-1,1,-1,-1,0,-1,-1,1,0,-1,-1,-1,-1,-1,1,0,1,1,0,1,-1",,,3,0,0,0,0
"1,-1,1,1,1,-1,-1,-1,-1,1,1,1,-1,-1,0,-1,1,1,0,1,1,1,1,-1,1,-1,1,1,0,-1,-1",,,3,0,0,0,0
"-1,-1,1,1,1,-1,0,-1,-1,1,1,1,-1,0,0,0,1,1,0,1,1,1,1,-1,1,1,1,1,1,1,1",,,3,0,0,0,0
"-1,0,-1,-1,1,-1,1,-1,1,1,1,1,-1,-1,0,-1,-1,-1,0,1,1,1,1,-1,1,-1,1,1,0,1,-1",,,3,0,0,0,0
"-1,-1,1,1,1,-1,0,-1,-1,1,1,1,1,-1,1,0,1,1,0,1,1,1,1,-1,1,-1,-1,1,1,1,-1",,,3,0,0,0,0
"-1,-1,1,1,1,-1,-1,1,-1,-1,-1,1,-1,1,1,-1,-1,1,0,1,1,-1,1,-1,1,1,-1,1,1,1,1",,,3,0,0,0,0
"-1,-1,-1,1,-1,-1,0,-1,1,-1,-1,-1,-1,-1,1,-1,-1,-1,0,1,1,-1,-1,-1,-1,0,1,-1,1,1,-1",,,3,0,0,0,0
"1,-1,1,1,1,-1,0,-1,1,1,1,1,-1,-1,0,-1,1,1,0,1,1,1,1,-1,1,0,1,1,0,1,-1",,,3,0,0,0,0
"-1,-1,1,1,1,-1,0,0,-1,1,1,1,1,-1,0,-1,1,1,0,1,1,1,1,-1,1,-1,-1,1,0,1,-1",,,3,0,0,0,0
"1,0,1,1,1,-1,0,-1,1,1,1,-1,-1,0,-1,-1,1,1,1,1,1,1,1,-1,1,0,1,1,0,1,-1",,,3,0,0,0,0
"-1,-1,1,-1,1,-1,0,0,1,-1,-1,1,-1,-1,1,-1,-1,1,0,1,1,-1,1,-1,1,-1,-1,1,0,1,-1",,,3,0,0,0,0
"1,-1,1,1,1,-1,1,0,1,1,1,1,-1,-1,0,-1,1,1,1,1,1,1,1,-1,1,-1,1,1,0,1,-1",,,3,0,0,0,0
"-1,-1,1,1,1,-1,0,1,-1,1,1,1,1,0,0,-1,1,1,0,1,1,1,1,-1,1,0,1,1,1,1,-1",,,3,0,0,0,0
"1,-1,-1,-1,-1,-1,1,0,-1,1,1,-1,-1,-1,1,0,1,-1,0,1,1,1,1,-1,-1,-1,1,-1,0,1,-1",,,3,0,0,0,0
"-1,-1,1,-1,1,-1,1,0,1,-1,-1,1,1,-1,0,-1,-1,1,0,1,1,-1,1,-1,1,0,1,1,0,1,-1",,,3,0,0,0,0
"-1,-1,1,1,1,-1,-1,1,1,1,1,1,-1,0,0,1,1,1,1,1,1,1,1,-1,1,0,-1,1,1,1,1",,,3,0,0,0,0
"-1,-1,1,-1,1,-1,0,-1,1,-1,-1,1,1,-1,0,-1,-1,1,0,1,1,-1,1,-1,1,0,-1,1,0,-1,-1",,,3,0,0,0,0
"1,-1,1,1,1,-1,0,-1,-1,1,1,1,1,0,-1,1,1,1,0,1,1,1,1,-1,1,0,-1,1,0,1,-1",,,3,0,0,0,0
"1,-1,1,-1,1,-1,-1,1,-1,-1,-1,1,1,1,-1,1,-1,1,0,-1,1,-1,-1,-1,1,1,-1,1,0,1,1",,,3,0,0,0,0
"-1,1,1,1,1,-1,0,0,-1,1,1,1,1,-1,0,-1,1,1,0,1,1,1,1,1,1,-1,-1,1,0,1,-1",,,3,0,0,0,0
"1,-1,1,1,1,-1,-1,-1,-1,1,1,1,1,1,0,-1,1,1,0,1,1,1,1,-1,1,1,1,1,0,1,1",,,3,0,0,0,0
"-1,-1,1,1,1,-1,1,0,-1,1,1,1,-1,-1,-1,0,-1,1,0,1,1,1,1,-1,1,-1,-1,1,0,1,-1",,,3,0,0,0,0
"1,-1,1,1,1,-1,0,1,1,1,1,1,-1,0,0,0,1,1,1,1,1,1,1,-1,1,1,-1,1,0,1,1",,,3,0,0,0,0
"-1,-1,1,1,1,-1,0,-1,1,1,1,1,-1,0,0,-1,1,1,0,1,1,1,1,-1,1,1,-1,1,0,-1,-1",,,3,0,0,0,0
"1,1,1,1,1,-1,0,1,-1,1,1,1,1,1,1,1,1,1,1,1,1,1,1,1,1,1,-1,1,0,1,1",,,3,0,0,0,0
"-1,-1,1,-1,1,-1,0,-1,-1,-1,-1,1,1,0,-1,-1,-1,1,0,1,1,-1,1,-1,1,0,-1,1,0,-1,-1",,,3,0,0,0,0
"-1,1,1,1,1,-1,0,1,-1,1,1,1,1,0,0,-1,1,1,0,1,1,1,1,1,1,1,-1,1,0,1,1",,,3,0,0,0,0
"1,-1,1,1,1,-1,0,1,1,1,1,1,-1,-1,-1,-1,1,1,0,1,1,1,1,-1,1,-1,-1,1,0,1,-1",,,3,0,0,0,0
"-1,-1,1,1,1,-1,0,-1,-1,1,1,1,1,-1,0,-1,1,1,0,1,1,1,1,-1,1,-1,-1,1,1,-1,-1",,,3,0,0,0,0
"1,-1,1,1,1,-1,0,-1,1,1,1,1,-1,0,-1,-1,1,1,0,1,1,1,1,-1,1,1,-1,1,0,1,-1",,,3,0,0,0,0
"-1,-1,1,1,1,-1,0,-1,-1,-1,1,1,1,0,0,1,1,1,0,1,1,-1,1,-1,1,0,-1,1,1,1,-1",,,3,0,0,0,0
"1,-1,1,1,1,-1,1,-1,1,1,1,1,-1,-1,-1,-1,1,1,0,1,1,1,1,-1,1,-1,-1,1,0,1,-1",,,3,0,0,0,0
"1,-1,1,1,1,-1,0,-1,1,1,1,1,1,0,-1,-1,1,1,1,1,1,1,1,-1,1,0,-1,1,0,1,-1",,,3,0,0,0,0
"-1,-1,1,1,1,-1,-1,1,-1,1,1,1,1,0,0,-1,1,1,0,1,1,1,1,-1,1,0,-1,1,0,1,-1",,,3,0,0,0,0
"1,-1,1,1,1,-1,0,1,1,1,1,1,1,0,-1,-1,-1,1,0,1,1,1,1,-1,1,0,-1,1,1,1,-1",,,3,0,0,0,0
"-1,-1,1,1,1,-1,0,-1,1,1,1,1,-1,0,-1,-1,1,1,1,1,1,1,1,-1,1,0,-1,1,0,1,-1",,,3,0,0,0,0
"-1,-1,1,1,1,-1,-1,1,1,1,1,1,-1,0,0,0,1,1,1,1,1,1,1,-1,1,1,-1,1,1,1,1",,,3,0,0,0,0
"-1,-1,1,1,1,-1,-1,-1,-1,-1,1,1,-1,-1,-1,-1,1,1,0,1,1,-1,1,-1,1,1,-1,1,1,-1,-1",,,3,0,0,0,0
"-1,1,1,1,1,-1,-1,-1,-1,1,1,1,-1,-1,0,-1,1,1,0,1,1,1,1,1,1,-1,-1,1,0,1,-1",,,3,0,0,0,0
"-1,-1,1,-1,1,-1,-1,-1,1,-1,-1,-1,-1,-1,0,-1,-1,-1,0,-1,1,-1,1,-1,1,0,1,1,0,1,-1",,,3,0,0,0,0
"-1,1,1,1,1,-1,1,0,-1,1,1,1,1,-1,0,-1,1,1,0,1,1,1,1,1,1,-1,1,1,1,1,-1",,,3,0,0,0,0
"1,-1,1,1,1,-1,1,0,-1,1,1,1,-1,-1,0,-1,1,1,0,1,1,1,1,-1,1,0,1,1,0,1,-1",,,3,0,0,0,0
"-1,1,1,1,1,-1,-1,-1,-1,1,1,1,1,-1,0,-1,1,1,1,1,1,1,1,1,1,0,-1,1,1,1,-1",,,3,0,0,0,0
"-1,-1,-1,-1,-1,-1,-1,1,1,1,1,-1,-1,1,-1,-1,1,-1,0,1,1,1,1,-1,-1,1,1,-1,1,1,1",,,3,0,0,0,0
"-1,1,1,1,1,1,0,1,-1,1,1,1,1,1,0,-1,1,1,0,1,1,1,1,1,1,1,1,1,1,1,1",,,3,0,0,0,0
"-1,-1,-1,-1,-1,-1,-1,-1,1,-1,-1,-1,-1,-1,1,-1,-1,-1,0,-1,1,-1,-1,-1,-1,-1,-1,-1,1,1,-1",,,3,0,0,0,0
"1,1,1,1,1,1,-1,1,-1,1,1,-1,1,0,0,1,1,1,0,1,1,1,1,1,1,1,-1,1,-1,1,1",,,3,0,0,0,0
"-1,-1,-1,-1,-1,-1,-1,-1,-1,1,1,-1,1,-1,1,0,1,-1,0,1,1,-1,1,-1,-1,-1,-1,-1,1,1,-1",,,3,0,0,0,0
"1,-1,1,1,-1,-1,1,0,-1,1,1,-1,-1,-1,1,-1,1,1,0,1,1,1,1,-1,1,-1,-1,1,0,1,-1",,,3,0,0,0,0
"1,-1,1,1,1,-1,0,-1,1,1,1,1,1,0,0,0,1,1,1,1,1,1,1,-1,1,-1,1,1,0,1,-1",,,3,0,0,0,0
"-1,1,1,1,1,-1,0,-1,1,1,1,1,-1,-1,0,-1,1,1,0,1,1,1,1,1,1,0,1,1,1,1,-1",,,3,0,0,0,0
"-1,-1,1,1,1,-1,1,1,1,1,1,1,-1,0,0,-1,1,1,0,1,1,1,1,-1,1,0,1,1,1,1,-1",,,3,0,0,0,0
"1,-1,1,1,1,-1,0,1,-1,1,1,1,1,0,0,1,1,1,1,1,1,1,1,-1,1,1,-1,1,0,1,1",,,3,0,0,0,0
"-1,-1,-1,1,-1,-1,0,1,1,1,1,-1,-1,0,1,-1,1,-1,0,1,1,1,1,-1,-1,1,-1,-1,1,1,1",,,3,0,0,0,0
"-1,-1,1,1,1,-1,0,-1,-1,1,1,1,1,0,-1,-1,1,1,0,1,1,1,1,-1,1,0,1,1,0,1,-1",,,3,0,0,0,0
"1,-1,1,1,1,-1,0,-1,-1,1,1,1,-1,0,-1,1,1,1,0,1,1,1,1,-1,1,-1,1,1,0,1,-1",,,3,0,0,0,0
"-1,-1,1,1,1,-1,0,1,-1,1,1,1,1,0,1,-1,1,1,0,1,1,1,1,-1,1,0,1,1,-1,1,-1",,,3,0,0,0,0
"-1,-1,1,1,1,-1,0,0,1,1,1,1,-1,-1,1,-1,1,1,0,1,1,1,1,-1,1,-1,1,1,1,1,-1",,,3,0,0,0,0
"1,-1,1,1,1,-1,0,-1,-1,1,1,1,1,-1,1,-1,1,1,0,1,1,1,1,-1,1,1,1,1,0,1,-1",,,3,0,0,0,0
"1,-1,1,1,1,-1,-1,1,-1,1,1,1,1,1,0,0,1,1,0,1,1,1,1,-1,1,1,1,1,0,1,1",,,3,0,0,0,0
"-1,-1,1,1,1,-1,1,0,1,1,1,1,-1,0,-1,0,1,1,0,1,1,1,1,-1,1,-1,-1,1,1,1,-1",,,3,0,0,0,0
"1,-1,1,1,1,-1,0,1,-1,1,1,1,1,1,0,-1,1,1,0,1,1,1,1,-1,1,1,1,1,-1,1,1",,,3,0,0,0,0
"1,1,1,1,1,-1,-1,1,-1,1,1,1,1,0,0,0,1,1,0,1,1,1,1,1,1,1,1,1,0,1,1",,,3,0,0,0,0
"-1,-1,1,1,1,-1,0,1,1,1,1,1,-1,-1,0,-1,1,1,0,1,1,1,1,-1,1,0,1,1,0,1,-1",,,3,0,0,0,0
"-1,1,1,1,1,-1,1,0,1,1,1,1,-1,-1,0,-1,1,1,0,1,1,1,1,1,1,0,-1,1,0,1,-1",,,3,0,0,0,0
"-1,-1,1,1,-1,-1,-1,-1,1,1,1,-1,-1,0,-1,-1,1,1,0,1,1,1,1,-1,1,1,1,-1,1,1,-1",,,3,0,0,0,0
"-1,-1,1,1,1,-1,-1,-1,1,1,1,1,-1,-1,0,-1,1,1,1,1,1,1,1,-1,1,-1,-1,1,1,-1,-1",,,3,0,0,0,0
"1,-1,1,-1,-1,-1,-1,1,1,1,-1,1,-1,1,1,-1,-1,1,0,1,1,1,1,1,1,-1,-1,-1,1,1,-1",,,3,0,0,0,0
"1,-1,1,-1,1,-1,-1,-1,-1,1,1,1,-1,0,-1,0,1,1,0,1,1,1,1,1,1,1,-1,1,1,1,1",,,3,0,0,0,0
"1,-1,1,-1,1,-1,1,1,-1,1,1,1,1,1,0,0,1,1,0,1,1,1,1,1,1,-1,-1,1,1,1,1",,,3,0,0,0,0
"-1,-1,1,-1,-1,-1,-1,1,-1,1,-1,1,-1,1,1,-1,-1,1,1,1,1,1,-1,1,1,-1,-1,-1,-1,1,-1",,,3,0,0,0,0
"1,-1,-1,1,1,-1,0,1,-1,1,1,1,-1,0,0,-1,1,1,0,1,1,1,1,1,1,-1,-1,1,0,1,1",,,3,0,0,0,0
"-1,1,-1,-1,-1,-1,-1,1,-1,1,1,1,-1,-1,1,-1,1,1,1,1,-1,1,-1,1,1,1,-1,-1,-1,1,-1",,,3,0,0,0,0
"-1,-1,1,-1,1,-1,-1,-1,1,1,1,1,-1,1,-1,-1,1,1,1,1,-1,1,-1,1,1,1,-1,-1,1,1,-1",,,3,0,0,0,0
"1,-1,-1,1,1,-1,0,-1,1,1,1,1,-1,-1,-1,-1,1,1,1,1,1,1,1,1,1,0,-1,1,1,-1,-1",,,3,0,0,0,0
"1,1,-1,1,-1,-1,-1,1,1,1,1,-1,-1,-1,-1,-1,-1,1,0,1,1,1,1,1,1,0,-1,-1,0,1,-1",,,3,0,0,0,0
"1,1,1,1,1,-1,1,1,-1,1,1,1,1,0,1,1,1,-1,0,1,1,1,1,1,1,1,-1,1,0,1,1",,,3,0,0,0,0
"1,1,1,1,1,-1,-1,1,-1,1,1,1,1,0,0,0,1,-1,0,1,1,1,1,1,1,-1,-1,-1,0,-1,1",,,3,0,0,0,0
"1,-1,-1,-1,1,-1,-1,1,-1,1,1,1,1,0,0,0,1,1,0,1,1,1,1,1,1,-1,-1,1,0,1,1",,,3,0,0,0,0
"1,1,-1,-1,1,-1,-1,1,-1,1,1,1,1,0,1,0,1,1,0,1,1,1,1,1,1,1,-1,1,1,1,1",,,3,0,0,0,0
"-1,0,1,-1,1,-1,0,1,1,1,-1,1,-1,-1,-1,-1,-1,1,0,1,-1,1,-1,1,1,0,-1,-1,0,1,-1",,,3,0,0,0,0
"1,1,1,-1,1,-1,0,1,-1,1,1,1,1,0,0,-1,1,-1,0,1,1,1,1,1,1,1,-1,1,0,1,1",,,3,0,0,0,0
"1,0,1,1,1,-1,0,-1,1,1,1,1,-1,-1,1,1,-1,1,0,1,1,1,1,1,1,1,-1,-1,0,1,-1",,,3,0,0,0,0
"1,-1,1,-1,1,-1,1,1,-1,-1,-1,1,1,1,1,0,1,-1,0,-1,1,-1,1,1,1,1,-1,1,1,1,1",,,3,0,0,0,0
"1,-1,-1,1,1,-1,1,1,-1,1,1,1,1,1,0,0,1,-1,0,1,1,1,1,1,1,1,-1,1,0,1,1",,,3,0,0,0,0
"1,-1,1,1,1,-1,0,1,-1,1,1,1,1,1,0,0,1,1,0,1,1,1,1,1,1,1,-1,1,0,1,1",,,3,0,0,0,0
"1,-1,1,1,1,-1,0,-1,1,1,-1,1,1,-1,1,-1,1,1,0,1,1,1,1,1,1,1,-1,1,1,1,-1",,,3,0,0,0,0
"1,-1,1,1,1,-1,1,1,-1,1,1,1,-1,0,0,1,1,1,0,1,1,1,1,1,1,1,-1,-1,0,1,1",,,3,0,0,0,0
"-1,0,-1,-1,-1,-1,-1,1,1,1,-1,1,-1,-1,1,-1,1,-1,0,1,-1,1,-1,1,1,1,-1,-1,1,1,-1",,,3,0,0,0,0
"1,-1,1,1,-1,-1,-1,1,-1,1,-1,1,1,-1,1,-1,1,1,0,1,-1,1,1,1,1,-1,-1,1,0,1,-1",,,3,0,0,0,0
"1,-1,-1,1,-1,-1,-1,1,1,1,1,1,-1,0,1,-1,1,1,1,1,-1,1,1,1,1,-1,-1,1,0,1,-1",,,3,0,0,0,0
"-1,-1,-1,-1,1,-1,-1,1,-1,-1,-1,1,1,1,0,-1,-1,1,0,-1,-1,-1,-1,1,1,-1,-1,1,0,1,1",,,3,0,0,0,0
"1,-1,-1,1,-1,-1,-1,-1,1,1,1,1,-1,-1,1,1,1,1,1,1,-1,1,1,1,1,-1,-1,1,1,1,-1",,,3,0,0,0,0
"1,1,1,1,1,-1,-1,-1,1,1,1,1,-1,-1,0,1,1,1,0,1,1,1,1,1,1,1,-1,-1,0,-1,-1",,,3,0,0,0,0
"-1,-1,1,-1,1,-1,-1,1,-1,-1,-1,1,1,0,-1,1,-1,1,0,-1,1,-1,-1,1,1,1,-1,1,1,1,1",,,3,0,0,0,0
"1,-1,-1,1,1,-1,-1,1,-1,1,1,-1,-1,0,0,-1,1,1,0,1,1,1,1,1,1,1,-1,1,0,1,1",,,3,0,0,0,0
"-1,1,1,-1,1,-1,-1,-1,-1,1,-1,1,1,-1,1,-1,-1,1,0,1,1,1,1,1,1,1,-1,-1,1,-1,-1",,,3,0,0,0,0
"1,1,1,1,1,-1,-1,0,-1,1,-1,1,1,1,-1,-1,1,1,0,1,1,1,1,1,1,1,-1,1,0,1,-1",,,3,0,0,0,0
"-1,-1,1,1,1,-1,-1,-1,-1,1,1,1,-1,0,0,-1,1,1,0,1,1,1,1,1,1,-1,-1,1,1,1,1",,,3,0,0,0,0
"-1,1,1,-1,1,-1,-1,1,-1,-1,-1,1,1,0,1,0,-1,1,0,1,1,-1,-1,1,1,-1,1,1,1,1,1",,,3,0,0,0,0
"1,-1,1,-1,1,-1,1,1,-1,1,1,1,-1,0,0,-1,1,1,0,1,1,1,1,1,1,-1,-1,1,0,1,1",,,3,0,0,0,0
"-1,-1,-1,1,-1,-1,1,1,-1,1,1,-1,1,0,1,-1,1,-1,0,1,1,1,1,1,1,-1,-1,1,1,1,1",,,3,0,0,0,0
"1,-1,1,1,1,-1,1,1,1,1,1,1,-1,0,-1,-1,-1,1,0,1,-1,1,1,1,1,0,-1,1,0,1,-1",,,3,0,0,0,0
"1,-1,1,1,1,-1,1,1,-1,-1,-1,1,1,0,0,-1,-1,1,0,1,1,-1,1,1,1,-1,-1,1,0,1,1",,,3,0,0,0,0
"-1,1,1,1,1,-1,-1,1,-1,1,1,1,1,1,-1,0,1,1,0,1,1,1,1,1,1,1,1,1,1,1,1",,,3,0,0,0,0
"1,-1,-1,1,1,-1,-1,1,-1,1,1,1,1,1,0,-1,1,1,0,1,1,1,1,1,1,1,-1,-1,0,1,1",,,3,0,0,0,0
"1,1,1,1,1,-1,-1,0,1,1,1,1,-1,1,1,-1,-1,1,0,1,1,1,1,1,1,0,-1,-1,1,1,-1",,,3,0,0,0,0
"-1,-1,-1,1,1,-1,1,1,1,1,1,1,-1,-1,-1,-1,-1,1,0,1,1,1,1,1,1,0,-1,-1,1,1,-1",,,3,0,0,0,0
"1,1,1,1,1,-1,1,1,-1,1,1,1,-1,1,1,0,1,1,0,1,1,1,1,1,1,1,-1,1,0,-1,1",,,3,0,0,0,0
"1,1,1,1,1,1,1,1,-1,1,1,1,1,1,1,-1,1,1,0,1,1,1,1,1,1,1,-1,1,0,1,1",,,3,0,0,0,0
"-1,1,-1,1,-1,-1,-1,0,-1,1,1,1,-1,1,-1,-1,-1,1,0,1,1,1,1,1,1,1,-1,-1,1,-1,-1",,,3,0,0,0,0
"-1,1,-1,-1,-1,-1,0,1,-1,-1,-1,1,-1,-1,-1,-1,-1,1,0,1,1,1,1,1,1,1,-1,1,-1,1,-1",,,3,0,0,0,0
"1,1,1,1,1,-1,1,1,-1,1,1,1,1,0,1,1,1,1,0,1,1,1,1,1,1,-1,1,1,0,1,1",,,3,0,0,0,0
"-1,1,1,-1,1,1,-1,1,-1,-1,-1,1,1,0,-1,-1,1,1,0,-1,-1,-1,-1,1,1,-1,1,1,1,1,1",,,3,0,0,0,0
"-1,0,-1,-1,1,-1,-1,1,-1,1,1,1,1,0,1,0,-1,-1,0,1,1,1,1,1,1,-1,-1,-1,0,1,1",,,3,0,0,0,0
"1,-1,-1,-1,1,-1,0,1,-1,1,1,1,1,0,-1,-1,1,1,0,1,1,1,1,-1,1,-1,-1,1,0,1,1",,,3,0,0,0,0
"-1,-1,-1,-1,1,-1,-1,1,1,-1,-1,1,-1,1,1,-1,1,1,0,-1,-1,-1,-1,1,1,-1,-1,1,1,1,1",,,3,0,0,0,0
"1,-1,-1,-1,1,-1,1,1,-1,1,1,1,-1,0,1,1,1,1,0,1,1,1,1,-1,1,1,-1,-1,0,1,1",,,3,0,0,0,0
"-1,-1,1,-1,1,1,1,1,-1,1,1,1,1,1,0,-1,1,1,0,1,1,1,1,-1,1,1,-1,1,0,1,1",,,3,0,0,0,0
"1,-1,1,1,1,-1,1,1,-1,1,1,1,-1,0,0,0,1,1,0,1,1,1,1,1,1,-1,-1,-1,0,1,1",,,3,0,0,0,0
"1,-1,1,1,1,1,1,1,-1,1,1,1,1,1,0,-1,1,1,0,1,1,1,1,-1,1,-1,-1,1,0,1,1",,,3,0,0,0,0
"1,-1,-1,-1,-1,-1,0,1,-1,-1,-1,-1,-1,0,1,1,1,-1,1,1,1,-1,1,1,-1,1,-1,1,1,1,1",,,3,0,0,0,0
"-1,-1,-1,1,1,-1,-1,-1,-1,1,1,1,1,0,-1,-1,-1,1,0,1,1,1,1,1,1,1,-1,1,1,1,-1",,,3,0,0,0,0
"-1,-1,-1,1,-1,1,-1,1,-1,1,1,-1,1,0,0,-1,1,1,0,1,1,1,1,1,-1,1,-1,1,1,1,1",,,3,0,0,0,0
"-1,-1,-1,-1,-1,-1,1,-1,-1,1,1,-1,1,0,0,0,1,-1,0,1,1,1,1,1,-1,0,-1,-1,1,1,1",,,3,0,0,0,0
"1,1,1,1,1,1,1,-1,-1,1,1,1,1,0,0,0,1,1,0,1,1,1,1,1,1,0,1,1,-1,1,1",,,3,0,0,0,0
"-1,-1,1,1,1,-1,0,-1,-1,1,1,1,-1,-1,-1,-1,-1,1,1,1,1,1,1,1,1,1,-1,-1,1,1,-1",,,3,0,0,0,0
"1,1,1,1,1,-1,1,1,-1,-1,-1,1,1,1,0,0,1,-1,0,-1,1,-1,1,1,1,-1,1,1,1,1,1",,,3,0,0,0,0
"1,1,1,1,1,-1,1,1,-1,1,1,1,1,0,1,-1,1,-1,0,1,1,1,1,1,1,-1,1,1,0,1,1",,,3,0,0,0,0
"-1,-1,1,1,1,-1,0,1,-1,1,1,1,-1,1,-1,1,1,-1,0,1,1,1,1,-1,1,0,-1,-1,1,1,1",,,3,0,0,0,0
"1,1,1,-1,1,-1,-1,-1,1,1,-1,1,-1,-1,-1,-1,1,1,0,1,1,1,-1,1,1,1,-1,-1,0,1,-1",,,3,0,0,0,0
"-1,1,1,1,1,1,-1,1,-1,1,1,1,1,0,0,1,1,1,0,1,1,1,1,1,1,1,-1,1,0,1,1",,,3,0,0,0,0
"-1,-1,-1,1,-1,1,-1,1,-1,1,1,-1,1,1,0,-1,1,-1,0,1,1,1,1,1,1,1,-1,1,1,1,1",,,3,0,0,0,0
"1,-1,1,-1,1,1,1,1,-1,-1,-1,1,-1,1,0,-1,1,1,0,-1,1,-1,-1,1,1,1,-1,1,0,1,1",,,3,0,0,0,0
"1,-1,1,-1,-1,-1,0,1,-1,1,1,1,1,-1,-1,-1,1,1,0,1,1,1,1,1,1,1,-1,-1,0,1,-1",,,3,0,0,0,0
"-1,-1,-1,-1,-1,-1,-1,1,-1,1,1,1,1,-1,0,-1,1,1,0,1,1,1,1,1,-1,1,-1,-1,0,1,-1",,,3,0,0,0,0
"-1,-1,1,-1,1,-1,0,-1,1,1,1,1,1,-1,-1,-1,1,1,1,1,1,1,1,1,-1,1,-1,-1,1,1,-1",,,3,0,0,0,0
"1,-1,1,-1,1,-1,-1,-1,-1,1,1,1,-1,1,-1,-1,1,1,0,1,1,1,1,1,1,1,-1,-1,0,1,-1",,,3,0,0,0,0
"1,-1,1,-1,1,-1,0,1,-1,-1,-1,1,1,0,0,-1,1,1,0,1,1,-1,1,1,1,1,-1,-1,0,1,1",,,3,0,0,0,0
"1,-1,-1,-1,-1,1,1,1,-1,1,1,-1,-1,1,0,1,-1,-1,0,1,1,1,1,1,1,1,-1,1,1,1,1",,,3,0,0,0,0
"-1,-1,1,1,-1,1,1,1,-1,1,1,1,1,1,0,0,1,-1,0,1,1,1,1,1,1,-1,-1,1,0,1,1",,,3,0,0,0,0
"1,-1,1,1,1,-1,1,1,1,1,1,1,-1,0,-1,-1,1,-1,0,1,1,1,1,-1,1,1,-1,1,0,1,1",,,3,0,0,0,0
"-1,1,1,1,1,-1,-1,-1,-1,1,-1,1,-1,-1,1,-1,1,-1,0,1,1,-1,1,1,1,1,-1,-1,0,1,-1",,,3,0,0,0,0
"1,1,-1,-1,-1,1,-1,1,-1,1,1,-1,1,0,0,1,-1,-1,0,1,1,1,1,1,1,-1,1,1,1,1,1",,,3,0,0,0,0
"-1,-1,-1,-1,-1,-1,-1,-1,-1,-1,-1,-1,-1,0,1,-1,-1,-1,1,-1,1,1,-1,1,-1,1,-1,1,1,1,-1",,,3,0,0,0,0
"1,-1,1,1,1,-1,-1,-1,1,1,1,1,1,0,-1,1,1,1,0,1,1,1,1,1,1,0,-1,1,0,1,1",,,3,0,0,0,0
"-1,-1,1,-1,-1,-1,-1,-1,1,-1,-1,1,-1,-1,0,-1,-1,1,0,-1,1,-1,-1,1,1,1,-1,1,0,1,-1",,,3,0,0,0,0
"1,-1,1,-1,1,-1,1,1,-1,1,1,1,-1,0,0,0,1,1,0,1,1,1,1,1,1,0,-1,1,0,1,1",,,3,0,0,0,0
"-1,1,1,-1,1,-1,1,1,-1,1,1,1,1,0,-1,-1,1,1,0,1,1,1,1,1,1,1,1,1,1,1,1",,,3,0,0,0,0
"-1,1,1,1,1,-1,-1,-1,-1,1,1,1,-1,-1,1,-1,1,1,0,1,1,1,1,1,1,1,1,1,0,1,-1",,,3,0,0,0,0
"1,-1,1,1,1,-1,-1,1,-1,1,1,1,-1,1,-1,-1,1,1,0,1,1,1,1,1,1,-1,-1,1,0,1,1",,,3,0,0,0,0
"1,-1,1,1,1,-1,1,1,-1,1,1,1,1,1,1,1,1,1,0,1,1,1,1,1,1,1,-1,1,0,1,1",,,3,0,0,0,0
"-1,-1,1,-1,1,-1,-1,-1,1,-1,-1,-1,-1,-1,1,-1,-1,-1,0,-1,1,-1,1,1,1,-1,-1,1,0,-1,-1",,,3,0,0,0,0
"1,1,1,1,1,1,-1,1,-1,1,1,1,1,0,0,1,1,1,0,1,1,1,1,1,1,1,-1,1,0,1,1",,,3,0,0,0,0
"-1,-1,1,1,1,-1,-1,1,-1,-1,-1,1,-1,0,1,0,1,1,0,1,1,-1,1,1,1,1,-1,1,1,1,1",,,3,0,0,0,0
"1,1,1,1,1,1,0,1,-1,1,1,1,1,0,1,-1,1,1,0,1,1,1,1,1,1,-1,1,1,0,-1,1",,,3,0,0,0,0
"1,-1,1,1,1,-1,0,-1,-1,1,1,1,-1,-1,1,-1,-1,1,0,1,1,1,1,1,1,-1,-1,1,0,1,-1",,,3,0,0,0,0
"-1,1,1,1,1,-1,-1,-1,1,1,-1,1,1,-1,1,-1,-1,1,0,1,1,1,1,1,1,1,-1,-1,0,1,-1",,,3,0,0,0,0
"-1,1,1,1,1,-1,0,1,-1,1,1,1,1,0,0,-1,1,1,0,1,1,1,1,1,1,-1,1,1,0,1,1",,,3,0,0,0,0
"-1,1,1,1,1,-1,-1,-1,1,1,1,1,-1,-1,1,-1,-1,1,0,1,1,1,1,1,1,1,1,1,1,1,-1",,,3,0,0,0,0
"-1,-1,1,1,1,-1,-1,1,-1,1,1,1,1,1,0,1,1,1,0,1,1,1,1,1,1,-1,-1,1,1,1,1",,,3,0,0,0,0
"1,1,1,1,1,1,-1,1,-1,1,1,1,1,1,0,1,1,1,0,1,1,1,1,1,1,1,1,1,0,1,1",,,3,0,0,0,0
"-1,-1,1,1,1,1,0,1,-1,1,1,1,-1,1,0,0,1,1,0,1,1,1,1,1,1,1,-1,1,1,1,1",,,3,0,0,0,0
"1,-1,1,1,1,-1,0,1,-1,1,1,1,1,1,0,-1,1,1,0,1,1,1,1,1,1,1,-1,1,0,1,1",,,3,0,0,0,0
"1,-1,1,1,1,1,0,1,-1,1,1,1,1,0,-1,-1,1,1,0,1,1,1,1,1,1,1,-1,1,0,1,1",,,3,0,0,0,0
"1,-1,1,-1,1,-1,-1,1,1,1,1,1,-1,0,-1,0,1,1,0,1,1,1,1,1,1,1,-1,1,0,1,1",,,3,0,0,0,0
"1,-1,1,-1,1,-1,0,1,-1,1,1,1,-1,1,1,1,1,1,0,1,1,1,1,1,1,1,-1,-1,0,1,1",,,3,0,0,0,0
"-1,-1,1,1,1,-1,-1,1,-1,1,1,1,1,-1,1,-1,-1,1,0,1,1,1,1,1,1,1,-1,1,0,1,-1",,,3,0,0,0,0
"-1,-1,1,-1,1,-1,-1,0,1,1,-1,1,1,-1,1,-1,-1,1,0,-1,-1,-1,-1,1,1,1,-1,1,0,1,-1",,,3,0,0,0,0
"1,1,1,1,1,-1,1,1,-1,1,1,1,1,0,-1,0,1,1,0,1,1,1,1,1,1,1,1,1,0,1,1",,,3,0,0,0,0
"1,-1,1,1,1,-1,-1,1,1,1,1,1,-1,-1,-1,-1,1,1,0,1,1,1,1,1,1,1,-1,-1,0,1,-1",,,3,0,0,0,0
"-1,-1,-1,1,-1,-1,1,1,-1,1,1,-1,-1,1,1,-1,1,-1,0,1,1,1,1,1,-1,1,-1,1,1,1,1",,,3,0,0,0,0
"-1,-1,-1,-1,-1,-1,-1,1,1,1,-1,-1,-1,-1,-1,-1,1,-1,1,-1,1,-1,-1,1,-1,1,-1,-1,1,1,-1",,,3,0,0,0,0
"-1,-1,1,1,1,1,1,1,-1,1,1,1,1,1,0,-1,1,1,0,1,1,1,1,1,1,1,-1,1,1,1,1",,,3,0,0,0,0
"-1,-1,1,1,1,-1,-1,1,1,1,1,1,-1,1,-1,-1,1,1,0,1,1,1,1,1,1,1,-1,-1,1,-1,-1",,,3,0,0,0,0
"-1,-1,1,-1,1,1,1,1,-1,-1,-1,-1,1,0,1,-1,-1,1,0,1,1,-1,-1,1,1,-1,-1,1,1,1,1",,,3,0,0,0,0
"1,1,1,1,1,-1,1,1,-1,1,1,1,1,0,1,1,1,1,0,1,1,1,1,1,1,1,1,-1,-1,1,1",,,3,0,0,0,0
"-1,-1,-1,-1,-1,-1,1,-1,-1,-1,-1,-1,-1,-1,1,-1,-1,-1,0,1,1,-1,-1,1,-1,1,-1,1,1,-1,-1",,,3,0,0,0,0
"-1,-1,1,-1,1,-1,-1,0,1,1,1,1,1,1,-1,-1,1,1,0,1,1,1,1,1,1,1,-1,1,1,1,-1",,,3,0,0,0,0
"1,-1,1,1,1,-1,0,1,1,1,1,1,-1,0,0,1,1,1,0,1,1,1,1,1,1,1,-1,1,0,1,1",,,3,0,0,0,0
"-1,-1,1,1,1,1,1,1,-1,1,1,1,1,-1,-1,-1,1,1,0,1,1,1,1,1,-1,-1,-1,1,1,1,1",,,3,0,0,0,0
"-1,-1,1,-1,1,-1,1,1,-1,1,1,1,-1,1,-1,-1,1,1,0,1,1,1,1,1,1,1,-1,1,0,1,-1",,,3,0,0,0,0
"-1,-1,1,-1,1,-1,-1,-1,1,1,1,1,1,1,-1,-1,1,1,0,1,1,1,1,1,1,1,-1,1,0,1,-1",,,3,0,0,0,0
"-1,-1,1,-1,1,-1,1,-1,1,-1,-1,-1,-1,0,-1,-1,-1,1,0,-1,1,-1,-1,1,1,1,-1,-1,1,1,-1",,,3,0,0,0,0
"-1,1,1,1,1,-1,1,1,-1,1,1,1,1,0,1,1,1,1,0,1,1,1,1,-1,1,0,1,1,0,-1,1",,,3,0,0,0,0
"-1,-1,1,-1,1,-1,0,-1,-1,1,-1,-1,1,-1,-1,-1,-1,1,0,1,1,1,1,1,1,1,-1,-1,0,1,-1",,,3,0,0,0,0
"-1,0,-1,1,1,-1,0,1,-1,1,1,1,1,0,0,-1,1,1,0,-1,1,-1,1,-1,1,1,-1,1,1,1,1",,,3,0,0,0,0
"1,1,1,1,1,1,1,1,-1,1,1,1,1,1,-1,1,1,1,0,1,1,1,1,-1,1,0,1,1,1,1,1",,,3,0,0,0,0
"-1,-1,1,-1,1,-1,1,-1,1,1,1,1,-1,0,-1,-1,1,1,0,1,1,1,1,-1,1,0,-1,1,1,1,1",,,3,0,0,0,0
"-1,-1,1,-1,1,-1,1,1,-1,1,1,1,-1,-1,-1,-1,1,1,0,1,1,1,1,1,1,1,-1,-1,0,1,-1",,,3,0,0,0,0
"-1,-1,1,-1,1,-1,1,1,-1,-1,-1,-1,-1,0,0,0,-1,1,0,1,1,-1,1,1,1,-1,-1,1,1,1,1",,,3,0,0,0,0
"1,1,1,-1,1,-1,1,-1,-1,1,1,1,1,0,0,-1,1,1,0,1,1,1,1,-1,1,1,1,1,0,1,1",,,3,0,0,0,0
"1,-1,1,1,1,-1,-1,1,1,1,1,1,-1,-1,0,-1,1,1,0,1,1,1,1,1,1,1,-1,-1,0,1,-1",,,3,0,0,0,0
"-1,-1,1,1,1,-1,0,1,1,1,1,1,-1,-1,-1,-1,1,1,0,1,1,1,1,1,1,1,-1,-1,0,1,-1",,,3,0,0,0,0
"-1,-1,1,1,1,-1,-1,1,-1,1,1,1,-1,-1,0,-1,1,1,0,1,1,1,1,1,1,1,-1,-1,1,1,-1",,,3,0,0,0,0
"-1,0,-1,1,1,-1,1,1,-1,1,1,1,1,0,1,1,1,1,0,1,1,1,1,1,1,1,-1,1,0,1,1",,,3,0,0,0,0
"-1,-1,1,1,1,-1,-1,1,1,1,1,1,-1,1,-1,-1,1,1,0,1,1,1,1,1,1,1,-1,-1,0,1,-1",,,3,0,0,0,0
"-1,-1,1,-1,1,-1,0,0,-1,1,-1,-1,-1,1,0,0,-1,-1,0,-1,1,-1,1,1,1,1,-1,-1,0,1,-1",,,3,0,0,0,0
"-1,-1,1,1,1,-1,-1,1,1,1,1,1,-1,1,1,-1,1,1,0,1,1,1,1,1,1,1,-1,1,0,1,-1",,,3,0,0,0,0
"-1,-1,1,1,1,-1,1,1,-1,1,1,1,-1,1,-1,-1,1,1,0,-1,1,1,1,-1,1,1,-1,1,1,1,1",,,3,0,0,0,0
"1,-1,1,1,1,-1,0,1,1,1,1,1,-1,0,1,-1,1,1,0,-1,1,1,1,1,1,1,-1,1,0,1,-1",,,3,0,0,0,0
"-1,-1,1,1,1,-1,1,1,-1,1,1,1,1,0,1,-1,1,1,0,-1,1,1,1,1,1,1,-1,1,0,1,1",,,3,0,0,0,0
"1,-1,1,1,1,-1,1,1,-1,1,1,1,-1,1,0,0,1,1,0,-1,1,1,1,-1,1,1,-1,1,0,1,1",,,3,0,0,0,0
"1,-1,1,1,1,-1,1,1,-1,1,1,1,1,0,-1,1,1,1,0,1,1,1,1,-1,1,1,-1,1,0,1,1",,,3,0,0,0,0
"-1,-1,-1,-1,-1,-1,-1,1,1,-1,-1,-1,-1,-1,1,-1,-1,-1,0,-1,-1,-1,-1,1,-1,-1,-1,1,1,1,-1",,,3,0,0,0,0
"1,-1,1,-1,1,-1,0,1,-1,-1,1,1,1,0,0,-1,-1,-1,0,-1,1,-1,1,-1,1,1,-1,1,-1,1,1",,,3,0,0,0,0
"1,1,1,-1,1,-1,0,1,-1,1,1,1,1,0,0,-1,-1,-1,0,-1,-1,-1,-1,1,1,-1,-1,1,0,1,1",,,3,0,0,0,0
"1,-1,1,1,1,-1,1,1,-1,1,1,1,-1,1,1,-1,1,1,0,1,1,1,1,-1,1,-1,-1,-1,0,-1,1",,,3,0,0,0,0
"1,-1,1,1,1,-1,1,1,-1,1,1,1,1,0,0,0,1,1,0,1,1,1,1,1,1,-1,-1,1,0,1,1",,,3,0,0,0,0
"-1,-1,1,1,1,-1,1,-1,1,1,1,1,-1,-1,1,-1,1,1,0,1,1,1,1,1,1,1,-1,-1,1,-1,-1",,,3,0,0,0,0
"1,-1,1,1,1,-1,1,1,-1,1,1,1,-1,0,-1,0,1,1,0,1,1,1,1,1,-1,-1,-1,1,0,1,1",,,3,0,0,0,0
"-1,-1,1,-1,1,-1,1,-1,1,-1,-1,-1,-1,-1,1,-1,-1,1,0,-1,-1,-1,-1,1,1,-1,-1,1,1,-1,-1",,,3,0,0,0,0
"-1,-1,-1,-1,-1,1,1,1,-1,1,1,1,-1,0,0,-1,1,-1,0,1,1,1,1,1,-1,-1,-1,1,0,1,1",,,3,0,0,0,0
"1,-1,1,-1,1,-1,1,1,-1,1,1,1,1,0,1,1,1,1,0,1,1,1,1,1,1,-1,-1,1,0,1,1",,,3,0,0,0,0
"-1,-1,1,-1,1,-1,-1,-1,-1,-1,-1,-1,-1,-1,1,-1,-1,1,0,-1,1,-1,-1,1,1,1,-1,1,0,1,-1",,,3,0,0,0,0
"-1,-1,1,1,1,-1,0,0,-1,1,1,1,1,-1,0,-1,1,1,0,1,1,1,1,1,1,1,-1,1,1,1,-1",,,3,0,0,0,0
"-1,-1,1,1,1,-1,0,-1,-1,1,1,1,1,-1,0,-1,1,1,0,1,1,1,1,1,1,1,-1,1,1,-1,-1",,,3,0,0,0,0
"-1,-1,1,-1,1,-1,-1,0,1,1,1,1,-1,-1,1,1,1,1,0,1,1,1,1,1,1,1,-1,1,1,-1,-1",,,3,0,0,0,0
"-1,-1,1,-1,1,-1,0,0,1,1,1,1,1,0,-1,-1,1,1,0,1,1,1,1,1,1,1,-1,-1,1,-1,-1",,,3,0,0,0,0
"1,-1,1,1,1,-1,0,-1,-1,1,1,1,-1,-1,-1,-1,1,1,0,1,1,1,1,1,1,1,-1,1,0,-1,-1",,,3,0,0,0,0
"1,1,1,-1,1,1,1,1,-1,-1,-1,-1,1,1,-1,-1,-1,1,0,1,1,-1,-1,-1,1,-1,1,1,0,1,1",,,3,0,0,0,0
"-1,-1,1,1,1,-1,-1,-1,-1,-1,1,1,-1,-1,1,-1,1,1,0,1,1,-1,1,1,1,1,-1,-1,0,1,-1",,,3,0,0,0,0
"1,1,1,1,1,-1,-1,0,-1,1,1,1,1,-1,-1,-1,1,1,0,1,1,1,1,1,1,1,1,-1,0,-1,-1",,,3,0,0,0,0
"-1,-1,1,1,1,-1,1,1,1,-1,1,1,-1,1,0,1,1,1,0,1,1,-1,-1,-1,1,1,-1,-1,1,1,1",,,3,0,0,0,0
"1,-1,1,-1,1,-1,1,1,-1,1,1,1,-1,1,0,-1,-1,-1,0,1,1,1,1,-1,1,1,-1,1,0,1,1",,,3,0,0,0,0
"1,-1,1,1,1,-1,0,1,-1,1,1,1,1,0,-1,-1,1,1,0,1,1,1,1,1,1,1,-1,1,0,1,1",,,3,0,0,0,0
"-1,-1,1,-1,1,-1,1,1,-1,-1,-1,-1,1,1,1,-1,-1,1,0,-1,1,-1,1,-1,1,1,-1,1,1,1,1",,,3,0,0,0,0
"1,-1,1,-1,1,1,1,1,-1,-1,-1,-1,1,0,-1,-1,-1,1,0,-1,-1,-1,-1,1,1,1,-1,1,1,1,1",,,3,0,0,0,0
"-1,-1,1,-1,1,-1,1,1,-1,-1,-1,-1,1,0,-1,1,-1,1,0,-1,1,-1,-1,-1,1,1,-1,1,1,1,1",,,3,0,0,0,0
"1,-1,1,1,1,1,1,1,-1,-1,1,1,1,1,0,-1,1,1,0,1,1,-1,1,-1,1,-1,-1,1,0,1,1",,,3,0,0,0,0
"-1,1,1,1,1,-1,1,1,-1,1,1,1,1,1,1,-1,1,1,0,1,1,1,1,1,1,-1,1,1,1,1,1",,,3,0,0,0,0
"-1,-1,1,1,1,-1,1,-1,-1,1,1,1,-1,0,-1,-1,1,1,0,1,1,1,1,-1,1,0,-1,1,1,1,1",,,3,0,0,0,0
"-1,-1,1,1,1,-1,1,1,-1,1,1,1,1,1,-1,-1,1,1,0,1,1,1,1,1,1,-1,-1,1,1,1,1",,,3,0,0,0,0
"-1,-1,1,1,1,-1,1,1,-1,1,1,1,1,0,0,0,1,1,0,1,1,1,1,1,1,0,-1,1,1,1,1",,,3,0,0,0,0
"1,1,1,1,1,1,1,1,-1,1,1,1,1,1,0,-1,1,1,0,1,1,1,1,-1,1,-1,1,1,0,1,1",,,3,0,0,0,0
"-1,-1,1,1,1,-1,1,1,-1,1,1,1,-1,0,-1,1,1,1,0,1,1,1,1,-1,1,0,-1,1,1,1,1",,,3,0,0,0,0
"1,-1,1,1,1,-1,1,-1,-1,1,1,1,1,1,0,-1,1,1,0,1,1,1,1,1,1,1,-1,1,0,1,1",,,3,0,0,0,0
"1,1,1,1,1,-1,1,1,-1,1,1,1,1,1,1,-1,1,1,0,1,1,1,1,1,1,-1,1,1,0,-1,1",,,3,0,0,0,0
"1,-1,1,1,1,-1,-1,-1,1,1,1,1,-1,-1,-1,-1,1,1,0,-1,1,1,1,1,1,1,-1,-1,0,1,-1",,,3,0,0,0,0
"1,-1,1,-1,1,-1,1,1,-1,-1,-1,1,1,1,-1,-1,-1,1,0,-1,1,-1,1,1,1,1,-1,1,0,1,1",,,3,0,0,0,0
"1,-1,1,1,1,-1,1,1,-1,1,1,1,1,0,1,1,1,1,0,1,1,1,1,-1,1,1,-1,1,1,1,1",,,3,0,0,0,0
"-1,-1,1,1,1,-1,-1,-1,1,1,1,1,-1,-1,-1,1,1,1,0,1,1,1,1,1,1,1,-1,1,0,1,-1",,,3,0,0,0,0
"1,-1,1,1,1,1,0,1,-1,1,1,1,1,1,-1,-1,1,1,0,1,1,1,1,1,1,1,-1,1,0,1,1",,,3,0,0,0,0
"-1,1,1,1,1,1,-1,1,-1,1,1,1,1,1,0,-1,1,1,0,1,1,1,1,1,1,-1,1,1,1,1,1",,,3,0,0,0,0
"1,0,1,1,1,-1,0,-1,1,1,1,1,-1,-1,-1,-1,1,1,0,-1,1,1,1,1,1,1,-1,-1,-1,1,-1",,,3,0,0,0,0
"-1,-1,1,1,1,-1,-1,-1,1,1,1,1,-1,-1,-1,-1,1,1,0,1,1,1,1,1,1,1,-1,1,1,1,-1",,,3,0,0,0,0
"-1,-1,1,1,1,-1,1,0,-1,1,1,1,1,-1,-1,-1,1,1,0,1,1,1,1,1,1,1,-1,-1,1,1,-1",,,3,0,0,0,0
"1,1,1,1,1,-1,-1,0,-1,1,1,1,1,-1,-1,-1,1,1,0,1,1,1,1,1,1,1,1,-1,0,1,-1",,,3,0,0,0,0
"-1,1,1,-1,-1,-1,-1,1,-1,1,1,1,1,0,-1,-1,-1,-1,0,1,1,1,1,1,-1,1,-1,-1,1,1,-1",,,3,0,0,0,0
"-1,-1,1,-1,-1,-1,1,1,1,1,1,1,-1,0,0,-1,1,1,0,1,1,1,1,1,1,1,-1,-1,0,1,-1",,,3,0,0,0,0
"-1,0,-1,-1,1,-1,-1,1,1,1,1,1,-1,0,0,-1,-1,-1,0,1,1,1,1,1,1,1,-1,1,0,1,-1",,,3,0,0,0,0
"-1,1,-1,1,-1,-1,0,1,-1,1,1,-1,1,0,-1,-1,1,-1,0,1,1,1,1,1,-1,-1,1,1,1,1,1",,,3,0,0,0,0
"1,1,1,-1,1,1,0,1,-1,1,1,1,1,0,0,-1,-1,-1,0,1,1,1,1,1,1,1,1,1,0,1,1",,,3,0,0,0,0
"-1,-1,1,-1,1,-1,1,1,-1,-1,-1,1,1,1,-1,-1,-1,1,0,-1,-1,-1,-1,1,1,1,-1,1,1,1,-1",,,3,0,0,0,0
"1,-1,1,-1,1,-1,1,0,-1,1,1,1,1,0,1,-1,1,1,0,1,1,1,1,1,1,1,-1,-1,0,1,-1",,,3,0,0,0,0
"-1,1,1,-1,1,-1,-1,0,-1,1,1,1,-1,-1,1,-1,1,1,0,1,1,1,1,1,1,1,1,1,1,1,-1",,,3,0,0,0,0
"-1,-1,1,1,1,-1,-1,1,-1,1,1,1,1,1,0,-1,1,-1,0,1,1,1,1,1,1,-1,-1,1,1,1,1",,,3,0,0,0,0
"1,-1,1,-1,1,-1,1,1,-1,1,1,1,1,0,0,-1,1,-1,0,1,1,1,1,1,1,1,-1,1,0,1,1",,,3,0,0,0,0
"-1,-1,1,-1,1,-1,0,1,-1,-1,-1,1,1,-1,1,-1,-1,1,0,1,1,1,1,1,1,1,-1,1,1,-1,-1",,,3,0,0,0,0
"-1,-1,1,-1,1,1,-1,1,-1,1,1,1,-1,0,1,-1,1,1,0,1,1,1,1,1,1,-1,-1,1,1,1,1",,,3,0,0,0,0
"-1,-1,1,1,1,-1,0,1,1,1,1,1,-1,-1,1,-1,1,1,0,1,1,1,1,1,1,1,-1,1,0,1,-1",,,3,0,0,0,0
"1,-1,1,1,1,-1,1,1,-1,1,1,1,1,0,-1,1,1,1,0,1,1,1,1,1,1,1,-1,1,0,1,1",,,3,0,0,0,0
"-1,-1,1,1,1,-1,0,0,1,1,1,1,1,-1,1,-1,-1,1,0,1,1,1,1,1,1,1,-1,1,1,1,-1",,,3,0,0,0,0
"-1,-1,1,1,1,-1,0,1,-1,-1,1,1,-1,-1,-1,-1,1,1,0,1,1,-1,1,1,1,1,-1,-1,1,1,-1",,,3,0,0,0,0
"1,-1,1,1,1,-1,1,1,-1,1,1,1,1,0,0,0,1,1,0,1,1,1,1,1,1,1,-1,1,0,1,1",,,3,0,0,0,0
"-1,-1,1,1,1,-1,1,1,1,1,1,1,-1,0,0,-1,1,1,0,1,1,1,1,1,1,-1,-1,1,1,1,1",,,3,0,0,0,0
"-1,-1,1,1,1,-1,-1,1,-1,1,1,1,-1,-1,0,-1,1,1,0,1,1,1,1,1,1,1,-1,1,0,1,-1",,,3,0,0,0,0
"1,1,1,1,1,-1,-1,1,-1,1,1,1,-1,-1,-1,-1,1,1,0,1,1,1,1,1,1,1,1,1,0,-1,-1",,,3,0,0,0,0
"-1,-1,1,1,1,-1,-1,0,-1,1,1,1,-1,-1,-1,-1,1,-1,0,1,1,1,1,1,1,1,-1,-1,0,1,-1",,,3,0,0,0,0
"1,-1,1,1,1,-1,-1,0,1,1,1,1,-1,-1,0,-1,1,-1,0,1,1,1,1,1,1,1,-1,1,0,1,-1",,,3,0,0,0,0
"1,-1,1,1,1,-1,-1,1,-1,1,1,1,-1,-1,-1,1,-1,1,0,1,1,1,1,1,1,1,-1,-1,0,1,-1",,,3,0,0,0,0
"1,-1,1,1,1,-1,1,-1,-1,1,1,1,-1,0,0,0,1,1,0,1,1,1,1,1,1,1,-1,1,1,1,1",,,3,0,0,0,0
"-1,1,-1,-1,-1,1,1,1,-1,1,1,-1,1,0,1,-1,1,-1,1,1,1,1,1,1,-1,1,1,1,1,1,1",,,3,0,0,0,0
"1,-1,1,1,1,-1,1,1,-1,1,1,1,-1,0,-1,-1,1,1,0,1,1,1,1,1,1,-1,-1,1,0,1,1",,,3,0,0,0,0
"1,-1,1,1,1,-1,0,-1,-1,1,1,1,1,0,-1,-1,1,1,0,1,1,1,1,1,1,-1,-1,-1,0,1,1",,,3,0,0,0,0
"1,1,-1,-1,1,1,1,1,-1,1,1,-1,1,0,1,-1,1,1,0,1,1,1,1,1,1,-1,1,1,-1,1,1",,,3,0,0,0,0
"-1,-1,1,1,1,-1,-1,0,-1,1,1,1,1,-1,-1,-1,1,1,0,1,1,1,1,1,1,1,-1,1,1,1,-1",,,3,0,0,0,0
"1,-1,1,-1,1,-1,0,1,-1,1,1,1,1,1,-1,1,1,1,0,1,1,1,1,1,1,1,-1,1,0,1,1",,,3,0,0,0,0
"-1,-1,1,-1,1,1,1,1,-1,1,1,1,-1,1,0,-1,1,1,0,1,1,1,1,1,1,1,-1,-1,1,1,1",,,3,0,0,0,0
"-1,-1,1,1,1,-1,1,1,-1,1,1,1,1,1,0,1,1,1,0,1,1,1,1,1,1,-1,-1,1,1,1,1",,,3,0,0,0,0
"1,-1,1,1,1,-1,1,1,-1,1,1,1,-1,0,0,1,1,1,0,1,1,1,1,1,1,1,-1,1,0,1,1",,,3,0,0,0,0
"-1,-1,-1,1,-1,-1,1,1,-1,1,1,-1,1,1,1,1,1,-1,0,1,1,1,1,1,-1,-1,-1,1,1,1,1",,,3,0,0,0,0
"1,-1,1,1,1,-1,1,1,-1,1,1,1,1,1,1,-1,1,1,0,1,1,1,1,1,1,0,-1,1,0,1,1",,,3,0,0,0,0
"-1,-1,-1,-1,-1,-1,-1,0,-1,-1,-1,1,-1,-1,1,-1,-1,-1,0,1,1,-1,1,1,-1,1,-1,-1,1,1,-1",,,3,0,0,0,0
"-1,-1,1,-1,1,-1,1,0,-1,-1,-1,1,1,1,-1,-1,-1,1,0,-1,-1,-1,-1,1,1,1,-1,-1,1,1,-1",,,3,0,0,0,0
"-1,1,1,1,1,1,1,1,-1,1,1,1,1,1,0,-1,1,1,0,1,1,1,1,1,1,0,1,1,1,1,1",,,3,0,0,0,0
"1,-1,1,-1,1,-1,1,1,-1,-1,-1,1,1,1,0,1,-1,1,0,-1,-1,-1,-1,1,1,-1,-1,1,0,1,1",,,3,0,0,0,0
"-1,-1,1,1,1,-1,-1,0,1,1,1,1,1,1,0,-1,1,1,0,1,1,1,1,1,1,1,-1,1,1,-1,-1",,,3,0,0,0,0
"-1,-1,-1,-1,-1,-1,1,1,-1,1,1,-1,1,0,-1,-1,1,-1,1,1,1,1,1,1,-1,0,-1,1,1,1,1",,,3,0,0,0,0
"-1,-1,1,1,1,-1,-1,0,-1,1,1,1,-1,1,1,-1,1,1,0,1,1,1,1,1,1,1,-1,1,1,1,-1",,,3,0,0,0,0
"-1,1,-1,1,-1,-1,-1,0,-1,1,1,-1,1,1,-1,0,1,-1,1,1,1,1,1,1,-1,1,1,-1,1,-1,-1",,,3,0,0,0,0
"1,1,1,1,-1,-1,1,1,-1,-1,1,-1,1,0,1,-1,1,1,0,-1,1,-1,1,1,1,-1,1,1,0,1,1",,,3,0,0,0,0
"1,-1,1,1,1,-1,1,1,-1,1,1,1,1,1,0,-1,1,-1,0,1,1,1,1,-1,1,0,-1,1,0,1,1",,,3,0,0,0,0
"1,-1,1,-1,1,1,1,1,-1,-1,-1,1,-1,1,0,-1,-1,-1,0,1,1,1,1,1,1,-1,-1,1,0,1,1",,,3,0,0,0,0
"-1,-1,1,1,1,-1,-1,-1,1,1,1,1,-1,1,-1,-1,1,-1,0,1,1,1,1,1,1,1,-1,1,0,-1,-1",,,3,0,0,0,0
"1,-1,1,1,1,1,1,1,-1,1,1,1,1,1,1,1,1,-1,0,1,1,1,1,-1,1,1,-1,1,0,1,1",,,3,0,0,0,0
"1,-1,1,1,1,-1,1,1,-1,1,1,1,1,0,1,1,1,1,0,1,1,1,1,1,1,1,-1,1,0,1,1",,,3,0,0,0,0
"-1,-1,1,1,1,-1,0,1,-1,1,1,1,1,0,-1,-1,1,1,0,1,1,1,1,1,1,-1,-1,1,1,1,1",,,3,0,0,0,0
"-1,-1,1,1,1,1,-1,1,1,1,1,1,-1,1,1,-1,1,1,0,1,1,1,1,1,1,1,-1,1,1,1,1",,,3,0,0,0,0
"-1,-1,1,-1,1,-1,-1,-1,-1,-1,-1,1,-1,-1,-1,-1,-1,1,0,1,1,-1,1,1,1,1,-1,-1,1,1,-1",,,3,0,0,0,0
"1,1,1,-1,1,1,0,1,-1,1,1,1,1,0,0,-1,-1,-1,0,1,1,1,1,-1,1,1,1,1,0,1,1",,,3,0,0,0,0
"1,-1,1,1,1,-1,1,-1,-1,1,1,1,1,0,0,-1,1,1,0,1,1,1,1,1,1,1,-1,-1,0,1,-1",,,3,0,0,0,0
"1,-1,1,-1,1,-1,1,-1,-1,1,1,-1,-1,1,0,0,1,1,0,1,1,1,1,-1,1,1,-1,1,0,1,1",,,3,0,0,0,0
"-1,0,-1,1,1,-1,1,1,-1,1,1,-1,1,0,1,1,1,1,0,1,1,1,1,1,1,1,-1,1,0,1,1",,,3,0,0,0,0
"-1,-1,1,1,1,-1,-1,1,-1,1,1,1,-1,0,-1,1,1,1,0,1,1,1,1,1,1,1,-1,1,1,1,-1",,,3,0,0,0,0
"-1,1,1,-1,1,1,1,1,-1,-1,-1,1,1,0,-1,-1,-1,1,0,-1,-1,-1,-1,1,1,-1,1,1,1,1,1",,,3,0,0,0,0
"1,-1,1,1,1,-1,1,1,-1,1,1,1,1,1,1,1,1,1,0,1,1,1,1,1,1,1,-1,-1,0,1,1",,,3,0,0,0,0
"-1,-1,-1,1,-1,-1,-1,0,-1,1,1,-1,-1,-1,-1,1,1,-1,0,1,1,1,1,1,-1,1,-1,1,0,1,-1",,,3,0,0,0,0
"-1,-1,1,-1,1,-1,-1,1,1,-1,1,1,-1,-1,-1,-1,1,-1,0,1,1,-1,1,1,1,1,-1,1,1,1,-1",,,3,0,0,0,0
"-1,-1,1,1,1,-1,-1,1,-1,1,1,1,1,-1,-1,-1,1,1,0,1,1,1,1,1,1,1,-1,-1,0,1,-1",,,3,0,0,0,0
"-1,-1,1,1,1,-1,0,-1,1,1,1,1,-1,-1,1,-1,1,1,0,1,1,1,1,1,1,1,-1,-1,1,1,-1",,,3,0,0,0,0
"-1,1,-1,-1,-1,-1,1,-1,-1,-1,1,-1,1,-1,1,-1,1,-1,0,-1,1,-1,1,1,-1,1,1,-1,1,1,-1",,,3,0,0,0,0
"1,-1,1,1,1,-1,1,-1,-1,1,1,1,1,1,0,1,1,1,0,1,1,1,1,1,1,1,-1,1,0,1,1",,,3,0,0,0,0
"1,-1,1,1,1,-1,1,1,-1,1,1,1,1,0,0,1,1,1,0,1,1,1,1,-1,1,0,1,1,0,1,1",,,3,0,0,0,0
"-1,1,1,-1,1,-1,0,-1,1,1,1,1,1,-1,1,-1,1,1,0,1,1,1,-1,1,1,1,1,-1,0,1,-1",,,3,0,0,0,0
"1,-1,1,-1,1,1,1,1,1,-1,-1,1,-1,1,1,-1,-1,1,0,-1,1,-1,-1,1,1,0,-1,1,1,1,1",,,3,0,0,0,0
"-1,1,1,-1,1,-1,1,1,-1,-1,-1,1,1,0,-1,-1,-1,1,0,1,1,-1,1,-1,1,-1,1,1,1,1,1",,,3,0,0,0,0
"-1,1,-1,-1,-1,-1,0,1,-1,1,1,-1,1,-1,1,-1,1,1,1,1,1,1,1,1,-1,1,1,-1,1,1,-1",,,3,0,0,0,0
"-1,-1,1,1,1,1,1,1,-1,1,1,1,1,0,0,-1,1,1,0,1,1,-1,1,-1,1,0,1,1,1,1,1",,,3,0,0,0,0
"-1,-1,1,-1,1,-1,1,1,-1,-1,-1,1,1,0,-1,1,-1,1,0,1,-1,-1,-1,1,1,-1,1,1,1,1,1",,,3,0,0,0,0
"-1,-1,1,1,1,-1,1,1,-1,-1,1,1,1,0,0,1,1,1,0,1,1,-1,1,1,1,-1,-1,1,1,1,1",,,3,0,0,0,0
"1,-1,1,-1,1,-1,-1,0,-1,1,1,1,-1,-1,0,-1,1,1,0,1,1,1,-1,1,1,-1,-1,-1,0,-1,-1",,,3,0,0,0,0
"1,-1,1,1,1,-1,1,1,1,1,1,1,-1,1,1,1,1,1,0,1,1,1,1,1,1,-1,-1,1,0,1,1",,,3,0,0,0,0
"-1,-1,1,-1,1,-1,0,1,1,-1,-1,1,-1,-1,1,-1,-1,1,0,-1,1,-1,-1,1,1,1,-1,-1,1,1,-1",,,3,0,0,0,0
"1,1,1,1,1,-1,1,1,-1,1,1,1,1,0,0,1,1,1,0,1,1,1,1,-1,1,0,1,1,0,1,1",,,3,0,0,0,0
"-1,-1,1,1,1,-1,0,1,-1,-1,-1,1,1,-1,1,-1,-1,1,0,1,1,-1,1,1,1,1,-1,-1,1,1,-1",,,3,0,0,0,0
"-1,-1,1,1,1,-1,0,-1,1,1,1,1,-1,-1,1,-1,1,1,0,1,1,1,1,1,1,1,-1,-1,1,-1,-1",,,3,0,0,0,0
"-1,-1,1,1,1,-1,-1,-1,1,1,1,1,-1,-1,0,1,1,1,0,1,1,1,-1,1,1,1,-1,-1,1,1,-1",,,3,0,0,0,0
"1,-1,1,-1,1,-1,-1,1,-1,-1,-1,1,-1,0,0,0,-1,1,0,-1,1,-1,-1,1,1,1,-1,1,0,1,1",,,3,0,0,0,0
"-1,-1,1,1,1,-1,-1,1,1,1,1,1,-1,-1,0,-1,1,1,0,1,1,1,-1,1,1,1,-1,-1,0,-1,-1",,,3,0,0,0,0
"-1,-1,1,1,1,-1,0,1,-1,1,1,1,-1,1,-1,1,1,1,0,1,1,1,1,-1,1,1,-1,-1,1,1,1",,,3,0,0,0,0
"-1,-1,1,-1,1,1,1,1,-1,-1,-1,1,1,1,0,-1,-1,1,0,-1,1,-1,-1,1,1,1,-1,1,0,1,1",,,3,0,0,0,0
"-1,-1,1,1,1,-1,-1,1,-1,1,1,-1,1,1,1,-1,1,1,0,1,1,1,1,1,1,1,-1,1,1,1,1",,,3,0,0,0,0
"1,-1,1,-1,1,-1,1,1,-1,1,1,1,1,0,-1,-1,1,1,0,1,1,1,1,1,1,-1,-1,1,0,1,1",,,3,0,0,0,0
"-1,-1,1,1,1,-1,-1,0,1,1,1,1,-1,-1,1,1,1,1,0,1,1,1,-1,1,1,-1,-1,-1,1,1,-1",,,3,0,0,0,0
"-1,-1,-1,1,-1,-1,1,1,-1,1,1,-1,1,-1,-1,-1,1,-1,1,1,1,1,1,1,-1,1,-1,-1,1,1,-1",,,3,0,0,0,0
"1,-1,1,-1,1,-1,1,1,-1,1,1,1,1,1,0,-1,1,1,0,1,1,1,1,1,1,1,-1,1,0,1,1",,,3,0,0,0,0
"1,-1,1,-1,1,1,0,1,-1,-1,-1,1,-1,1,0,-1,-1,1,0,1,1,-1,-1,-1,1,-1,-1,1,0,1,1",,,3,0,0,0,0
"-1,-1,1,1,1,-1,-1,1,-1,1,1,1,1,-1,-1,-1,1,1,0,1,1,1,1,1,1,1,-1,-1,1,1,-1",,,3,0,0,0,0
"-1,-1,1,-1,1,-1,-1,-1,-1,1,1,1,1,0,-1,1,-1,-1,0,1,1,1,1,1,1,1,-1,-1,0,1,-1",,,3,0,0,0,0
"1,1,1,-1,1,1,0,1,-1,1,1,1,1,0,-1,-1,1,1,0,1,1,1,1,1,1,1,1,-1,0,1,1",,,3,0,0,0,0
"-1,-1,1,1,1,-1,-1,-1,1,1,1,1,-1,-1,-1,-1,1,1,0,1,1,1,1,1,1,-1,-1,1,0,1,-1",,,3,0,0,0,0
"1,-1,1,1,1,1,1,1,-1,1,1,1,1,0,0,1,1,1,0,1,1,1,1,1,1,0,-1,1,0,1,1",,,3,0,0,0,0
"-1,-1,1,1,1,1,1,-1,-1,1,1,1,-1,1,1,-1,1,1,0,1,1,1,1,1,1,0,-1,1,1,1,1",,,3,0,0,0,0
"1,-1,1,1,1,-1,1,1,-1,1,1,1,-1,1,1,1,1,1,0,1,1,1,1,1,1,-1,-1,1,0,-1,1",,,3,0,0,0,0
"1,-1,1,1,1,-1,0,1,-1,1,1,1,1,1,-1,-1,1,1,0,1,1,1,1,1,1,0,-1,1,0,1,1",,,3,0,0,0,0
"1,-1,1,1,1,-1,0,1,-1,1,1,1,-1,0,-1,-1,1,1,0,1,1,1,1,1,1,0,-1,1,0,1,1",,,3,0,0,0,0
"-1,1,-1,1,-1,-1,1,1,-1,1,1,-1,1,1,-1,-1,1,-1,1,1,1,1,1,1,-1,-1,1,1,1,1,1",,,3,0,0,0,0
"1,-1,1,1,1,-1,1,1,-1,1,1,1,-1,0,0,0,1,1,0,1,1,1,1,1,1,-1,-1,1,0,1,1",,,3,0,0,0,0
"-1,-1,1,1,1,-1,0,-1,1,1,1,1,-1,1,-1,-1,1,1,0,1,1,1,1,1,1,1,-1,1,0,1,-1",,,3,0,0,0,0
"-1,1,1,-1,1,-1,-1,-1,-1,-1,1,1,1,-1,-1,-1,1,1,0,1,1,-1,1,1,1,1,1,1,0,-1,-1",,,3,0,0,0,0
"-1,-1,1,1,1,-1,0,-1,1,1,1,1,-1,-1,-1,-1,1,1,0,1,1,1,1,1,1,1,-1,-1,0,-1,-1",,,3,0,0,0,0
"1,-1,1,1,1,-1,1,1,-1,1,1,1,1,0,-1,-1,1,1,0,1,1,1,1,1,1,-1,-1,1,0,1,1",,,3,0,0,0,0
"-1,1,-1,-1,-1,-1,-1,-1,-1,1,1,-1,1,-1,-1,-1,1,-1,1,1,1,1,1,1,-1,1,1,1,0,-1,-1",,,3,0,0,0,0
"1,-1,1,1,1,-1,1,1,1,1,1,1,1,-1,-1,-1,1,1,0,1,1,1,1,1,1,1,-1,1,0,1,-1",,,3,0,0,0,0
"1,-1,1,1,1,-1,1,1,-1,1,1,1,-1,1,1,-1,1,1,0,1,1,1,1,1,1,0,-1,1,0,1,1",,,3,0,0,0,0
"-1,-1,1,1,1,-1,-1,1,1,1,1,1,-1,1,-1,-1,1,1,0,1,1,1,1,1,1,1,-1,1,1,1,-1",,,3,0,0,0,0
"-1,1,1,1,1,-1,-1,1,1,1,1,1,-1,-1,-1,-1,1,1,0,1,1,1,1,1,1,1,1,-1,0,1,-1",,,3,0,0,0,0
"-1,-1,1,1,1,-1,0,1,-1,1,1,1,1,0,-1,-1,1,1,0,1,1,1,1,1,1,-1,-1,1,0,1,-1",,,3,0,0,0,0
"-1,-1,1,-1,1,1,1,1,-1,-1,-1,1,-1,1,1,-1,-1,1,0,-1,1,-1,-1,-1,1,1,-1,1,1,1,1",,,3,0,0,0,0
"-1,-1,1,-1,1,-1,1,1,-1,-1,-1,1,1,0,1,1,-1,-1,0,-1,1,-1,1,1,1,1,-1,1,0,1,1",,,3,0,0,0,0
"-1,1,1,1,-1,1,1,1,-1,-1,1,1,1,1,1,-1,1,1,1,-1,1,-1,1,1,1,1,1,1,0,1,1",,,3,0,0,0,0
"1,-1,1,1,1,-1,1,-1,1,1,1,1,-1,-1,1,-1,1,1,0,1,1,1,1,1,1,-1,-1,1,1,1,-1",,,3,0,0,0,0
"-1,1,1,1,1,-1,1,1,-1,1,1,1,1,0,1,1,1,1,0,1,1,1,1,-1,1,1,1,1,-1,1,1",,,3,0,0,0,0
"1,-1,1,1,1,-1,0,-1,-1,1,1,-1,-1,-1,-1,-1,1,1,0,1,1,1,1,1,1,-1,-1,1,0,1,-1",,,3,0,0,0,0
"1,-1,1,1,1,-1,0,-1,-1,1,1,1,1,-1,1,-1,1,1,0,1,1,1,1,1,1,1,-1,1,0,1,-1",,,3,0,0,0,0
"-1,-1,1,1,1,-1,1,1,-1,1,1,1,-1,0,1,1,1,1,0,1,1,1,1,1,1,1,-1,1,1,1,1",,,3,0,0,0,0
"1,-1,1,1,1,-1,-1,-1,1,1,1,1,-1,-1,-1,0,1,1,0,1,1,1,1,1,1,-1,-1,1,0,1,-1",,,3,0,0,0,0
"-1,-1,1,1,1,-1,1,1,-1,-1,1,1,-1,0,-1,0,-1,1,0,-1,1,-1,1,-1,1,0,-1,1,1,1,1",,,3,0,0,0,0
"1,1,-1,-1,-1,-1,1,-1,-1,1,1,-1,1,1,1,-1,1,-1,1,-1,1,-1,1,1,-1,1,1,1,0,1,-1",,,3,0,0,0,0
"-1,-1,1,-1,1,1,-1,1,-1,1,1,1,1,1,1,-1,-1,-1,0,1,1,1,1,1,1,1,1,1,-1,1,1",,,3,0,0,0,0
"-1,-1,1,-1,1,-1,-1,-1,1,1,1,1,-1,1,-1,-1,1,1,0,1,1,1,1,1,1,-1,-1,1,0,-1,-1",,,3,0,0,0,0
"-1,-1,1,-1,1,-1,1,-1,-1,-1,-1,1,1,1,-1,-1,-1,1,0,1,1,1,1,1,1,-1,-1,-1,1,1,-1",,,3,0,0,0,0
"-1,-1,-1,-1,-1,-1,1,-1,-1,1,1,-1,1,0,0,0,1,-1,0,1,1,1,1,1,-1,1,-1,1,1,1,1",,,3,0,0,0,0
"1,-1,1,-1,1,-1,0,0,1,1,1,1,-1,0,-1,-1,1,1,0,1,1,1,1,1,1,-1,-1,-1,0,1,-1",,,3,0,0,0,0
"1,-1,1,1,1,-1,1,1,-1,1,1,1,1,0,0,1,1,1,0,1,1,1,1,-1,1,-1,-1,1,0,1,1",,,3,0,0,0,0
"1,-1,1,1,-1,-1,1,1,-1,1,1,1,1,1,1,0,1,1,0,1,1,1,1,1,1,1,-1,1,0,1,1",,,3,0,0,0,0
"-1,-1,1,1,-1,-1,1,1,-1,1,1,1,1,0,1,1,1,1,0,1,1,1,1,1,1,1,-1,1,1,1,1",,,3,0,0,0,0
"1,-1,1,1,1,-1,0,1,-1,1,1,1,1,0,0,-1,1,1,0,1,1,1,1,-1,1,-1,-1,1,0,1,1",,,3,0,0,0,0
"1,-1,1,1,1,1,1,1,-1,1,1,1,1,1,1,-1,1,1,0,1,1,1,1,1,1,-1,-1,1,0,-1,1",,,3,0,0,0,0
"1,1,1,-1,1,-1,-1,0,-1,1,1,1,1,1,-1,0,1,1,0,1,1,1,1,1,1,-1,1,1,0,1,-1",,,3,0,0,0,0
"1,-1,1,1,1,-1,0,0,1,1,1,1,-1,1,1,-1,1,1,0,1,1,1,1,1,1,-1,-1,1,0,1,-1",,,3,0,0,0,0
"-1,-1,1,1,-1,-1,-1,0,1,1,1,1,-1,1,-1,1,1,1,0,1,1,1,1,1,1,0,-1,1,-1,1,-1",,,3,0,0,0,0
"-1,-1,1,1,1,-1,-1,0,1,1,1,1,-1,-1,-1,-1,1,1,0,1,1,1,1,-1,1,0,-1,-1,1,1,-1",,,3,0,0,0,0
"-1,-1,-1,-1,1,-1,-1,0,-1,1,1,-1,-1,-1,-1,-1,-1,-1,0,1,1,1,1,1,-1,1,-1,-1,0,1,-1",,,3,0,0,0,0
"-1,1,1,1,1,-1,-1,0,-1,1,1,1,1,-1,-1,-1,1,1,0,1,1,1,1,1,1,1,1,-1,-1,-1,-1",,,3,0,0,0,0
"-1,-1,1,1,1,-1,0,-1,-1,1,1,1,1,0,-1,-1,1,1,0,1,1,1,1,1,1,1,-1,1,0,1,-1",,,3,0,0,0,0
"1,-1,1,1,1,-1,-1,-1,1,1,1,1,1,-1,-1,1,1,1,0,1,1,1,1,-1,1,1,-1,-1,0,1,-1",,,3,0,0,0,0
"1,-1,1,-1,-1,-1,1,1,-1,1,1,1,1,1,0,1,1,1,0,1,1,1,1,1,1,-1,-1,-1,0,1,1",,,3,0,0,0,0
"-1,1,1,-1,1,-1,1,-1,-1,1,1,1,1,0,0,0,1,1,0,1,1,1,1,-1,1,0,1,1,0,1,1",,,3,0,0,0,0
"1,1,1,1,1,-1,1,1,-1,1,1,1,1,0,-1,-1,1,1,0,1,1,1,1,-1,1,0,1,1,0,1,1",,,3,0,0,0,0
"-1,-1,1,1,1,1,1,1,-1,1,1,1,1,0,0,1,1,1,0,1,1,1,1,1,1,-1,-1,1,1,1,1",,,3,0,0,0,0
"1,-1,1,-1,1,-1,1,1,-1,-1,-1,1,-1,1,-1,-1,-1,1,0,-1,1,-1,-1,1,1,1,-1,1,0,1,1",,,3,0,0,0,0
"-1,-1,1,-1,1,-1,1,1,-1,-1,-1,1,1,0,0,0,-1,1,0,-1,-1,-1,-1,-1,1,0,-1,1,1,1,1",,,3,0,0,0,0
"-1,1,1,1,1,-1,-1,-1,-1,1,1,1,1,-1,1,-1,1,1,0,1,1,1,1,1,1,0,1,1,0,-1,-1",,,3,0,0,0,0
"1,-1,1,1,1,-1,-1,-1,1,1,1,1,-1,-1,1,-1,1,1,0,1,1,1,1,1,1,0,-1,1,0,1,-1",,,3,0,0,0,0
"-1,-1,1,1,1,-1,-1,-1,1,1,1,1,-1,-1,0,-1,1,1,0,1,1,1,1,1,1,1,-1,1,1,1,-1",,,3,0,0,0,0
"1,-1,1,1,1,-1,1,1,-1,1,1,1,1,1,1,-1,1,1,0,1,1,1,1,1,1,1,-1,1,0,-1,1",,,3,0,0,0,0
"-1,-1,-1,1,-1,-1,1,-1,-1,1,1,-1,1,1,0,-1,1,-1,1,1,1,1,1,1,-1,0,-1,1,1,1,1",,,3,0,0,0,0
"-1,-1,1,1,1,1,1,-1,-1,1,1,1,-1,1,1,-1,1,1,0,1,1,1,1,-1,1,0,-1,1,1,1,1",,,3,0,0,0,0
"1,-1,1,1,1,-1,1,1,-1,1,1,1,1,1,0,1,1,1,0,1,1,1,1,-1,1,-1,-1,1,0,1,1",,,3,0,0,0,0
"-1,-1,1,-1,1,-1,1,1,-1,-1,-1,1,1,0,1,0,-1,1,0,-1,1,-1,-1,1,1,-1,-1,1,1,1,1",,,3,0,0,0,0
"-1,-1,-1,-1,-1,-1,0,-1,-1,-1,1,-1,-1,-1,1,-1,-1,-1,1,-1,1,-1,1,1,-1,1,-1,1,0,-1,-1",,,3,0,0,0,0
"1,-1,1,1,-1,-1,-1,-1,1,1,1,1,-1,-1,0,0,1,1,0,1,1,1,1,1,1,1,-1,1,0,1,-1",,,3,0,0,0,0
"-1,-1,1,1,1,-1,-1,0,-1,1,1,1,-1,-1,1,-1,1,1,0,1,1,1,1,1,1,0,-1,1,1,1,-1",,,3,0,0,0,0
"-1,-1,1,-1,1,1,1,1,1,-1,-1,1,-1,0,1,-1,-1,1,0,-1,1,-1,-1,1,1,-1,-1,1,1,1,1",,,3,0,0,0,0
"-1,-1,1,-1,1,-1,-1,-1,1,1,1,1,-1,-1,0,-1,1,1,0,1,1,1,1,1,1,1,-1,1,1,1,-1",,,3,0,0,0,0
"-1,1,-1,-1,-1,-1,0,1,-1,1,1,-1,1,0,-1,-1,1,-1,1,1,1,1,1,1,-1,1,1,1,1,1,1",,,3,0,0,0,0
"-1,-1,1,-1,1,-1,-1,-1,-1,1,1,1,1,-1,-1,-1,1,1,0,1,1,1,1,1,1,1,-1,1,0,1,-1",,,3,0,0,0,0
"-1,1,1,1,1,-1,-1,-1,-1,1,1,1,1,-1,-1,-1,1,1,0,1,1,1,1,1,1,1,1,1,0,1,-1",,,3,0,0,0,0
"-1,-1,1,1,1,-1,-1,0,-1,1,1,1,-1,-1,-1,-1,1,1,0,1,1,1,1,1,1,1,-1,1,0,-1,-1",,,3,0,0,0,0
"1,-1,1,-1,-1,-1,1,1,1,1,1,1,-1,1,1,1,1,1,0,1,1,1,1,1,1,1,-1,-1,0,1,1",,,3,0,0,0,0
"-1,-1,-1,-1,-1,-1,1,1,-1,1,1,-1,1,0,-1,-1,1,-1,1,1,1,1,1,-1,-1,0,-1,1,1,1,1",,,3,0,0,0,0
"-1,-1,1,1,1,-1,1,-1,-1,1,1,1,1,1,0,1,1,1,0,1,1,1,1,1,1,1,-1,1,0,1,1",,,3,0,0,0,0
"1,-1,1,1,1,-1,1,1,-1,1,1,1,1,0,0,1,1,1,0,1,1,1,1,1,1,-1,-1,-1,0,1,1",,,3,0,0,0,0
"1,1,1,1,1,-1,1,-1,-1,1,1,1,1,0,0,0,1,1,0,1,1,1,1,1,1,1,1,1,0,1,1",,,3,0,0,0,0
"-1,-1,1,1,1,-1,0,1,1,1,1,1,1,0,-1,-1,1,1,0,1,1,1,1,1,1,1,-1,1,1,1,1",,,3,0,0,0,0
"-1,1,-1,1,1,1,1,1,-1,1,1,-1,1,0,1,-1,1,1,0,1,1,1,1,1,1,-1,1,1,-1,1,1",,,3,0,0,0,0
"-1,-1,-1,-1,-1,1,1,1,1,1,1,-1,-1,1,0,1,-1,-1,0,1,1,1,1,1,-1,1,-1,1,1,1,1",,,3,0,0,0,0
"-1,-1,1,1,1,-1,0,-1,-1,1,1,-1,1,0,-1,-1,1,1,0,1,1,1,1,1,1,1,-1,-1,0,1,-1",,,3,0,0,0,0
"-1,-1,1,1,1,-1,1,1,1,1,1,1,-1,0,0,-1,1,1,0,1,1,1,1,1,1,1,-1,-1,1,1,-1",,,3,0,0,0,0
"1,-1,1,1,1,-1,1,1,-1,1,1,1,1,1,1,-1,1,1,0,1,1,1,1,1,1,-1,-1,-1,0,-1,1",,,3,0,0,0,0
"-1,-1,-1,-1,-1,-1,-1,1,-1,-1,-1,-1,1,-1,1,-1,-1,-1,1,-1,1,-1,-1,1,-1,1,-1,1,1,1,-1",,,3,0,0,0,0
"1,-1,-1,1,-1,-1,1,1,1,1,1,-1,-1,0,1,-1,1,-1,1,1,1,1,1,1,-1,1,-1,1,1,1,1",,,3,0,0,0,0
"-1,1,1,-1,1,-1,1,1,-1,-1,-1,1,1,0,-1,0,-1,1,0,-1,-1,-1,-1,1,1,-1,1,1,1,1,1",,,3,0,0,0,0
"1,-1,1,-1,1,-1,0,1,-1,-1,-1,1,1,-1,0,0,-1,1,0,-1,1,-1,-1,1,1,1,-1,1,1,1,-1",,,3,0,0,0,0
"1,-1,1,1,1,1,1,1,-1,1,1,1,1,0,0,-1,1,1,0,1,1,1,1,1,1,-1,-1,1,0,1,1",,,3,0,0,0,0
"1,1,1,1,1,-1,1,-1,-1,1,1,1,1,0,1,0,1,1,0,1,1,1,1,1,1,-1,1,1,0,-1,1",,,3,0,0,0,0
"1,1,1,-1,1,-1,1,0,-1,1,1,1,1,0,0,-1,1,1,0,1,1,1,1,1,1,1,-1,1,-1,1,1",,,3,0,0,0,0
"-1,1,1,-1,1,1,1,1,-1,1,1,1,1,1,-1,-1,-1,-1,0,1,1,1,1,1,1,-1,1,1,1,1,1",,,3,0,0,0,0
"-1,-1,1,-1,1,-1,1,1,1,-1,-1,1,-1,0,0,1,-1,1,0,1,1,-1,1,1,1,-1,-1,1,1,1,1",,,3,0,0,0,0
"-1,-1,1,1,1,1,1,1,-1,1,1,1,1,0,-1,1,1,1,0,1,1,1,1,1,1,-1,-1,1,1,1,1",,,3,0,0,0,0
"1,-1,1,1,1,-1,1,1,-1,1,1,1,1,1,0,-1,1,1,0,1,1,1,1,1,1,1,-1,-1,0,1,-1",,,3,0,0,0,0
"-1,-1,1,-1,1,1,1,1,-1,-1,-1,1,-1,1,1,-1,-1,1,0,-1,-1,-1,-1,1,1,-1,-1,1,1,1,1",,,3,0,0,0,0
"1,-1,1,-1,1,-1,1,1,-1,1,1,1,1,0,1,-1,-1,-1,0,1,1,1,1,1,1,1,-1,-1,-1,1,1",,,3,0,0,0,0
"1,-1,1,1,1,-1,-1,1,1,1,1,1,-1,1,-1,-1,1,1,0,1,1,1,1,1,1,1,-1,-1,1,1,-1",,,3,0,0,0,0
"1,-1,1,1,1,-1,1,-1,1,1,1,1,1,0,-1,-1,1,1,0,1,1,1,1,1,1,1,-1,1,0,1,1",,,3,0,0,0,0
"1,1,1,1,1,-1,0,1,-1,1,1,1,1,0,-1,-1,1,1,0,1,1,1,1,1,1,1,1,1,0,1,-1",,,3,0,0,0,0
"-1,-1,1,1,1,-1,1,1,-1,1,1,1,-1,0,-1,0,1,1,0,1,1,1,1,1,1,-1,-1,1,0,1,1",,,3,0,0,0,0
"-1,-1,1,1,1,-1,0,0,-1,1,1,1,1,0,-1,0,1,1,0,1,1,1,1,1,1,0,-1,1,0,-1,-1",,,3,0,0,0,0
"-1,0,1,1,1,-1,0,1,-1,-1,1,-1,-1,-1,-1,-1,1,1,0,-1,1,-1,-1,1,1,1,-1,-1,0,-1,-1",,,3,0,0,0,0
"-1,-1,1,1,1,-1,-1,1,1,1,1,1,1,0,-1,-1,1,1,0,1,1,1,1,1,1,-1,-1,-1,0,-1,-1",,,3,0,0,0,0
"1,1,1,-1,1,-1,1,1,-1,1,1,-1,1,0,0,-1,1,-1,0,1,1,1,1,1,1,1,1,1,0,1,1",,,3,0,0,0,0
"-1,-1,1,1,1,-1,0,-1,1,1,1,1,-1,0,-1,-1,1,1,0,1,1,1,1,1,1,1,-1,-1,0,-1,-1",,,3,0,0,0,0
"-1,1,-1,-1,-1,-1,1,1,-1,1,1,-1,1,0,0,-1,1,-1,1,1,1,1,1,1,-1,0,1,1,1,1,1",,,3,0,0,0,0
"-1,-1,1,1,1,-1,1,1,-1,1,1,1,1,0,0,-1,1,1,0,1,1,1,1,1,1,-1,-1,1,1,1,1",,,3,0,0,0,0
"1,-1,1,1,1,-1,0,1,-1,1,1,1,1,0,-1,-1,1,1,0,1,1,1,1,1,1,-1,-1,-1,0,1,1",,,3,0,0,0,0
"-1,1,1,1,1,-1,0,1,-1,1,1,1,1,0,-1,-1,-1,1,0,1,1,1,1,1,1,1,1,1,0,1,1",,,3,0,0,0,0
"-1,-1,1,1,1,-1,-1,-1,1,1,1,1,-1,0,-1,1,1,1,0,1,1,1,1,1,1,1,-1,1,1,-1,-1",,,3,0,0,0,0
"1,-1,1,1,1,-1,-1,0,1,1,1,1,-1,0,-1,-1,1,1,0,1,1,1,1,1,1,-1,-1,1,0,-1,-1",,,3,0,0,0,0
"1,-1,1,1,1,1,1,-1,-1,1,1,1,1,1,1,-1,1,1,0,1,1,1,1,1,1,0,-1,1,0,1,1",,,3,0,0,0,0
"1,-1,-1,1,-1,1,1,1,-1,1,1,-1,1,1,0,1,1,-1,1,1,1,1,1,1,-1,1,-1,1,1,1,1",,,3,0,0,0,0
"-1,-1,1,-1,1,-1,-1,-1,1,-1,-1,1,1,-1,1,-1,-1,1,0,-1,-1,-1,-1,1,1,1,-1,1,0,-1,-1",,,3,0,0,0,0
"1,-1,1,1,1,-1,0,-1,1,1,1,1,-1,0,-1,-1,1,1,0,1,1,1,1,1,1,1,-1,-1,0,-1,-1",,,3,0,0,0,0
"-1,-1,1,-1,1,1,1,1,-1,1,1,1,1,-1,-1,-1,1,1,0,1,1,1,1,1,1,-1,-1,1,1,1,1",,,3,0,0,0,0
"-1,-1,1,-1,1,-1,-1,-1,1,1,1,1,-1,-1,1,-1,1,1,0,1,1,1,1,1,1,1,-1,-1,0,-1,-1",,,3,0,0,0,0
"-1,1,1,-1,1,-1,-1,-1,-1,1,1,1,1,-1,0,-1,1,1,0,1,1,1,1,1,1,1,1,1,0,1,-1",,,3,0,0,0,0
"1,-1,1,1,1,-1,-1,-1,-1,1,1,1,1,-1,1,-1,1,1,0,1,1,1,1,1,1,1,-1,1,1,1,-1",,,3,0,0,0,0
"-1,-1,1,1,1,-1,1,-1,1,1,1,1,1,0,0,-1,1,1,0,1,1,1,1,1,1,1,-1,1,1,1,-1",,,3,0,0,0,0
"1,0,1,-1,1,-1,1,1,-1,1,1,1,1,0,1,0,-1,-1,0,1,1,1,1,1,1,-1,-1,1,0,1,1",,,3,0,0,0,0
"1,-1,1,-1,1,-1,0,-1,1,1,1,-1,-1,-1,1,-1,-1,-1,0,1,1,1,1,1,1,1,-1,1,-1,1,-1",,,3,0,0,0,0
"-1,-1,1,1,1,-1,0,0,-1,1,1,1,-1,0,-1,-1,1,1,0,1,1,1,1,1,1,1,-1,1,1,1,-1",,,3,0,0,0,0
"-1,-1,1,1,1,-1,1,-1,-1,1,1,1,1,0,0,-1,1,1,0,1,1,1,1,1,1,-1,-1,-1,1,1,1",,,3,0,0,0,0
"-1,-1,-1,1,-1,-1,1,1,-1,1,1,-1,1,0,-1,0,1,1,1,1,1,1,1,1,-1,1,-1,-1,-1,1,1",,,3,0,0,0,0
"-1,-1,1,1,1,-1,1,1,-1,-1,1,1,1,1,0,-1,1,1,0,1,1,-1,1,1,1,1,-1,1,1,1,1",,,3,0,0,0,0
"1,-1,1,1,1,-1,1,-1,-1,1,1,1,-1,-1,-1,-1,1,1,0,1,1,1,1,1,1,-1,-1,-1,0,1,-1",,,3,0,0,0,0
"-1,-1,1,1,1,-1,0,0,1,1,1,1,-1,-1,-1,-1,1,1,0,1,1,1,1,1,1,1,-1,-1,0,1,-1",,,3,0,0,0,0
"-1,-1,1,1,1,-1,-1,0,1,1,1,1,-1,-1,0,-1,1,1,0,1,1,1,1,1,1,1,-1,1,1,1,-1",,,3,0,0,0,0
"-1,1,1,1,1,-1,1,0,-1,1,1,1,1,-1,0,-1,1,1,0,1,1,1,1,1,1,-1,1,-1,1,1,-1",,,3,0,0,0,0
"-1,-1,1,1,1,-1,1,-1,1,1,1,1,-1,0,-1,-1,1,1,0,1,1,1,1,1,1,-1,-1,1,1,1,-1",,,3,0,0,0,0
"-1,-1,1,-1,1,-1,1,1,-1,-1,-1,1,1,0,-1,1,-1,1,0,-1,1,-1,-1,1,1,1,-1,1,1,1,1",,,3,0,0,0,0
"-1,-1,1,1,1,-1,0,1,1,1,1,1,1,0,0,-1,1,1,0,1,1,1,1,1,1,1,-1,1,1,1,-1",,,3,0,0,0,0
"-1,-1,1,1,1,-1,1,1,-1,-1,-1,1,-1,0,1,1,-1,1,0,1,1,-1,1,1,1,1,-1,1,1,1,1",,,3,0,0,0,0
"-1,-1,1,1,1,1,1,1,1,1,1,1,-1,1,1,-1,1,1,0,1,1,1,1,1,1,1,-1,1,0,1,1",,,3,0,0,0,0
"-1,-1,1,1,1,-1,1,1,-1,1,1,1,1,0,0,-1,1,1,0,1,1,1,1,1,1,-1,-1,-1,1,1,1",,,3,0,0,0,0
"-1,-1,1,1,1,-1,-1,1,-1,1,1,1,1,0,1,1,1,1,0,1,1,1,1,1,1,1,-1,1,-1,1,1",,,3,0,0,0,0
"-1,-1,1,1,-1,-1,-1,1,-1,1,1,-1,-1,1,1,-1,1,1,0,1,1,1,1,1,1,1,-1,1,0,1,-1",,,3,0,0,0,0
"-1,-1,-1,-1,-1,-1,1,1,1,1,1,-1,-1,1,-1,1,1,-1,0,1,1,1,1,1,-1,0,-1,-1,1,1,1",,,3,0,0,0,0
"-1,-1,1,-1,1,-1,-1,-1,-1,1,1,1,1,1,-1,-1,1,1,0,1,1,1,1,1,1,1,-1,1,0,-1,-1",,,3,0,0,0,0
"1,-1,1,-1,1,-1,0,1,1,-1,-1,1,1,1,-1,-1,-1,1,0,-1,1,-1,-1,1,1,1,-1,-1,0,1,-1",,,3,0,0,0,0
"-1,-1,-1,-1,-1,-1,1,1,1,1,1,-1,-1,0,0,-1,1,-1,1,1,1,1,1,1,-1,-1,-1,1,1,1,1",,,3,0,0,0,0
"1,-1,1,-1,1,-1,1,0,-1,1,1,1,1,1,-1,-1,1,1,0,1,1,1,1,1,1,1,-1,-1,0,1,-1",,,3,0,0,0,0
"1,1,1,-1,1,1,1,1,-1,-1,-1,1,1,1,-1,-1,-1,1,0,1,1,-1,-1,1,1,-1,1,1,0,1,1",,,3,0,0,0,0
"1,-1,1,-1,1,-1,0,-1,-1,1,1,1,1,0,0,-1,1,1,0,1,1,1,1,1,1,1,-1,1,0,1,1",,,3,0,0,0,0
"1,-1,1,-1,1,-1,1,1,-1,1,1,1,1,1,0,1,-1,-1,0,1,1,1,1,1,1,1,-1,1,0,1,1",,,3,0,0,0,0
"-1,-1,1,1,1,-1,1,1,1,1,1,1,-1,0,-1,-1,1,1,0,1,1,1,1,1,1,-1,-1,1,1,1,1",,,3,0,0,0,0
"-1,-1,1,-1,1,-1,0,-1,-1,1,1,1,-1,0,-1,-1,1,1,0,1,1,1,1,1,1,1,-1,-1,0,1,-1",,,3,0,0,0,0
"1,-1,1,-1,1,-1,1,1,1,-1,-1,1,-1,0,0,1,-1,1,0,1,1,-1,1,1,1,-1,-1,1,1,1,1",,,3,0,0,0,0
"1,-1,1,1,1,-1,-1,1,1,1,1,1,1,0,0,1,1,1,0,1,1,1,1,1,1,-1,-1,1,0,1,1",,,3,0,0,0,0
"-1,-1,1,1,1,1,-1,1,-1,1,1,1,-1,0,-1,-1,1,1,0,1,1,1,1,1,1,-1,-1,1,1,1,1",,,3,0,0,0,0
"1,-1,1,1,1,-1,1,1,-1,1,1,1,1,1,0,0,1,1,0,1,1,1,1,1,1,1,-1,1,0,1,1",,,3,0,0,0,0
"-1,-1,1,1,1,-1,-1,-1,-1,1,1,1,-1,0,-1,1,1,1,0,1,1,1,1,1,1,1,-1,-1,1,1,-1",,,3,0,0,0,0
"1,-1,1,1,1,-1,-1,1,-1,1,1,1,1,0,1,1,1,1,0,1,1,1,1,1,1,1,-1,1,-1,1,1",,,3,0,0,0,0
"-1,-1,1,1,1,-1,-1,-1,1,1,1,1,-1,-1,-1,-1,1,1,0,1,1,1,1,1,1,1,-1,-1,1,1,-1",,,3,0,0,0,0
"-1,-1,1,-1,1,-1,1,1,-1,-1,-1,1,-1,0,0,0,-1,1,0,-1,-1,-1,-1,1,1,1,-1,1,1,1,1",,,3,0,0,0,0
"1,1,-1,-1,-1,1,1,1,-1,1,1,-1,1,0,0,-1,-1,-1,0,1,1,1,1,1,-1,-1,1,1,1,1,1",,,3,0,0,0,0
"1,-1,1,1,1,-1,0,1,1,1,1,1,-1,0,-1,-1,1,1,0,1,1,1,1,1,1,0,-1,1,0,1,-1",,,3,0,0,0,0
"-1,-1,1,1,1,-1,-1,-1,-1,1,1,1,1,-1,-1,-1,1,1,0,1,1,1,1,1,1,1,-1,1,1,1,-1",,,3,0,0,0,0
"1,-1,1,1,1,-1,1,-1,-1,1,1,1,-1,0,-1,-1,1,1,0,1,1,1,1,1,1,1,-1,-1,0,1,-1",,,3,0,0,0,0
"-1,-1,1,-1,1,-1,0,1,-1,-1,-1,1,-1,0,-1,-1,-1,1,0,-1,1,-1,-1,1,1,1,-1,1,0,-1,-1",,,3,0,0,0,0
"1,-1,1,1,1,-1,1,1,1,1,1,1,-1,0,1,-1,1,1,0,1,1,1,1,1,1,1,-1,1,0,1,-1",,,3,0,0,0,0
"-1,-1,1,1,1,-1,1,1,-1,1,1,1,1,0,1,0,1,1,0,1,1,1,1,1,1,1,-1,1,0,1,1",,,3,0,0,0,0
"1,-1,-1,1,-1,-1,1,-1,-1,1,1,-1,1,0,0,1,1,-1,1,1,1,1,1,1,-1,1,-1,1,1,1,1",,,3,0,0,0,0
"-1,-1,1,-1,1,-1,0,-1,-1,1,1,1,-1,0,1,-1,1,1,0,1,1,1,1,1,1,1,-1,1,0,1,-1",,,3,0,0,0,0
"-1,-1,1,1,1,-1,1,-1,1,1,1,1,-1,0,1,-1,1,1,0,1,1,1,1,1,1,1,-1,1,1,1,-1",,,3,0,0,0,0
"1,-1,1,1,1,-1,1,1,1,1,1,-1,-1,1,1,0,1,1,0,1,1,1,1,1,1,-1,-1,1,1,1,1",,,3,0,0,0,0
"-1,-1,1,1,1,-1,0,-1,-1,1,1,1,1,-1,1,-1,1,1,0,1,1,1,1,1,1,0,-1,1,1,1,-1",,,3,0,0,0,0
"1,-1,1,-1,1,-1,1,1,-1,1,1,1,1,0,0,1,1,1,0,1,1,1,1,1,1,-1,-1,1,0,1,1",,,3,0,0,0,0
"-1,-1,1,1,1,-1,0,0,1,1,1,1,-1,-1,1,-1,1,1,0,1,1,1,1,1,1,0,-1,1,0,1,-1",,,3,0,0,0,0
"-1,-1,1,1,1,-1,-1,0,1,1,1,1,-1,-1,1,-1,1,1,0,1,1,1,1,1,1,0,-1,1,1,1,-1",,,3,0,0,0,0
"-1,-1,-1,-1,-1,-1,1,-1,-1,-1,-1,-1,-1,-1,1,1,-1,-1,1,-1,-1,-1,-1,1,-1,1,-1,1,1,1,-1",,,3,0,0,0,0
"-1,-1,1,1,1,1,1,1,1,1,1,1,-1,0,1,-1,1,1,0,1,1,1,1,1,1,-1,-1,1,1,1,1",,,3,0,0,0,0
"1,-1,-1,1,-1,-1,1,1,-1,1,1,-1,1,1,-1,1,1,-1,1,1,1,1,1,1,-1,-1,-1,1,1,1,1",,,3,0,0,0,0
"1,1,1,1,1,-1,-1,-1,-1,1,1,1,1,-1,1,-1,1,1,0,1,1,1,1,1,1,1,1,1,0,1,-1",,,3,0,0,0,0
"-1,-1,1,1,1,-1,1,1,1,-1,1,1,-1,0,-1,0,-1,1,0,-1,1,-1,1,1,1,0,-1,1,1,1,1",,,3,0,0,0,0
"-1,-1,1,1,1,1,1,1,-1,1,1,1,1,0,1,-1,1,1,0,1,1,1,1,1,1,-1,-1,1,1,1,1",,,3,0,0,0,0
"-1,-1,1,-1,1,1,1,1,1,-1,-1,1,-1,1,-1,-1,-1,1,0,-1,-1,-1,-1,1,1,0,-1,1,1,1,1",,,3,0,0,0,0
"1,-1,1,1,1,-1,1,1,-1,1,1,1,1,0,-1,0,1,1,0,1,1,1,1,1,1,1,-1,1,0,1,1",,,3,0,0,0,0
"-1,1,-1,-1,-1,-1,1,1,-1,1,1,-1,1,0,0,0,1,-1,1,1,1,1,1,-1,-1,-1,1,1,1,1,1",,,3,0,0,0,0
"-1,1,1,-1,1,-1,1,1,-1,-1,1,1,1,0,0,-1,1,-1,0,1,-1,-1,-1,-1,1,0,1,1,1,1,1",,,3,0,0,0,0
"-1,-1,1,-1,1,1,1,1,-1,-1,-1,1,-1,1,1,-1,-1,1,0,-1,1,-1,-1,-1,1,0,-1,1,1,1,1",,,3,0,0,0,0
"1,-1,1,-1,1,-1,1,1,-1,1,1,1,-1,0,0,0,1,1,0,1,1,1,1,-1,1,-1,-1,1,0,1,1",,,3,0,0,0,0
"-1,-1,1,-1,1,-1,1,-1,-1,-1,-1,1,1,1,1,-1,-1,1,0,1,1,-1,1,1,1,1,-1,1,1,1,1",,,3,0,0,0,0
"1,1,1,1,1,-1,1,1,-1,1,1,1,1,1,0,0,1,1,0,1,1,1,1,-1,1,0,1,1,0,1,1",,,3,0,0,0,0
"-1,-1,-1,1,-1,1,1,1,-1,1,1,-1,1,1,-1,-1,1,-1,1,1,1,1,1,-1,-1,0,-1,1,1,1,1",,,3,0,0,0,0
"-1,1,1,1,1,-1,1,1,-1,-1,1,1,1,1,0,1,1,1,0,-1,1,-1,1,1,1,-1,1,-1,1,1,1",,,3,0,0,0,0
"-1,-1,1,1,1,-1,-1,1,-1,1,1,1,-1,0,0,-1,1,1,0,1,1,1,1,-1,1,1,-1,1,1,1,1",,,3,0,0,0,0
"1,-1,1,-1,1,-1,1,1,-1,1,1,1,1,0,1,-1,-1,-1,0,1,1,1,1,1,1,1,-1,1,-1,1,1",,,3,0,0,0,0
"1,-1,1,1,1,-1,1,1,-1,1,1,1,1,0,0,-1,1,1,0,1,1,1,1,1,1,-1,-1,1,0,1,1",,,3,0,0,0,0
"-1,-1,1,1,1,-1,-1,1,-1,1,1,1,1,0,1,0,1,1,0,1,1,1,1,1,1,1,-1,1,1,1,1",,,3,0,0,0,0
"1,-1,1,-1,1,-1,-1,1,-1,1,1,-1,-1,1,0,-1,-1,-1,0,1,1,1,1,1,1,1,-1,1,0,1,1",,,3,0,0,0,0
"-1,1,1,-1,1,-1,0,1,-1,1,1,1,1,0,0,-1,-1,-1,0,-1,-1,-1,-1,1,1,-1,-1,1,0,1,1",,,3,0,0,0,0
"-1,-1,1,-1,1,-1,1,1,-1,-1,-1,1,1,0,0,1,-1,1,0,-1,1,-1,-1,-1,1,1,-1,-1,1,1,1",,,3,0,0,0,0
"-1,-1,-1,1,-1,-1,1,1,-1,1,1,-1,1,0,0,1,1,-1,1,1,1,1,1,1,-1,-1,-1,1,1,1,1",,,3,0,0,0,0
"-1,-1,1,-1,1,1,1,1,-1,-1,1,1,1,0,1,-1,1,-1,0,1,1,-1,1,1,1,-1,-1,1,1,1,1",,,3,0,0,0,0
"-1,-1,-1,-1,-1,1,1,1,-1,1,1,-1,1,1,1,-1,-1,-1,0,1,1,1,1,1,-1,-1,-1,-1,0,1,1",,,3,0,0,0,0
"1,-1,1,1,1,-1,1,1,-1,1,1,1,1,1,1,-1,1,1,0,1,1,1,1,1,1,-1,-1,1,0,-1,1",,,3,0,0,0,0
"1,-1,1,1,1,1,-1,-1,1,1,1,1,-1,0,-1,-1,1,1,0,1,1,1,1,1,1,1,-1,1,1,1,1",,,3,0,0,0,0
"-1,1,-1,1,-1,-1,1,1,-1,1,1,-1,1,1,0,0,1,-1,1,1,1,1,1,1,-1,-1,1,1,1,1,1",,,3,0,0,0,0
"-1,1,-1,-1,-1,1,0,-1,-1,-1,-1,-1,1,1,1,-1,-1,-1,1,1,-1,-1,-1,-1,-1,1,1,1,1,1,1",,,3,0,0,0,0
"1,-1,1,1,1,-1,0,0,-1,1,1,1,-1,0,0,-1,1,1,0,1,1,1,1,1,1,1,-1,1,0,1,-1",,,3,0,0,0,0
"1,-1,1,1,1,-1,-1,0,-1,1,1,1,1,0,1,-1,1,1,0,1,1,1,1,1,1,1,-1,1,0,1,-1",,,3,0,0,0,0
"-1,-1,1,-1,1,-1,1,1,-1,-1,-1,1,1,0,-1,1,-1,1,0,1,-1,-1,-1,1,1,-1,-1,1,1,1,1",,,3,0,0,0,0
"-1,-1,1,1,1,1,-1,1,1,1,1,1,-1,1,0,-1,1,1,0,1,1,1,1,1,1,1,-1,1,1,1,1",,,3,0,0,0,0
"-1,1,1,-1,1,-1,-1,0,-1,-1,-1,1,-1,-1,0,-1,-1,1,0,1,1,-1,1,1,1,0,1,1,0,1,-1",,,3,0,0,0,0
"1,-1,1,1,1,-1,0,1,-1,1,1,1,1,0,0,-1,1,1,0,1,1,1,1,1,1,1,-1,1,0,1,1",,,3,0,0,0,0
"1,-1,1,1,1,-1,1,1,-1,1,1,1,1,1,1,1,1,1,0,1,1,1,1,1,1,-1,-1,-1,0,-1,1",,,3,0,0,0,0
"-1,1,-1,-1,-1,-1,1,1,1,-1,1,-1,-1,1,1,1,1,-1,1,1,1,-1,1,-1,-1,1,1,1,1,1,1",,,3,0,0,0,0
"-1,-1,1,1,1,-1,0,-1,1,1,1,1,-1,0,1,-1,1,1,0,1,1,1,1,1,1,1,-1,1,1,1,-1",,,3,0,0,0,0
"-1,-1,1,1,1,-1,1,-1,-1,1,1,1,1,-1,0,-1,1,1,0,1,1,1,1,1,1,1,-1,1,0,1,-1",,,3,0,0,0,0
"-1,-1,1,1,1,-1,0,1,-1,1,1,1,1,0,0,-1,1,1,0,1,1,1,1,-1,1,1,-1,-1,1,1,1",,,3,0,0,0,0
"-1,-1,1,1,1,1,1,1,-1,1,1,1,1,0,-1,-1,1,1,0,1,1,1,1,1,1,-1,-1,1,1,1,1",,,3,0,0,0,0
"-1,-1,1,1,1,-1,-1,-1,-1,1,1,1,-1,1,0,-1,1,1,0,1,1,1,1,1,1,1,-1,-1,1,1,-1",,,3,0,0,0,0
"1,1,1,1,1,1,1,1,-1,1,1,1,1,0,0,1,1,1,0,1,1,1,1,1,1,-1,1,1,0,1,1",,,3,0,0,0,0
"1,-1,1,1,1,-1,-1,0,-1,1,1,1,1,-1,0,-1,1,1,0,1,1,1,1,1,1,0,-1,1,0,1,-1",,,3,0,0,0,0
"-1,-1,1,1,1,-1,0,-1,1,1,1,1,-1,-1,0,-1,1,1,0,1,1,1,1,1,1,0,-1,1,1,1,-1",,,3,0,0,0,0
"1,-1,1,-1,1,-1,1,0,1,1,1,1,-1,-1,1,-1,1,1,0,1,1,1,1,1,1,0,-1,-1,0,1,-1",,,3,0,0,0,0
"1,-1,1,1,1,1,1,1,1,1,1,1,-1,1,1,-1,1,1,0,1,1,1,1,-1,1,-1,-1,1,0,-1,1",,,3,0,0,0,0
"-1,-1,1,1,1,-1,-1,-1,1,1,1,1,-1,-1,1,1,1,1,0,1,1,1,1,1,1,1,-1,1,0,1,-1",,,3,0,0,0,0
"-1,-1,1,-1,1,-1,1,0,-1,-1,-1,1,1,-1,-1,-1,-1,1,0,-1,1,-1,1,1,1,0,-1,1,1,1,-1",,,3,0,0,0,0
"1,-1,1,1,1,-1,-1,0,1,1,1,1,-1,-1,0,-1,1,1,0,1,1,1,1,1,1,0,-1,1,0,-1,-1",,,3,0,0,0,0
"1,-1,1,1,1,-1,0,-1,1,1,1,1,-1,0,-1,-1,1,1,0,1,1,1,1,1,1,1,-1,-1,0,1,-1",,,3,0,0,0,0
"-1,-1,1,1,1,-1,0,0,-1,1,1,1,1,0,-1,-1,1,1,0,1,1,1,1,1,1,1,-1,1,0,1,-1",,,3,0,0,0,0
"-1,-1,-1,1,-1,-1,1,1,1,1,1,-1,1,0,1,1,1,-1,1,1,1,1,1,1,-1,-1,-1,1,1,1,1",,,3,0,0,0,0
"-1,-1,1,1,1,1,1,1,-1,-1,1,-1,1,1,-1,-1,-1,1,0,1,-1,-1,-1,-1,1,0,-1,1,1,1,1",,,3,0,0,0,0
"1,-1,1,1,1,-1,1,1,-1,1,1,1,-1,0,1,1,1,1,0,1,1,1,1,1,1,1,-1,1,0,1,1",,,3,0,0,0,0
"-1,-1,1,-1,1,-1,-1,0,1,-1,1,-1,-1,-1,0,-1,-1,-1,0,-1,1,-1,1,1,1,0,-1,1,0,1,-1",,,3,0,0,0,0
"1,-1,1,1,1,-1,-1,-1,-1,1,1,1,1,-1,0,-1,1,1,0,1,1,1,1,1,1,1,-1,1,0,-1,-1",,,3,0,0,0,0
"-1,-1,1,1,1,-1,1,-1,-1,1,1,1,1,-1,1,-1,1,1,0,1,1,1,1,1,1,0,-1,-1,0,1,-1",,,3,0,0,0,0
"-1,-1,1,1,1,-1,0,1,-1,1,1,1,1,0,-1,-1,1,1,0,1,1,1,1,1,1,1,-1,-1,0,1,-1",,,3,0,0,0,0
"1,-1,1,1,1,-1,-1,0,1,1,1,1,-1,-1,-1,-1,1,1,0,1,1,1,1,1,1,0,-1,1,0,1,-1",,,3,0,0,0,0
"-1,-1,-1,-1,-1,-1,1,1,1,1,1,-1,-1,1,1,-1,1,-1,1,1,1,1,1,1,-1,-1,-1,1,1,1,1",,,3,0,0,0,0
"-1,-1,-1,-1,-1,-1,-1,0,1,-1,-1,-1,-1,-1,1,-1,-1,-1,1,1,1,-1,1,1,-1,0,-1,1,1,1,-1",,,3,0,0,0,0
"-1,-1,1,1,1,1,1,1,-1,-1,1,1,1,0,1,-1,1,1,0,1,1,-1,1,1,1,1,-1,1,1,1,1",,,3,0,0,0,0
"1,-1,1,-1,1,-1,0,0,1,-1,-1,1,1,-1,-1,-1,-1,1,0,-1,1,-1,-1,1,1,1,-1,-1,0,1,-1",,,3,0,0,0,0
"1,-1,1,1,1,1,1,1,-1,1,1,1,1,0,0,-1,1,1,0,1,1,1,1,1,1,-1,-1,1,1,1,1",,,3,0,0,0,0
"1,-1,1,1,1,-1,1,1,1,1,1,1,1,1,0,-1,1,1,0,1,1,1,1,1,1,-1,-1,1,0,1,1",,,3,0,0,0,0
"1,-1,1,1,1,-1,1,0,-1,1,1,1,1,-1,0,-1,1,1,0,1,1,1,1,1,1,1,-1,-1,0,1,-1",,,3,0,0,0,0
"1,-1,1,1,1,1,1,1,-1,1,1,1,1,0,0,1,1,1,0,1,1,1,1,1,1,-1,-1,1,0,1,1",,,3,0,0,0,0
"-1,-1,1,1,1,-1,-1,-1,-1,1,1,1,-1,1,1,-1,1,1,0,1,1,1,1,-1,1,0,-1,1,1,1,1",,,3,0,0,0,0
"-1,-1,1,-1,1,-1,0,0,1,1,1,1,-1,-1,0,-1,1,1,0,1,1,1,1,1,1,1,-1,1,0,1,-1",,,3,0,0,0,0
"-1,-1,1,-1,1,-1,1,-1,-1,1,1,1,1,-1,1,-1,-1,-1,0,1,1,1,1,1,1,1,-1,1,1,-1,-1",,,3,0,0,0,0
"-1,-1,1,1,1,-1,-1,1,1,1,1,1,-1,1,0,1,1,1,0,1,1,1,1,1,1,0,-1,1,1,1,1",,,3,0,0,0,0
"-1,-1,1,-1,1,-1,-1,1,1,-1,1,1,-1,-1,0,-1,1,1,0,1,1,-1,1,1,1,1,-1,1,0,1,-1",,,3,0,0,0,0
"1,1,1,1,1,-1,-1,0,-1,1,1,1,1,1,0,-1,1,1,0,1,1,1,1,1,1,1,1,-1,0,1,-1",,,3,0,0,0,0
"-1,1,1,1,1,-1,-1,-1,-1,1,1,1,1,-1,-1,-1,1,1,0,1,1,1,1,1,1,1,1,-1,1,1,-1",,,3,0,0,0,0
"-1,1,-1,1,-1,1,1,1,-1,1,1,-1,1,1,0,-1,1,-1,1,1,1,1,1,1,-1,-1,1,1,1,1,1",,,3,0,0,0,0
"1,1,1,1,1,-1,1,1,-1,1,1,1,1,0,1,1,1,1,0,1,1,1,1,-1,1,0,1,1,0,-1,1",,,3,0,0,0,0
"1,-1,1,1,1,-1,1,-1,1,1,1,1,-1,0,-1,-1,1,1,0,1,1,1,1,1,1,1,-1,-1,0,1,-1",,,3,0,0,0,0
"-1,-1,1,-1,1,-1,0,-1,-1,-1,-1,-1,1,0,0,-1,-1,-1,0,-1,1,-1,1,1,1,1,-1,1,0,1,-1",,,3,0,0,0,0
"-1,0,1,1,1,-1,1,-1,1,1,1,-1,-1,0,-1,-1,1,1,0,1,1,1,1,1,1,1,-1,1,-1,1,-1",,,3,0,0,0,0
"1,-1,1,-1,1,-1,1,0,-1,-1,-1,1,1,-1,-1,-1,-1,1,0,-1,-1,-1,-1,1,1,1,-1,1,1,1,-1",,,3,0,0,0,0
"-1,1,1,1,1,-1,-1,0,-1,1,1,1,1,-1,-1,-1,1,1,0,1,1,1,1,1,1,0,1,1,1,1,-1",,,3,0,0,0,0
"-1,-1,1,-1,1,-1,-1,0,1,-1,-1,1,-1,-1,1,-1,-1,1,0,1,1,-1,1,1,1,0,-1,-1,0,1,-1",,,3,0,0,0,0
"-1,-1,1,-1,1,-1,0,-1,-1,-1,-1,1,1,-1,-1,-1,-1,1,0,-1,1,-1,1,1,1,1,-1,1,0,1,-1",,,3,0,0,0,0
"-1,1,1,1,1,-1,-1,-1,-1,-1,1,1,1,-1,1,-1,1,1,0,1,1,-1,1,1,1,1,1,1,0,1,-1",,,3,0,0,0,0
"-1,-1,-1,1,-1,1,1,1,-1,1,1,-1,1,1,-1,-1,1,-1,1,1,1,1,1,1,-1,-1,-1,1,1,1,1",,,3,0,0,0,0
"1,-1,1,1,1,-1,0,1,-1,1,1,1,1,0,-1,-1,1,1,0,1,1,1,1,1,1,1,-1,1,0,1,-1",,,3,0,0,0,0
"1,-1,1,1,1,-1,1,1,1,1,1,1,1,0,1,1,1,1,0,1,1,1,1,-1,1,-1,-1,1,0,-1,1",,,3,0,0,0,0
"1,-1,1,1,1,-1,0,-1,1,1,1,1,-1,-1,-1,-1,1,1,0,1,1,1,1,1,1,1,-1,1,0,1,-1",,,3,0,0,0,0
"-1,-1,1,-1,1,-1,0,-1,-1,-1,1,1,1,0,-1,-1,1,1,0,-1,1,-1,1,1,1,1,-1,1,-1,1,-1",,,3,0,0,0,0
"-1,-1,1,-1,1,-1,0,1,-1,1,1,1,-1,0,-1,-1,1,1,0,1,1,1,1,1,1,1,-1,1,0,1,-1",,,3,0,0,0,0
"-1,1,1,-1,1,-1,0,0,-1,1,1,1,1,-1,-1,-1,1,1,0,1,1,1,1,1,1,0,1,1,0,1,-1",,,3,0,0,0,0
"1,-1,1,-1,1,-1,0,-1,-1,1,1,1,1,0,0,-1,1,1,0,1,1,1,1,1,1,1,-1,1,0,1,-1",,,3,0,0,0,0
"-1,-1,1,1,1,1,1,1,-1,1,1,-1,1,1,0,-1,1,1,0,1,1,1,1,1,1,1,-1,1,0,1,1",,,3,0,0,0,0
"1,-1,1,-1,1,-1,1,-1,-1,1,1,1,1,0,-1,0,1,1,0,1,1,1,1,-1,1,0,-1,1,0,1,-1",,,3,0,0,0,0
"-1,1,1,1,1,1,-1,1,-1,1,1,1,1,1,0,-1,1,1,0,1,1,1,1,1,1,1,1,1,1,1,1",,,3,0,0,0,0
"1,-1,1,-1,1,-1,0,-1,-1,1,1,1,1,-1,1,-1,1,1,0,1,1,1,1,1,1,1,-1,1,0,1,-1",,,3,0,0,0,0
"1,-1,1,1,1,-1,1,1,-1,1,1,1,1,0,1,1,1,1,0,1,1,1,1,-1,1,0,-1,1,0,1,1",,,3,0,0,0,0
"-1,-1,1,1,1,-1,0,-1,-1,1,1,1,1,-1,1,-1,1,1,0,1,1,1,1,1,1,1,-1,1,1,1,-1",,,3,0,0,0,0
"-1,1,1,1,1,-1,-1,0,-1,1,1,1,1,-1,1,-1,1,1,0,1,1,1,1,1,1,0,1,1,0,1,-1",,,3,0,0,0,0
"1,-1,1,1,1,-1,-1,0,-1,1,1,1,1,-1,1,-1,1,1,0,1,1,1,1,1,1,0,-1,1,0,1,-1",,,3,0,0,0,0
"1,-1,1,1,1,-1,-1,-1,1,1,1,1,1,-1,0,-1,1,1,0,1,1,1,1,1,1,1,-1,1,1,-1,-1",,,3,0,0,0,0
"-1,-1,1,1,1,-1,1,1,1,1,1,1,-1,0,0,0,1,1,0,1,1,1,1,1,1,1,-1,1,0,1,1",,,3,0,0,0,0
"-1,-1,1,1,1,-1,-1,-1,1,1,1,1,-1,-1,1,-1,1,1,0,1,1,1,1,1,1,0,-1,1,1,1,-1",,,3,0,0,0,0
"-1,-1,1,1,1,-1,1,1,-1,1,1,1,1,1,-1,1,1,1,0,1,1,1,1,1,1,1,-1,-1,1,1,1",,,3,0,0,0,0
"-1,-1,1,1,1,-1,1,1,1,1,1,1,1,0,-1,1,1,1,0,1,1,1,1,1,1,1,-1,1,1,1,1",,,3,0,0,0,0
"-1,-1,1,1,1,-1,-1,0,-1,1,1,-1,-1,-1,0,-1,1,1,0,1,1,1,1,1,1,0,-1,1,1,-1,-1",,,3,0,0,0,0
"1,1,1,-1,1,-1,1,1,-1,-1,-1,1,1,0,0,0,-1,1,0,1,1,-1,1,-1,1,1,1,1,0,1,1",,,3,0,0,0,0
"1,-1,1,1,1,1,0,1,1,-1,-1,1,-1,1,0,-1,-1,1,0,1,1,-1,-1,-1,1,-1,-1,1,0,1,1",,,3,0,0,0,0
"-1,-1,1,1,1,-1,1,1,-1,-1,1,1,1,0,-1,1,1,1,0,-1,1,-1,1,1,1,1,-1,1,0,1,1",,,3,0,0,0,0
"-1,-1,1,1,1,-1,-1,0,-1,1,1,1,1,-1,1,-1,1,1,0,1,1,1,1,1,1,0,-1,1,1,1,-1",,,3,0,0,0,0
"-1,-1,1,1,1,-1,0,0,1,1,1,1,-1,-1,0,-1,1,1,0,1,1,1,1,1,1,0,-1,1,1,1,-1",,,3,0,0,0,0
"-1,-1,1,1,1,-1,1,-1,1,1,1,1,-1,0,-1,-1,1,1,0,1,1,1,1,1,1,0,-1,1,1,1,-1",,,3,0,0,0,0
"-1,-1,1,1,1,-1,1,-1,-1,1,1,1,1,0,-1,-1,1,1,0,1,1,1,1,1,1,1,-1,1,0,1,-1",,,3,0,0,0,0
"1,-1,1,1,1,1,1,1,-1,1,1,1,1,1,0,-1,1,1,0,1,1,1,1,1,1,-1,-1,1,0,1,1",,,3,0,0,0,0
"1,-1,1,-1,1,1,-1,1,-1,1,1,1,1,1,1,-1,-1,-1,0,1,1,1,1,1,1,1,1,1,-1,1,1",,,3,0,0,0,0
"-1,-1,-1,-1,-1,-1,0,-1,-1,-1,-1,-1,1,-1,1,-1,-1,-1,1,-1,-1,-1,-1,1,-1,0,-1,1,1,1,-1",,,3,0,0,0,0
"-1,-1,1,1,1,-1,-1,0,-1,1,1,1,-1,-1,-1,-1,1,1,0,1,1,1,1,1,1,0,-1,1,1,1,-1",,,3,0,0,0,0
"-1,-1,1,1,1,1,-1,1,1,1,1,1,-1,1,0,-1,-1,1,0,1,1,1,1,1,1,-1,-1,1,1,1,1",,,3,0,0,0,0
"-1,-1,1,1,1,-1,0,-1,1,1,1,1,-1,-1,0,-1,1,1,0,1,1,1,1,1,1,0,-1,1,0,1,-1",,,3,0,0,0,0
"-1,-1,-1,1,-1,-1,1,1,1,1,1,-1,-1,1,0,-1,1,-1,1,1,1,1,1,-1,-1,0,-1,1,1,1,1",,,3,0,0,0,0
"1,-1,1,1,1,-1,1,1,-1,1,1,1,1,0,0,1,-1,1,0,1,1,-1,-1,1,1,-1,-1,-1,0,1,1",,,3,0,0,0,0
"-1,-1,1,1,1,-1,0,0,-1,1,1,1,-1,-1,-1,-1,1,1,0,1,1,1,1,1,1,1,-1,-1,0,1,-1",,,3,0,0,0,0
"-1,1,1,1,1,-1,0,1,-1,1,1,-1,1,-1,-1,-1,1,1,0,1,1,1,1,1,1,1,-1,1,1,1,-1",,,3,0,0,0,0
"-1,1,1,1,1,-1,1,-1,-1,-1,1,1,1,0,0,-1,-1,1,0,-1,1,-1,1,-1,1,0,1,1,0,1,1",,,3,0,0,0,0
"-1,1,1,1,1,-1,0,1,-1,1,1,-1,1,-1,-1,-1,1,1,0,1,1,1,1,-1,1,1,-1,1,1,1,-1",,,3,0,0,0,0
"1,1,1,-1,1,-1,1,1,-1,-1,-1,1,1,0,0,1,-1,1,0,1,1,1,1,-1,1,-1,1,1,0,1,1",,,3,0,0,0,0
"-1,-1,1,1,1,-1,1,-1,1,1,1,1,-1,-1,0,-1,1,1,0,1,1,1,1,-1,1,1,-1,-1,0,1,-1",,,3,0,0,0,0
"-1,1,1,-1,-1,-1,-1,-1,-1,1,1,-1,1,-1,1,-1,-1,-1,0,1,1,1,1,-1,-1,1,-1,1,1,1,-1",,,3,0,0,0,0
"-1,-1,1,1,1,-1,-1,-1,-1,1,1,1,1,-1,-1,-1,1,1,0,1,1,1,1,-1,1,1,-1,1,0,1,-1",,,3,0,0,0,0
"-1,-1,1,1,1,-1,0,1,-1,1,1,1,1,0,0,-1,1,1,0,1,1,1,1,1,1,1,-1,1,0,1,-1",,,3,0,0,0,0
"-1,-1,1,1,1,-1,1,1,1,1,1,1,-1,0,-1,-1,1,1,0,1,1,1,1,1,1,1,-1,1,0,1,-1",,,3,0,0,0,0
"-1,-1,1,-1,1,-1,0,-1,1,-1,-1,-1,-1,-1,-1,-1,-1,-1,0,-1,1,-1,1,1,1,0,-1,1,0,1,-1",,,3,0,0,0,0
"1,-1,1,1,1,-1,-1,0,1,1,1,1,-1,-1,-1,1,1,1,0,1,1,1,1,1,1,0,-1,1,0,1,-1",,,3,0,0,0,0
"-1,1,1,1,1,-1,0,1,-1,1,1,1,1,0,1,-1,1,1,0,1,1,1,1,1,1,0,1,-1,1,1,-1",,,3,0,0,0,0
"-1,-1,1,-1,1,-1,1,1,-1,-1,-1,1,1,-1,1,-1,-1,1,0,-1,1,-1,-1,1,1,-1,-1,1,1,1,1",,,3,0,0,0,0
"-1,-1,1,1,1,-1,1,1,-1,-1,1,1,1,0,-1,0,1,1,0,-1,1,-1,1,1,1,1,-1,-1,1,1,1",,,3,0,0,0,0
"-1,-1,-1,1,-1,-1,1,1,-1,1,1,-1,-1,0,1,1,1,-1,1,1,1,1,1,1,-1,1,-1,1,1,1,1",,,3,0,0,0,0
"-1,-1,1,1,1,-1,-1,0,1,1,1,1,-1,-1,-1,0,1,1,0,1,1,1,1,1,1,0,-1,1,1,-1,-1",,,3,0,0,0,0
"1,-1,1,1,1,-1,1,1,-1,1,1,1,1,1,1,1,1,1,0,1,1,1,1,1,1,-1,-1,1,0,1,1",,,3,0,0,0,0
"-1,-1,1,1,1,-1,1,0,1,-1,-1,1,1,-1,1,-1,-1,1,0,1,1,-1,1,1,1,0,-1,1,1,1,-1",,,3,0,0,0,0
"-1,-1,1,1,1,-1,1,1,-1,-1,1,1,-1,1,-1,-1,1,1,0,1,1,-1,1,1,1,1,-1,1,1,1,1",,,3,0,0,0,0
"-1,1,1,1,1,-1,-1,-1,-1,1,1,-1,1,-1,-1,0,1,1,0,1,1,1,1,1,1,0,1,1,-1,1,-1",,,3,0,0,0,0
"1,-1,1,1,1,-1,1,1,-1,1,1,1,1,1,1,0,1,1,0,1,1,1,1,1,1,1,-1,1,0,1,1",,,3,0,0,0,0
"1,-1,1,1,1,-1,1,-1,-1,1,1,1,1,0,-1,-1,1,1,0,1,1,1,1,1,1,0,-1,-1,0,1,-1",,,3,0,0,0,0
"-1,-1,1,1,1,-1,1,1,1,1,1,1,-1,-1,-1,-1,1,1,0,1,1,1,1,1,1,1,-1,1,0,1,-1",,,3,0,0,0,0
"1,0,1,-1,1,-1,-1,1,-1,1,1,-1,-1,0,-1,0,-1,-1,0,1,1,1,1,-1,1,0,-1,-1,0,1,1",,,3,0,0,0,0
"1,1,-1,1,-1,-1,-1,0,-1,1,1,-1,-1,-1,1,-1,1,-1,1,1,1,1,1,1,-1,0,1,1,0,1,-1",,,3,0,0,0,0
"1,-1,1,1,1,-1,0,0,-1,1,1,1,-1,-1,-1,-1,1,1,0,1,1,1,1,1,1,1,-1,1,0,1,-1",,,3,0,0,0,0
"-1,-1,1,-1,1,-1,1,1,-1,-1,-1,1,1,1,1,1,-1,1,0,-1,-1,-1,-1,1,1,1,-1,1,1,1,1",,,3,0,0,0,0
"1,-1,1,1,1,-1,-1,1,1,1,1,1,-1,0,0,1,1,1,0,1,1,1,1,1,1,1,-1,1,0,-1,1",,,3,0,0,0,0
"1,-1,1,1,1,-1,1,1,-1,1,1,1,1,-1,0,-1,1,1,0,1,1,1,1,1,1,-1,-1,1,-1,1,1",,,3,0,0,0,0
"-1,-1,-1,1,-1,-1,1,1,1,1,1,-1,-1,0,1,-1,1,1,1,1,1,1,1,1,-1,-1,-1,1,1,1,1",,,3,0,0,0,0
"-1,-1,-1,-1,-1,-1,0,0,-1,-1,-1,-1,-1,-1,1,0,-1,-1,0,-1,1,-1,1,1,-1,0,-1,1,-1,1,-1",,,3,0,0,0,0
"-1,-1,1,1,-1,-1,-1,-1,1,1,1,1,-1,-1,-1,0,1,1,0,1,1,1,1,1,1,1,-1,1,-1,1,-1",,,3,0,0,0,0
"-1,-1,1,-1,1,-1,-1,-1,-1,1,1,1,-1,-1,1,-1,1,1,0,1,1,1,1,1,1,1,-1,1,1,1,-1",,,3,0,0,0,0
"-1,-1,1,-1,-1,-1,1,1,-1,1,1,1,-1,0,-1,-1,1,1,1,1,1,1,1,1,1,1,-1,1,0,1,-1",,,3,0,0,0,0
"-1,-1,1,1,1,-1,0,-1,1,1,1,1,-1,-1,-1,-1,1,1,0,1,1,1,1,1,1,0,-1,-1,0,1,-1",,,3,0,0,0,0
"1,-1,1,1,1,-1,0,-1,1,1,1,1,-1,-1,-1,-1,1,1,0,1,1,1,1,1,1,1,-1,-1,0,1,-1",,,3,0,0,0,0
"-1,-1,1,1,1,-1,0,-1,-1,1,1,1,1,-1,-1,-1,1,1,0,1,1,1,1,1,1,1,-1,1,1,1,-1",,,3,0,0,0,0
"-1,-1,1,1,1,-1,-1,-1,1,1,1,1,-1,-1,-1,-1,1,1,0,1,1,1,1,1,1,0,-1,1,1,-1,-1",,,3,0,0,0,0
"1,-1,1,1,1,-1,1,1,-1,1,1,1,-1,0,1,1,1,1,0,1,1,1,1,1,1,-1,-1,1,0,-1,1",,,3,0,0,0,0
"-1,-1,-1,1,-1,-1,1,1,-1,1,1,-1,1,0,1,-1,1,-1,1,1,1,1,1,1,-1,-1,-1,1,1,1,1",,,3,0,0,0,0
"1,-1,1,1,1,-1,-1,-1,1,1,1,1,-1,-1,-1,-1,1,1,0,1,1,1,1,1,1,0,-1,1,0,1,-1",,,3,0,0,0,0
"-1,-1,1,1,1,1,-1,-1,-1,1,1,1,1,1,0,-1,1,1,0,1,1,1,1,1,1,1,-1,1,1,1,1",,,3,0,0,0,0
"1,-1,1,1,1,-1,-1,-1,-1,-1,-1,1,1,-1,-1,-1,-1,1,0,1,1,-1,1,1,1,0,-1,1,0,1,-1",,,3,0,0,0,0
"1,-1,1,1,1,-1,1,1,-1,1,1,1,1,0,-1,-1,1,1,0,1,1,1,1,1,1,0,-1,-1,0,1,-1",,,3,0,0,0,0
"1,-1,1,1,1,-1,1,1,-1,1,1,1,1,1,0,-1,1,1,0,1,1,1,1,1,1,-1,-1,1,1,1,1",,,3,0,0,0,0
"1,-1,1,-1,1,-1,1,1,1,1,1,-1,-1,0,0,-1,1,-1,0,1,1,1,1,-1,1,0,-1,1,0,1,1",,,3,0,0,0,0
"-1,-1,1,1,1,-1,1,-1,-1,1,1,1,1,-1,-1,-1,1,1,0,1,1,1,1,1,1,0,-1,1,1,1,-1",,,3,0,0,0,0
"1,-1,1,1,1,-1,1,1,-1,1,1,1,1,0,1,-1,1,1,0,1,1,1,1,-1,1,0,-1,1,0,1,1",,,3,0,0,0,0
"-1,-1,1,1,1,-1,-1,0,-1,1,1,1,1,0,0,-1,1,1,0,1,1,1,1,1,1,0,-1,1,0,1,-1",,,3,0,0,0,0
"-1,-1,1,-1,1,1,1,1,-1,-1,1,-1,1,1,1,-1,1,-1,0,-1,1,-1,1,1,1,-1,-1,1,-1,1,1",,,3,0,0,0,0
"1,-1,1,1,1,-1,1,1,-1,1,1,1,1,0,1,0,1,1,0,1,1,1,1,-1,1,0,-1,1,0,1,1",,,3,0,0,0,0
"-1,-1,1,1,1,-1,0,-1,-1,1,1,1,1,-1,-1,-1,1,1,0,1,1,1,1,1,1,1,-1,1,0,1,-1",,,3,0,0,0,0
"1,-1,1,1,1,-1,1,1,-1,1,1,1,1,0,-1,1,1,1,0,1,1,1,1,1,1,1,-1,-1,0,1,1",,,3,0,0,0,0
"-1,1,-1,-1,-1,-1,-1,1,-1,-1,-1,-1,-1,0,1,1,-1,-1,1,-1,1,-1,1,-1,-1,0,1,1,1,1,1",,,3,0,0,0,0
"-1,1,-1,1,1,-1,0,-1,1,1,1,1,-1,-1,-1,-1,1,1,0,1,1,1,1,1,1,0,-1,-1,1,1,-1",,,3,0,0,0,0
"1,1,1,1,1,-1,-1,-1,-1,1,1,1,1,-1,-1,-1,1,1,0,1,1,1,1,1,1,0,1,1,0,1,-1",,,3,0,0,0,0
"-1,-1,1,1,1,-1,-1,-1,-1,1,1,1,-1,-1,1,-1,1,1,0,1,1,1,1,1,1,0,-1,1,1,1,-1",,,3,0,0,0,0
"-1,1,-1,1,-1,-1,1,0,-1,1,1,-1,1,-1,0,-1,1,-1,1,1,1,1,1,1,-1,1,1,1,1,1,-1",,,3,0,0,0,0
"1,-1,1,1,1,-1,1,1,-1,1,1,1,1,0,0,1,1,1,0,1,1,1,1,1,1,1,-1,1,0,1,1",,,3,0,0,0,0
"-1,0,1,-1,1,-1,1,0,1,1,1,1,-1,-1,-1,-1,-1,-1,0,1,1,1,1,1,1,1,-1,1,1,1,-1",,,3,0,0,0,0
"-1,-1,1,1,1,-1,-1,-1,1,1,1,1,-1,-1,0,-1,1,1,0,1,1,1,1,1,1,1,-1,1,1,-1,-1",,,3,0,0,0,0
"-1,-1,-1,1,-1,-1,1,1,-1,1,1,-1,-1,0,-1,0,1,-1,1,1,1,1,1,1,-1,1,-1,1,1,1,1",,,3,0,0,0,0
"-1,-1,1,-1,1,-1,0,-1,1,1,1,1,-1,-1,-1,-1,1,1,0,1,1,1,1,1,1,1,-1,1,1,1,-1",,,3,0,0,0,0
"-1,-1,1,-1,1,-1,-1,-1,-1,1,1,1,-1,-1,-1,-1,1,1,0,1,1,1,1,1,1,1,-1,-1,0,1,-1",,,3,0,0,0,0
"-1,1,1,-1,1,-1,0,1,-1,1,1,1,1,-1,-1,-1,1,1,0,1,1,1,1,1,1,1,1,-1,0,1,-1",,,3,0,0,0,0
"1,-1,-1,1,-1,1,1,1,1,1,1,-1,1,0,0,-1,1,1,0,1,1,1,1,1,-1,1,-1,1,1,1,1",,,3,0,0,0,0
"-1,-1,1,1,1,1,1,1,-1,1,1,1,1,0,0,-1,1,1,0,1,1,1,1,-1,1,-1,-1,1,-1,1,1",,,3,0,0,0,0
"-1,-1,1,1,1,-1,1,1,-1,1,1,1,1,0,1,-1,-1,1,0,1,1,1,1,-1,1,0,-1,1,-1,1,1",,,3,0,0,0,0
"-1,-1,1,1,1,-1,0,1,1,1,1,1,1,-1,-1,-1,1,1,0,1,1,1,1,1,1,1,-1,1,0,1,-1",,,3,0,0,0,0
"-1,-1,1,1,1,-1,-1,-1,1,-1,1,1,-1,-1,1,-1,1,1,0,-1,1,-1,1,1,1,1,-1,1,1,1,-1",,,3,0,0,0,0
"-1,-1,1,-1,1,-1,-1,-1,1,-1,-1,1,-1,-1,0,-1,-1,1,0,-1,-1,-1,-1,1,1,1,-1,1,0,1,-1",,,3,0,0,0,0
"-1,-1,1,-1,1,-1,1,1,-1,-1,-1,1,1,1,1,-1,-1,-1,0,-1,1,-1,-1,1,1,1,-1,1,1,1,1",,,3,0,0,0,0
"-1,-1,1,1,1,-1,1,1,1,1,1,1,-1,0,0,0,1,1,0,1,1,1,1,-1,1,1,-1,1,0,1,1",,,3,0,0,0,0
"1,-1,1,1,1,-1,1,-1,-1,1,1,1,1,-1,0,-1,1,1,0,1,1,1,1,1,1,1,-1,1,0,1,-1",,,3,0,0,0,0
"-1,-1,1,1,1,-1,1,1,-1,-1,-1,1,1,0,0,-1,-1,1,0,1,1,-1,1,1,1,-1,-1,1,0,1,1",,,3,0,0,0,0
"-1,-1,1,1,1,-1,1,0,1,-1,-1,1,1,-1,1,-1,-1,1,0,1,1,-1,1,1,1,1,-1,1,1,1,-1",,,3,0,0,0,0
"-1,-1,-1,1,-1,-1,1,1,-1,1,1,-1,1,0,-1,0,1,-1,1,1,1,1,1,1,-1,-1,-1,1,1,1,1",,,3,0,0,0,0
"1,1,1,1,1,-1,1,1,-1,1,1,1,1,1,0,1,1,1,0,1,1,1,1,-1,1,1,1,1,0,1,1",,,3,0,0,0,0
"1,-1,1,1,1,1,1,1,-1,1,1,1,1,0,1,-1,1,1,0,1,1,1,1,1,1,1,-1,1,0,-1,1",,,3,0,0,0,0
"-1,-1,1,1,1,-1,1,1,1,1,1,1,-1,1,-1,-1,1,1,0,1,1,1,1,-1,1,0,-1,1,1,1,1",,,3,0,0,0,0
"1,-1,1,1,1,-1,0,1,-1,1,1,1,-1,1,-1,1,1,1,0,1,1,1,1,1,1,1,-1,1,0,1,1",,,3,0,0,0,0
"-1,-1,1,1,1,-1,-1,0,1,1,1,1,-1,-1,-1,-1,1,1,0,1,1,1,1,1,1,1,-1,1,1,1,-1",,,3,0,0,0,0
"1,-1,1,1,1,-1,-1,0,1,-1,1,-1,-1,-1,0,-1,1,1,0,-1,1,-1,1,1,1,0,-1,1,1,1,-1",,,3,0,0,0,0
"-1,-1,1,1,1,-1,0,0,-1,1,1,1,-1,-1,0,-1,1,1,0,1,1,1,1,1,1,0,-1,1,1,1,-1",,,3,0,0,0,0
"1,-1,1,1,1,-1,-1,-1,-1,1,1,1,1,-1,0,-1,1,1,0,1,1,1,1,1,1,0,-1,1,0,1,-1",,,3,0,0,0,0
"-1,-1,1,1,1,-1,-1,0,-1,1,1,1,1,-1,0,-1,-1,1,0,1,1,1,1,1,1,0,-1,1,0,1,-1",,,3,0,0,0,0
"-1,-1,1,1,1,-1,-1,-1,-1,1,1,1,1,0,1,-1,1,1,0,1,1,1,1,1,1,1,-1,1,1,1,1",,,3,0,0,0,0
"1,-1,1,1,1,-1,-1,0,1,1,1,1,-1,-1,0,-1,1,1,0,1,1,1,1,1,1,0,-1,-1,0,1,-1",,,3,0,0,0,0
"1,-1,1,1,1,-1,1,-1,-1,1,1,1,1,1,0,-1,1,1,0,1,1,1,1,1,1,0,-1,1,0,1,1",,,3,0,0,0,0
"1,-1,1,1,1,-1,0,1,-1,1,1,1,-1,1,-1,1,1,1,0,1,1,1,1,1,1,1,-1,-1,0,1,1",,,3,0,0,0,0
"-1,-1,1,1,1,-1,0,-1,1,1,1,1,-1,-1,0,-1,1,1,0,1,1,1,1,1,1,1,-1,1,0,1,-1",,,3,0,0,0,0
"-1,-1,1,1,1,-1,0,-1,1,1,1,1,-1,-1,-1,-1,1,1,0,1,1,1,1,1,1,1,-1,1,1,1,-1",,,3,0,0,0,0
"-1,-1,1,1,1,-1,-1,-1,-1,1,1,1,-1,-1,0,1,1,1,0,1,1,1,1,1,1,0,-1,1,1,1,-1",,,3,0,0,0,0
"1,-1,1,1,1,-1,0,1,-1,1,1,-1,1,-1,-1,-1,1,1,0,1,1,1,1,1,1,1,-1,1,0,1,-1",,,3,0,0,0,0
"1,1,1,1,1,-1,1,1,-1,-1,1,1,1,0,-1,0,1,1,0,-1,1,-1,1,-1,1,0,1,1,0,1,1",,,3,0,0,0,0
"1,-1,1,-1,1,-1,1,-1,-1,-1,-1,1,1,-1,0,-1,-1,1,0,-1,-1,-1,-1,1,1,0,-1,1,0,1,-1",,,3,0,0,0,0
"1,-1,1,1,1,-1,-1,-1,-1,1,1,1,1,-1,1,-1,1,1,0,1,1,1,1,1,1,0,-1,1,1,1,-1",,,3,0,0,0,0
"1,-1,1,-1,1,-1,0,-1,1,1,1,1,-1,-1,0,-1,1,1,0,1,1,1,1,1,1,0,-1,1,0,1,-1",,,3,0,0,0,0
"1,-1,1,1,1,-1,1,1,1,1,1,1,-1,0,0,1,1,1,0,1,1,1,1,1,1,1,-1,1,0,1,1",,,3,0,0,0,0
"-1,1,-1,-1,-1,-1,1,-1,-1,-1,1,-1,1,-1,1,-1,1,-1,0,-1,1,-1,1,1,-1,0,1,1,1,1,-1",,,3,0,0,0,0
"1,-1,1,1,1,-1,1,1,1,1,1,1,-1,1,1,1,1,1,0,1,1,1,1,-1,1,0,-1,1,0,1,1",,,3,0,0,0,0
"1,-1,1,1,1,-1,1,-1,1,1,1,1,-1,0,1,0,1,1,0,1,1,1,1,-1,1,0,-1,1,0,1,1",,,3,0,0,0,0
"-1,-1,1,1,1,-1,1,1,-1,1,1,1,1,0,1,0,1,1,0,1,1,1,1,-1,1,0,-1,1,1,1,1",,,3,0,0,0,0
"1,-1,1,-1,1,-1,0,1,-1,1,1,1,1,0,1,-1,1,1,0,1,1,1,1,1,1,1,-1,1,-1,1,-1",,,3,0,0,0,0
"-1,-1,1,-1,1,-1,0,1,-1,1,1,1,-1,0,1,-1,1,1,0,1,1,1,1,1,1,0,-1,-1,0,1,-1",,,3,0,0,0,0
"-1,1,-1,-1,1,-1,-1,-1,-1,1,1,1,1,-1,-1,-1,-1,-1,0,1,1,1,1,1,1,1,-1,-1,0,1,-1",,,3,0,0,0,0
"-1,-1,1,1,1,-1,0,-1,1,1,1,1,-1,0,-1,-1,1,1,0,1,1,1,1,1,1,1,-1,1,1,1,-1",,,3,0,0,0,0
"1,-1,-1,1,-1,-1,-1,0,1,1,1,-1,-1,-1,1,-1,1,-1,1,1,1,1,1,1,-1,0,-1,1,0,1,-1",,,3,0,0,0,0
"1,-1,1,1,1,-1,-1,-1,1,1,1,1,-1,1,-1,-1,1,1,0,1,1,1,1,1,1,0,-1,1,0,1,-1",,,3,0,0,0,0
"1,-1,1,-1,1,-1,0,-1,1,-1,-1,1,-1,-1,0,-1,-1,1,0,-1,-1,-1,-1,1,1,0,-1,1,0,1,-1",,,3,0,0,0,0
"-1,-1,1,1,1,1,1,1,-1,1,1,1,-1,1,0,-1,1,1,0,1,1,1,1,1,1,0,-1,1,1,1,1",,,3,0,0,0,0
"1,-1,1,1,1,-1,0,1,-1,-1,1,1,1,0,0,-1,1,1,0,1,1,-1,1,1,1,-1,-1,-1,0,1,1",,,3,0,0,0,0
"-1,-1,1,1,1,-1,0,-1,-1,1,1,1,1,0,-1,-1,1,1,0,1,1,1,1,1,1,1,-1,-1,0,1,-1",,,3,0,0,0,0
"1,-1,1,1,1,-1,1,-1,-1,1,1,1,1,0,1,-1,1,1,0,1,1,1,1,-1,1,0,-1,1,0,1,1",,,3,0,0,0,0
"-1,-1,1,1,1,-1,1,1,-1,1,1,1,1,1,-1,1,1,1,0,1,1,1,1,1,1,1,-1,1,1,1,1",,,3,0,0,0,0
"1,-1,1,1,1,-1,0,1,-1,1,1,-1,1,0,1,-1,1,1,0,1,1,1,1,1,1,1,-1,1,-1,1,1",,,3,0,0,0,0
"1,-1,1,1,1,-1,1,1,1,1,1,-1,-1,0,1,0,-1,1,0,1,1,1,1,1,1,-1,-1,1,0,1,1",,,3,0,0,0,0
"1,-1,1,1,1,-1,1,1,1,1,1,1,-1,0,-1,1,1,1,0,1,1,1,1,1,1,1,-1,-1,0,1,1",,,3,0,0,0,0
"1,-1,1,1,1,-1,0,1,-1,1,1,1,1,0,-1,-1,1,1,0,1,1,1,1,1,1,-1,-1,1,0,1,1",,,3,0,0,0,0
"1,1,1,1,1,1,0,1,-1,1,1,1,1,0,-1,-1,1,1,0,1,1,1,1,1,1,1,1,1,0,1,1",,,3,0,0,0,0
"1,-1,1,-1,1,-1,0,-1,1,-1,-1,1,-1,-1,0,-1,-1,1,0,-1,-1,-1,-1,1,1,1,-1,1,0,1,-1",,,3,0,0,0,0
"1,-1,1,1,1,-1,1,1,-1,1,1,1,1,0,-1,-1,1,1,0,1,1,1,1,-1,1,-1,-1,1,0,1,1",,,3,0,0,0,0
"-1,-1,-1,1,-1,-1,1,1,-1,1,1,-1,1,1,-1,1,1,-1,1,1,1,1,1,1,-1,-1,-1,1,1,1,1",,,3,0,0,0,0
"-1,-1,1,1,1,-1,1,1,-1,1,1,1,1,0,-1,1,1,1,0,1,1,1,1,-1,1,1,-1,1,1,1,1",,,3,0,0,0,0
"-1,-1,1,1,1,-1,1,1,-1,1,1,1,1,0,1,-1,1,1,0,1,1,1,1,1,1,1,-1,1,0,1,1",,,3,0,0,0,0
"-1,-1,1,1,1,-1,-1,1,-1,1,1,1,1,0,1,1,1,1,0,1,1,1,1,1,1,1,-1,1,1,1,1",,,3,0,0,0,0
"1,-1,1,1,1,-1,1,1,1,1,1,1,-1,1,1,-1,1,1,0,1,1,1,1,1,1,-1,-1,1,0,-1,1",,,3,0,0,0,0
"1,-1,1,-1,1,-1,1,1,-1,-1,-1,1,1,1,0,-1,-1,1,0,-1,-1,-1,-1,1,1,-1,-1,1,0,1,1",,,3,0,0,0,0
"-1,-1,1,-1,1,-1,-1,-1,1,-1,-1,1,-1,-1,0,-1,-1,1,0,-1,1,-1,-1,1,1,1,-1,1,0,1,-1",,,3,0,0,0,0
"-1,-1,1,1,1,-1,1,-1,1,1,1,1,1,0,0,-1,1,1,0,1,1,1,1,1,1,1,-1,-1,1,1,-1",,,3,0,0,0,0
"1,1,-1,1,-1,-1,1,1,-1,1,1,-1,1,0,-1,1,1,-1,1,1,1,1,1,1,-1,1,1,-1,1,1,1",,,3,0,0,0,0
"1,-1,1,-1,1,-1,0,-1,-1,-1,-1,1,-1,-1,1,-1,-1,1,0,-1,1,-1,-1,1,1,1,-1,1,0,1,-1",,,3,0,0,0,0
"-1,1,-1,1,-1,-1,0,-1,-1,1,1,-1,1,0,-1,-1,1,1,1,1,1,1,1,1,-1,0,1,1,1,1,-1",,,3,0,0,0,0
"1,-1,1,1,1,-1,-1,-1,1,-1,1,1,-1,-1,0,-1,1,1,0,1,1,-1,1,1,1,0,-1,1,0,1,-1",,,3,0,0,0,0
"-1,-1,1,1,1,-1,-1,1,1,1,1,1,-1,0,1,-1,-1,1,0,1,1,1,1,1,1,0,-1,1,1,1,1",,,3,0,0,0,0
"1,-1,1,1,1,-1,0,1,-1,1,1,1,-1,0,-1,-1,1,1,0,1,1,1,1,1,1,0,-1,-1,0,1,1",,,3,0,0,0,0
"1,1,1,1,1,-1,1,-1,-1,-1,1,1,1,0,0,-1,-1,1,0,-1,1,-1,1,1,1,0,1,1,0,1,1",,,3,0,0,0,0
"1,-1,1,1,1,1,1,1,1,1,1,1,-1,0,-1,1,1,1,0,1,1,1,1,1,1,0,-1,1,1,1,1",,,3,0,0,0,0
"1,1,1,1,1,-1,1,1,-1,1,1,1,1,1,1,1,1,1,0,1,1,1,1,1,1,-1,1,1,0,1,1",,,3,0,0,0,0
"-1,-1,1,1,1,-1,-1,-1,-1,1,1,1,-1,-1,0,-1,-1,1,0,1,1,1,1,1,1,1,-1,1,0,1,-1",,,3,0,0,0,0
"-1,-1,1,1,1,-1,-1,-1,-1,1,1,1,-1,-1,0,-1,1,1,0,1,1,1,1,1,1,0,-1,1,0,-1,-1",,,3,0,0,0,0
"-1,-1,1,1,1,-1,-1,-1,1,1,1,-1,-1,-1,-1,-1,1,1,0,1,1,1,1,1,1,1,-1,1,1,1,-1",,,3,0,0,0,0
"-1,-1,1,1,1,-1,-1,-1,1,1,1,1,-1,-1,0,-1,1,1,0,1,1,1,1,1,1,1,-1,-1,1,1,-1",,,3,0,0,0,0
"-1,1,1,1,1,-1,-1,-1,-1,1,1,1,1,-1,1,-1,1,1,0,1,1,1,1,1,1,0,1,1,1,1,-1",,,3,0,0,0,0
"-1,-1,1,1,1,-1,-1,-1,1,1,1,1,-1,-1,-1,-1,1,1,0,1,1,1,1,1,1,0,-1,1,0,1,-1",,,3,0,0,0,0
"1,-1,1,1,1,-1,1,1,1,1,1,1,-1,0,0,1,1,1,0,1,1,1,1,1,1,-1,-1,1,0,1,1",,,3,0,0,0,0
"1,-1,1,1,1,-1,-1,1,1,1,1,1,-1,0,0,1,1,1,0,1,1,1,1,1,1,0,-1,1,0,1,1",,,3,0,0,0,0
"-1,-1,1,1,1,-1,-1,-1,1,1,1,1,-1,-1,0,-1,1,1,0,1,1,1,1,1,1,1,-1,1,0,1,-1",,,3,0,0,0,0
"-1,-1,-1,-1,-1,-1,-1,0,1,-1,-1,-1,-1,-1,1,-1,-1,-1,1,-1,1,-1,1,1,-1,0,-1,1,1,1,-1",,,3,0,0,0,0
"1,-1,1,1,1,-1,0,-1,-1,1,1,1,1,0,1,-1,1,1,0,1,1,1,1,1,1,0,-1,1,0,1,-1",,,3,0,0,0,0
"-1,-1,1,1,1,-1,-1,-1,1,1,1,1,-1,-1,-1,-1,1,1,0,1,1,1,1,1,1,0,-1,1,1,1,-1",,,3,0,0,0,0
"-1,-1,1,1,1,-1,0,1,-1,-1,1,1,1,0,1,-1,1,1,0,1,1,-1,-1,1,1,1,-1,1,1,1,1",,,3,0,0,0,0
"1,-1,1,1,1,-1,0,1,-1,1,1,1,1,0,-1,-1,1,1,0,1,1,1,1,1,1,-1,-1,1,1,1,1",,,3,0,0,0,0
"1,-1,1,1,1,-1,1,-1,1,1,1,1,-1,0,0,-1,1,1,0,1,1,1,1,1,1,1,-1,-1,0,1,-1",,,3,0,0,0,0
"1,-1,1,1,1,-1,1,1,1,1,1,1,1,0,1,1,1,1,0,1,1,1,1,1,1,1,-1,1,0,-1,1",,,3,0,0,0,0
"1,-1,1,-1,1,-1,1,1,-1,-1,-1,1,1,0,-1,-1,-1,1,0,1,1,1,1,1,1,1,-1,1,0,1,1",,,3,0,0,0,0
"-1,-1,1,1,1,-1,0,-1,1,1,1,1,1,-1,0,-1,1,1,0,1,1,1,1,1,1,1,-1,1,0,1,-1",,,3,0,0,0,0
"1,-1,1,1,1,-1,1,1,-1,1,1,1,-1,0,1,-1,1,1,0,1,1,1,1,1,1,1,-1,1,0,1,1",,,3,0,0,0,0
"-1,-1,1,1,1,-1,-1,-1,1,1,1,1,1,-1,-1,-1,1,1,0,1,1,1,1,1,1,1,-1,1,1,1,-1",,,3,0,0,0,0
"-1,-1,1,1,1,-1,-1,1,-1,1,1,-1,1,0,1,-1,1,1,0,1,1,1,1,1,1,-1,-1,1,0,1,1",,,3,0,0,0,0
"-1,-1,1,1,1,-1,1,-1,1,1,1,1,-1,0,-1,-1,1,1,0,1,1,1,1,1,1,1,-1,1,1,1,-1",,,3,0,0,0,0
"-1,-1,-1,-1,1,1,0,1,-1,1,1,1,-1,1,0,-1,-1,-1,0,1,1,1,1,1,1,-1,-1,1,0,1,1",,,3,0,0,0,0
"-1,-1,1,-1,1,-1,0,-1,1,-1,-1,1,-1,-1,-1,-1,-1,1,0,-1,-1,-1,-1,1,1,1,-1,1,0,1,-1",,,3,0,0,0,0
"1,-1,1,1,1,-1,-1,-1,1,1,1,1,1,-1,-1,-1,1,1,0,1,1,1,1,1,1,1,-1,1,0,1,-1",,,3,0,0,0,0
"1,-1,1,1,1,-1,1,-1,-1,1,1,1,-1,0,-1,-1,1,1,0,1,1,1,1,1,1,-1,-1,1,0,1,1",,,3,0,0,0,0
"-1,1,-1,-1,-1,-1,-1,-1,-1,1,1,-1,1,-1,1,0,1,-1,1,1,1,1,1,1,-1,0,1,1,0,1,-1",,,3,0,0,0,0
"1,-1,1,-1,1,-1,-1,-1,-1,1,1,1,1,-1,-1,-1,1,1,0,1,1,1,1,1,1,1,-1,1,0,1,-1",,,3,0,0,0,0
"1,-1,1,1,1,-1,1,1,1,1,1,1,-1,1,1,-1,1,1,0,1,1,1,1,1,1,0,-1,1,0,1,1",,,3,0,0,0,0
"1,-1,1,1,1,-1,1,-1,1,1,1,1,-1,0,0,-1,1,1,0,1,1,1,1,1,1,-1,-1,1,0,1,1",,,3,0,0,0,0
"1,-1,1,-1,1,-1,1,-1,1,1,1,1,1,-1,1,-1,-1,-1,0,1,1,1,1,1,1,1,-1,1,1,-1,-1",,,3,0,0,0,0
"1,-1,1,1,1,-1,0,-1,-1,1,1,1,1,-1,-1,-1,1,1,0,1,1,1,1,1,1,1,-1,1,0,1,-1",,,3,0,0,0,0
"-1,1,1,1,1,-1,1,1,-1,1,1,1,1,0,0,1,1,1,0,1,1,1,1,1,1,0,1,1,0,1,1",,,3,0,0,0,0
"-1,-1,-1,1,-1,-1,0,-1,1,-1,-1,-1,-1,-1,-1,-1,-1,-1,1,1,1,-1,-1,1,-1,1,-1,1,1,1,-1",,,3,0,0,0,0
"1,-1,1,1,1,-1,-1,0,-1,1,1,1,1,-1,-1,-1,1,1,0,1,1,1,1,1,1,0,-1,1,0,1,-1",,,3,0,0,0,0
"1,-1,1,-1,1,1,1,1,-1,-1,-1,1,1,1,0,-1,-1,1,0,-1,1,-1,-1,1,1,1,-1,1,0,1,1",,,3,0,0,0,0
"1,-1,1,1,1,-1,1,1,-1,1,1,1,1,0,1,-1,1,1,0,1,1,1,1,1,1,-1,-1,1,0,1,1",,,3,0,0,0,0
"-1,-1,1,1,1,-1,1,-1,-1,1,1,1,-1,0,-1,-1,1,1,0,1,1,1,1,1,1,1,-1,1,0,1,-1",,,3,0,0,0,0
"1,-1,1,1,1,-1,1,1,1,1,1,1,-1,1,1,1,1,1,0,1,1,1,1,1,1,0,-1,1,0,1,1",,,3,0,0,0,0
"-1,-1,1,1,1,-1,-1,0,-1,1,1,1,1,-1,-1,-1,1,1,0,1,1,1,1,1,1,0,-1,1,-1,1,-1",,,3,0,0,0,0
"1,-1,1,1,1,1,1,1,-1,1,1,1,1,1,1,-1,1,1,0,1,1,1,1,1,1,-1,-1,1,-1,1,1",,,3,0,0,0,0
"-1,-1,1,1,1,-1,1,1,-1,1,1,1,-1,0,0,1,1,1,0,1,1,1,1,1,1,0,-1,1,1,1,1",,,3,0,0,0,0
"1,-1,1,1,1,-1,-1,1,1,1,1,1,-1,1,0,0,1,1,0,1,1,1,1,1,1,1,-1,1,0,1,1",,,3,0,0,0,0
"-1,-1,1,1,1,-1,-1,1,-1,1,1,1,-1,0,0,-1,1,1,0,1,1,1,1,1,1,1,-1,1,1,1,1",,,3,0,0,0,0
"-1,-1,1,1,-1,-1,1,-1,1,1,1,1,-1,0,-1,-1,1,1,0,1,1,1,1,1,1,0,-1,1,0,1,-1",,,3,0,0,0,0
"-1,-1,1,1,1,-1,-1,0,1,1,1,1,-1,0,-1,0,1,1,0,1,1,1,1,1,1,0,-1,1,1,1,-1",,,3,0,0,0,0
"-1,-1,1,1,1,-1,-1,0,1,1,1,1,-1,-1,-1,-1,1,1,0,1,1,1,1,1,1,0,-1,-1,0,1,-1",,,3,0,0,0,0
"-1,-1,-1,-1,-1,-1,1,1,-1,1,1,-1,1,0,-1,0,1,-1,1,1,1,1,1,1,-1,-1,-1,1,1,1,1",,,3,0,0,0,0
"-1,1,1,1,1,-1,-1,-1,-1,1,1,1,1,-1,-1,-1,1,1,0,1,1,1,1,-1,1,1,1,1,1,1,-1",,,3,0,0,0,0
"-1,1,1,1,1,-1,0,1,1,1,1,1,1,0,0,-1,1,1,0,1,1,1,1,1,1,-1,1,1,1,1,1",,,3,0,0,0,0
"1,-1,1,1,1,-1,1,1,-1,1,1,1,1,0,0,1,1,1,0,1,1,1,1,1,1,1,-1,-1,0,1,1",,,3,0,0,0,0
"-1,-1,1,-1,1,-1,0,0,1,1,1,-1,-1,0,-1,-1,1,-1,0,1,1,1,1,1,1,0,-1,1,1,1,-1",,,3,0,0,0,0
"1,-1,1,-1,1,1,1,1,1,-1,-1,1,-1,1,0,-1,-1,1,0,-1,1,-1,-1,1,1,1,-1,1,0,1,1",,,3,0,0,0,0
"1,1,1,1,1,-1,-1,0,-1,1,1,1,1,-1,-1,-1,1,1,0,1,1,1,1,1,1,1,1,1,0,-1,-1",,,3,0,0,0,0
"-1,-1,-1,-1,-1,-1,-1,-1,-1,1,1,-1,1,-1,-1,0,1,-1,1,1,1,-1,1,1,-1,0,-1,1,1,1,-1",,,3,0,0,0,0
"1,1,1,-1,1,-1,1,1,-1,-1,-1,1,1,0,0,1,-1,1,0,1,1,1,1,1,1,-1,1,1,0,1,1",,,3,0,0,0,0
"-1,-1,-1,-1,-1,-1,1,1,-1,1,1,-1,1,0,0,-1,1,-1,0,1,1,1,1,1,-1,1,-1,1,-1,1,1",,,3,0,0,0,0
"-1,-1,1,1,1,-1,0,-1,-1,1,1,1,1,0,0,-1,1,1,0,1,1,-1,1,1,1,1,-1,1,1,1,1",,,3,0,0,0,0
"-1,-1,-1,-1,-1,-1,-1,0,1,-1,-1,-1,-1,-1,-1,-1,-1,-1,1,1,1,-1,1,1,-1,0,-1,1,1,1,-1",,,3,0,0,0,0
"1,-1,1,1,1,-1,0,0,-1,1,1,1,1,0,-1,-1,1,1,0,1,1,1,1,1,1,1,-1,1,0,1,-1",,,3,0,0,0,0
"-1,-1,1,1,1,-1,-1,-1,1,1,1,1,-1,-1,-1,0,1,1,0,1,1,1,1,1,1,1,-1,1,0,1,-1",,,3,0,0,0,0
"-1,-1,1,-1,1,-1,1,1,-1,-1,-1,1,1,0,1,-1,-1,1,0,-1,-1,-1,-1,1,1,0,-1,1,1,1,1",,,3,0,0,0,0
"1,1,1,1,1,-1,1,1,-1,1,1,1,1,0,1,1,1,1,0,1,1,1,1,1,1,-1,1,1,0,-1,1",,,3,0,0,0,0
"-1,-1,1,1,1,-1,1,1,-1,1,1,1,1,0,1,1,1,1,0,1,1,1,1,1,1,0,-1,1,0,1,1",,,3,0,0,0,0
"-1,0,1,1,1,-1,0,-1,1,-1,1,1,-1,-1,0,-1,1,1,0,-1,1,-1,1,1,1,1,-1,1,0,1,-1",,,3,0,0,0,0
"1,1,1,-1,1,-1,0,0,-1,-1,-1,1,1,-1,0,-1,-1,1,0,1,1,-1,1,1,1,0,1,1,0,1,-1",,,3,0,0,0,0
"-1,-1,1,1,1,1,1,1,-1,-1,-1,1,1,0,0,-1,-1,1,0,-1,1,-1,1,1,1,1,-1,-1,1,1,1",,,3,0,0,0,0
"1,1,1,-1,1,-1,1,1,-1,-1,-1,1,1,0,0,0,-1,1,0,-1,1,-1,-1,1,1,1,1,1,1,1,1",,,3,0,0,0,0
"1,-1,1,1,1,-1,1,-1,-1,1,1,1,1,0,-1,-1,1,1,0,1,1,1,1,1,1,1,-1,1,0,1,-1",,,3,0,0,0,0
"-1,-1,1,1,1,-1,1,1,-1,1,1,1,1,0,0,-1,-1,1,0,1,1,1,1,1,1,-1,-1,1,-1,1,1",,,3,0,0,0,0
"-1,-1,1,1,1,-1,0,1,-1,1,1,1,1,-1,-1,-1,1,1,0,1,1,1,1,1,1,1,-1,1,0,1,-1",,,3,0,0,0,0
"1,-1,1,1,1,-1,1,1,1,1,1,1,-1,0,0,-1,1,1,0,1,1,1,1,1,1,-1,-1,1,0,1,1",,,3,0,0,0,0
"1,-1,1,1,1,1,1,1,1,1,1,1,-1,1,1,1,1,1,0,1,1,1,1,1,1,-1,-1,1,0,-1,1",,,3,0,0,0,0
"1,-1,1,1,1,1,1,1,1,1,1,1,-1,1,1,-1,1,1,0,1,1,1,1,1,1,-1,-1,1,0,-1,1",,,3,0,0,0,0
"-1,1,1,1,1,-1,-1,0,-1,1,1,1,1,-1,0,-1,1,1,0,1,1,1,1,1,1,0,1,1,0,-1,-1",,,3,0,0,0,0
"-1,1,-1,-1,-1,-1,0,1,-1,1,1,-1,1,0,-1,-1,1,-1,1,1,1,1,1,1,-1,0,1,1,1,1,-1",,,3,0,0,0,0
"-1,1,1,-1,1,-1,-1,0,-1,1,1,1,1,-1,0,-1,1,1,0,1,1,1,1,1,1,1,1,1,1,1,-1",,,3,0,0,0,0
"1,-1,1,1,1,-1,-1,-1,1,1,1,1,-1,-1,0,-1,1,1,0,1,1,1,1,1,1,1,-1,1,1,1,-1",,,3,0,0,0,0
"1,-1,1,1,1,-1,1,1,-1,1,1,1,-1,0,-1,1,1,1,0,1,1,1,1,1,1,-1,-1,1,0,1,1",,,3,0,0,0,0
"1,-1,-1,1,-1,-1,-1,1,1,1,1,-1,-1,0,1,-1,1,-1,1,1,1,1,1,1,-1,1,-1,1,0,1,1",,,3,0,0,0,0
"-1,-1,1,1,1,-1,-1,0,1,1,1,1,-1,1,-1,-1,1,1,0,1,1,1,1,1,1,1,-1,-1,1,1,-1",,,3,0,0,0,0
"-1,1,-1,1,-1,-1,1,1,-1,1,1,-1,1,1,-1,-1,1,-1,1,1,1,1,1,-1,-1,-1,1,1,1,1,1",,,3,0,0,0,0
"1,-1,1,1,1,-1,1,1,-1,1,1,1,1,0,1,0,1,1,0,1,1,1,1,1,1,1,-1,1,0,1,1",,,3,0,0,0,0
"-1,-1,1,-1,1,-1,0,-1,-1,-1,-1,1,1,-1,0,-1,-1,1,0,-1,1,-1,-1,1,1,1,-1,1,1,1,-1",,,3,0,0,0,0
"-1,-1,1,1,1,-1,0,-1,-1,1,1,1,1,0,-1,-1,1,1,0,1,1,1,1,1,1,0,-1,1,0,1,-1",,,3,0,0,0,0
"-1,-1,1,-1,1,1,1,1,1,-1,-1,1,-1,1,1,-1,-1,1,0,-1,1,-1,-1,1,1,0,-1,1,1,1,1",,,3,0,0,0,0
"-1,-1,1,1,1,-1,-1,1,-1,1,1,1,-1,0,1,-1,1,1,0,1,1,1,1,1,1,1,-1,1,1,1,1",,,3,0,0,0,0
"-1,-1,1,-1,1,-1,1,0,-1,-1,-1,1,1,-1,-1,-1,-1,1,0,-1,-1,-1,-1,1,1,0,-1,1,1,1,-1",,,3,0,0,0,0
"-1,-1,1,1,-1,-1,1,-1,1,1,1,-1,-1,0,-1,-1,1,1,1,1,1,1,1,1,1,0,-1,1,1,1,-1",,,3,0,0,0,0
"1,-1,1,1,1,-1,1,1,-1,1,1,1,-1,0,1,1,1,1,0,1,1,1,1,-1,1,0,-1,1,0,1,1",,,3,0,0,0,0
"1,-1,1,1,1,-1,1,1,-1,1,1,1,1,1,1,1,1,1,0,1,1,1,1,1,1,-1,-1,-1,0,1,1",,,3,0,0,0,0
"1,-1,1,1,1,-1,1,1,-1,1,1,1,1,1,0,1,1,1,0,1,1,1,1,1,1,-1,-1,1,0,1,1",,,3,0,0,0,0
"-1,-1,1,1,1,1,1,1,1,1,1,1,-1,1,-1,1,1,1,0,1,1,1,1,-1,1,0,-1,1,1,1,1",,,3,0,0,0,0
"1,1,1,-1,1,-1,-1,0,-1,-1,-1,1,1,-1,1,-1,-1,1,0,-1,1,-1,-1,1,1,0,1,1,0,1,-1",,,3,0,0,0,0
"-1,-1,1,1,1,-1,-1,-1,1,1,1,1,1,-1,0,-1,1,1,0,1,1,1,1,1,1,0,-1,-1,1,-1,-1",,,3,0,0,0,0
"-1,1,1,-1,1,-1,1,1,-1,-1,-1,1,1,0,0,0,-1,1,0,-1,1,-1,-1,-1,1,0,1,1,1,1,1",,,3,0,0,0,0
"1,-1,1,-1,1,-1,0,1,1,1,1,-1,-1,0,-1,-1,1,-1,0,1,1,1,1,1,1,1,-1,1,1,1,-1",,,3,0,0,0,0
"1,1,1,1,1,-1,1,1,-1,1,1,1,1,0,0,0,1,1,0,1,1,1,1,-1,1,0,1,1,0,1,1",,,3,0,0,0,0
"1,-1,1,-1,1,-1,1,1,-1,-1,-1,1,1,0,-1,-1,-1,1,0,-1,-1,-1,-1,1,1,0,-1,1,0,1,1",,,3,0,0,0,0
"1,-1,1,1,1,-1,1,1,-1,1,1,1,1,0,0,-1,-1,1,0,1,1,1,1,1,1,-1,-1,1,-1,1,1",,,3,0,0,0,0
"1,-1,1,1,1,-1,1,1,-1,1,1,1,1,1,0,1,1,1,0,1,1,1,1,1,1,1,-1,1,0,1,1",,,3,0,0,0,0
"-1,-1,-1,1,-1,-1,1,1,-1,1,1,-1,1,0,1,1,1,-1,1,1,1,1,1,1,-1,0,-1,1,1,1,1",,,3,0,0,0,0
"-1,-1,-1,-1,-1,-1,1,-1,1,-1,-1,-1,-1,-1,1,-1,-1,-1,1,1,1,-1,-1,1,-1,1,-1,1,1,1,-1",,,3,0,0,0,0
"-1,1,1,1,1,-1,-1,-1,-1,1,1,1,1,-1,0,-1,1,1,0,1,1,1,1,1,1,0,1,-1,1,-1,-1",,,3,0,0,0,0
"-1,-1,1,1,1,-1,1,1,-1,-1,1,-1,1,1,-1,-1,1,1,0,-1,1,-1,1,1,1,-1,-1,1,-1,1,1",,,3,0,0,0,0
"-1,-1,1,1,1,-1,1,-1,1,1,1,1,-1,0,-1,-1,1,1,0,1,1,1,1,1,1,0,-1,-1,0,1,-1",,,3,0,0,0,0
"-1,-1,1,1,1,-1,-1,-1,-1,1,1,1,1,0,-1,1,1,1,0,1,1,1,1,1,1,1,-1,1,1,1,-1",,,3,0,0,0,0
"-1,-1,1,-1,1,-1,1,1,-1,-1,-1,1,1,0,1,1,-1,1,0,1,-1,-1,-1,1,1,-1,-1,1,1,1,1",,,3,0,0,0,0
"-1,1,1,-1,1,-1,-1,1,1,1,1,-1,-1,0,-1,1,-1,-1,0,1,1,1,1,1,1,-1,-1,1,-1,1,1",,,3,0,0,0,0
"-1,-1,1,1,1,-1,-1,0,1,1,1,1,-1,-1,0,-1,1,1,0,1,1,1,1,1,1,1,-1,-1,0,1,-1",,,3,0,0,0,0
"1,-1,-1,1,-1,1,1,1,-1,1,1,-1,1,1,-1,-1,1,-1,1,1,1,1,1,1,-1,-1,-1,1,1,1,1",,,3,0,0,0,0
"1,-1,1,1,1,-1,1,1,-1,1,1,1,1,0,0,1,1,1,0,1,1,1,1,1,1,-1,-1,1,0,1,1",,,3,0,0,0,0
"1,-1,1,1,1,-1,0,-1,-1,1,1,1,1,0,0,-1,1,1,0,1,1,1,1,1,1,1,-1,1,0,1,-1",,,3,0,0,0,0
"1,-1,1,1,1,-1,1,1,-1,1,1,1,1,0,0,-1,1,1,0,1,1,1,1,-1,1,-1,-1,1,0,1,1",,,3,0,0,0,0
"1,-1,1,1,1,-1,0,0,1,1,1,1,1,0,-1,-1,1,1,0,1,1,1,1,1,1,1,-1,1,0,1,-1",,,3,0,0,0,0
"-1,1,-1,-1,-1,-1,1,0,-1,1,1,-1,1,-1,1,-1,1,-1,1,1,1,1,1,1,-1,0,1,1,1,1,-1",,,3,0,0,0,0
"-1,-1,1,-1,1,-1,1,-1,1,1,1,1,-1,0,-1,-1,1,1,0,1,1,1,1,1,1,1,-1,-1,1,1,-1",,,3,0,0,0,0
"-1,-1,-1,-1,-1,-1,1,1,-1,1,1,-1,1,1,0,-1,-1,-1,1,1,1,1,1,-1,-1,-1,-1,1,-1,1,1",,,3,0,0,0,0
"-1,-1,1,1,1,-1,0,-1,-1,1,1,1,-1,-1,0,-1,1,1,0,1,1,1,1,1,1,1,-1,1,0,1,-1",,,3,0,0,0,0
"-1,-1,-1,-1,1,-1,0,0,-1,1,1,-1,1,0,-1,-1,-1,-1,0,1,1,1,1,1,1,1,-1,1,1,1,-1",,,3,0,0,0,0
"-1,1,-1,1,-1,-1,1,-1,-1,1,1,-1,1,-1,-1,-1,1,-1,1,1,1,1,1,1,-1,1,1,1,1,1,-1",,,3,0,0,0,0
"1,1,1,1,1,-1,1,1,-1,1,1,1,1,1,0,1,1,1,0,1,1,1,1,1,1,-1,1,1,0,1,1",,,3,0,0,0,0
"1,-1,1,1,1,1,1,-1,-1,1,1,1,1,0,0,-1,1,1,0,1,1,1,1,1,1,0,-1,1,0,1,1",,,3,0,0,0,0
"-1,-1,-1,1,-1,1,1,1,-1,1,1,-1,1,1,0,-1,1,-1,1,1,1,1,1,1,-1,0,-1,1,1,1,1",,,3,0,0,0,0
"-1,-1,-1,-1,-1,-1,1,1,-1,1,1,-1,-1,1,-1,-1,1,-1,1,1,1,1,1,-1,-1,0,-1,1,1,1,1",,,3,0,0,0,0
"-1,-1,-1,1,1,-1,-1,0,1,1,1,1,-1,-1,0,-1,1,1,0,1,1,1,1,1,1,0,-1,1,0,-1,-1",,,3,0,0,0,0
"-1,-1,1,1,1,-1,1,0,-1,-1,1,1,1,-1,1,-1,1,1,0,1,1,-1,1,1,1,0,-1,1,1,1,-1",,,3,0,0,0,0
"-1,-1,-1,1,-1,-1,1,1,-1,1,1,-1,1,0,0,0,1,-1,1,1,1,1,1,1,-1,-1,-1,1,1,1,1",,,3,0,0,0,0
"-1,-1,1,-1,1,-1,-1,-1,-1,-1,-1,1,-1,-1,0,-1,-1,1,0,1,1,-1,1,1,1,1,-1,-1,0,1,-1",,,3,0,0,0,0
"1,-1,1,1,1,-1,-1,0,-1,1,1,1,1,-1,-1,-1,1,1,0,1,1,1,1,1,1,1,-1,1,0,1,-1",,,3,0,0,0,0
"-1,-1,1,1,1,-1,-1,-1,-1,1,1,1,-1,-1,-1,-1,1,1,0,1,1,1,1,1,1,1,-1,1,1,1,-1",,,3,0,0,0,0
"1,-1,1,1,1,-1,1,0,-1,1,1,1,1,-1,1,-1,1,1,0,1,1,1,1,1,1,0,-1,1,0,1,-1",,,3,0,0,0,0
"-1,-1,1,1,1,-1,1,1,-1,1,1,1,-1,0,-1,0,1,1,0,1,1,1,1,1,1,0,-1,1,1,1,1",,,3,0,0,0,0
"1,-1,1,1,1,-1,-1,1,-1,1,1,1,-1,0,0,1,1,1,0,1,1,1,1,-1,1,0,-1,1,0,1,1",,,3,0,0,0,0
"-1,-1,1,-1,1,1,1,1,-1,-1,-1,1,1,0,-1,-1,-1,1,0,-1,-1,-1,-1,1,1,1,-1,1,1,1,1",,,3,0,0,0,0
"1,-1,1,1,1,1,1,1,-1,1,1,1,1,1,1,-1,1,1,0,1,1,1,1,1,1,1,-1,1,0,-1,1",,,3,0,0,0,0
"1,1,1,1,1,-1,1,1,-1,1,1,1,1,1,0,1,1,1,0,1,1,1,1,-1,1,0,1,-1,0,1,1",,,3,0,0,0,0
"-1,-1,1,1,-1,-1,1,0,-1,1,1,-1,-1,0,-1,-1,1,1,1,1,1,1,1,1,1,1,-1,1,0,1,-1",,,3,0,0,0,0
"1,-1,1,1,1,-1,1,-1,-1,1,1,1,1,0,0,-1,1,1,0,1,1,1,1,-1,1,0,-1,1,0,1,1",,,3,0,0,0,0
"-1,-1,1,1,1,-1,-1,-1,-1,1,1,1,1,-1,-1,-1,1,1,0,1,1,1,1,1,1,0,-1,1,0,1,-1",,,3,0,0,0,0
"-1,1,1,1,1,-1,-1,1,-1,1,1,1,-1,1,0,-1,1,1,0,1,1,1,1,-1,1,-1,1,1,1,1,1",,,3,0,0,0,0
"1,-1,1,1,1,-1,1,1,1,1,1,1,-1,0,1,0,1,1,0,1,1,1,1,-1,1,0,-1,1,0,1,1",,,3,0,0,0,0
"1,1,1,1,1,-1,-1,0,-1,1,1,1,1,-1,-1,-1,1,1,0,1,1,1,1,1,1,0,1,-1,0,1,-1",,,3,0,0,0,0
"-1,-1,1,1,1,-1,-1,-1,-1,1,1,1,1,-1,0,-1,1,1,0,1,1,1,1,1,1,1,-1,1,1,-1,-1",,,3,0,0,0,0
"-1,-1,1,1,1,-1,1,1,1,1,1,1,-1,0,1,1,1,1,0,1,1,1,1,-1,1,0,-1,1,1,1,1",,,3,0,0,0,0
"-1,-1,1,1,1,-1,-1,-1,-1,1,1,1,-1,-1,-1,-1,1,1,0,1,1,1,1,1,1,1,-1,-1,0,-1,-1",,,3,0,0,0,0
"1,-1,1,1,1,-1,-1,0,-1,1,1,1,1,-1,0,-1,1,1,0,1,1,1,1,1,1,0,-1,-1,-1,-1,-1",,,3,0,0,0,0
"-1,-1,1,-1,1,1,1,1,1,-1,-1,1,-1,1,-1,-1,-1,1,0,-1,-1,-1,-1,-1,1,1,-1,1,1,1,1",,,3,0,0,0,0
"1,-1,1,1,1,-1,1,1,-1,1,1,1,-1,0,-1,1,1,1,0,1,1,1,1,1,1,1,-1,1,0,1,1",,,3,0,0,0,0
"-1,1,1,1,1,-1,-1,-1,-1,1,1,1,1,-1,0,0,1,1,0,1,1,1,1,1,1,0,1,-1,0,-1,-1",,,3,0,0,0,0
"-1,-1,1,1,1,-1,-1,-1,-1,1,1,1,1,-1,-1,-1,1,1,0,1,1,1,1,1,1,1,-1,-1,1,1,-1",,,3,0,0,0,0
"1,-1,1,1,1,-1,1,1,1,1,1,1,-1,0,1,-1,1,1,0,1,1,1,1,-1,1,1,-1,1,0,1,1",,,3,0,0,0,0
"-1,-1,1,1,1,-1,1,1,-1,1,1,1,1,0,0,0,1,1,0,1,1,1,1,1,1,1,-1,1,0,1,1",,,3,0,0,0,0
"1,-1,1,1,-1,-1,0,-1,-1,1,1,1,1,0,0,-1,-1,1,1,1,1,1,1,1,1,1,-1,-1,0,1,-1",,,3,0,0,0,0
"-1,1,1,1,1,-1,1,1,-1,1,1,1,1,1,1,1,1,1,0,1,1,1,1,1,1,-1,1,1,0,1,1",,,3,0,0,0,0
"1,-1,1,1,1,-1,1,1,-1,1,1,1,1,0,0,1,1,1,0,1,1,1,1,-1,1,1,-1,-1,0,1,1",,,3,0,0,0,0
"-1,-1,1,1,1,-1,1,1,-1,1,1,1,1,1,1,1,1,1,0,1,1,1,1,1,1,1,-1,-1,1,1,1",,,3,0,0,0,0
"1,-1,1,1,1,-1,-1,-1,1,1,1,1,-1,-1,0,-1,1,1,0,1,1,1,1,1,1,1,-1,-1,0,-1,-1",,,3,0,0,0,0
"1,-1,-1,1,-1,-1,-1,-1,1,1,1,-1,-1,-1,1,-1,1,-1,1,1,1,1,1,1,-1,0,-1,-1,0,1,-1",,,3,0,0,0,0
"-1,-1,1,-1,1,-1,1,1,1,-1,-1,1,-1,0,1,-1,-1,1,0,-1,1,-1,-1,1,1,1,-1,-1,1,1,-1",,,3,0,0,0,0
"-1,1,-1,1,1,-1,0,-1,1,1,1,1,-1,-1,-1,-1,1,1,0,1,1,1,1,1,1,1,-1,1,1,1,-1",,,3,0,0,0,0
"-1,-1,1,1,1,-1,0,-1,1,1,1,1,-1,-1,-1,-1,1,1,0,1,1,1,1,1,1,1,-1,1,0,1,-1",,,3,0,0,0,0
"-1,-1,1,1,1,-1,-1,-1,1,1,1,1,-1,-1,0,-1,1,1,0,1,1,1,1,1,1,1,-1,-1,0,-1,-1",,,3,0,0,0,0
"1,-1,1,-1,1,-1,1,1,-1,-1,-1,1,1,0,-1,0,-1,1,0,1,-1,-1,-1,1,1,1,-1,1,0,1,1",,,3,0,0,0,0
"-1,-1,1,1,1,-1,-1,-1,-1,1,1,1,-1,-1,-1,1,1,1,0,1,1,1,1,1,1,1,-1,-1,0,-1,-1",,,3,0,0,0,0
"-1,0,1,1,1,-1,0,1,-1,-1,1,-1,-1,-1,-1,-1,1,1,0,-1,1,-1,-1,1,1,1,-1,1,0,-1,-1",,,3,0,0,0,0
"-1,-1,1,1,1,-1,1,1,1,1,1,1,-1,0,-1,0,1,1,0,1,1,1,1,1,1,0,-1,1,1,1,1",,,3,0,0,0,0
"1,-1,1,1,1,1,1,1,-1,-1,1,1,1,1,0,-1,1,1,0,1,1,-1,1,1,1,-1,-1,-1,0,1,1",,,3,0,0,0,0
"-1,-1,1,1,1,-1,-1,-1,-1,1,1,1,1,-1,-1,-1,1,1,0,1,1,1,1,1,1,1,-1,1,1,-1,-1",,,3,0,0,0,0
"1,-1,1,1,1,-1,0,0,-1,-1,1,1,1,-1,0,-1,1,1,0,-1,1,-1,1,1,1,1,-1,1,0,1,-1",,,3,0,0,0,0
"1,-1,1,1,1,-1,1,1,1,1,1,1,1,1,0,0,1,1,0,1,1,1,1,1,1,1,-1,1,0,1,1",,,3,0,0,0,0
"-1,-1,1,1,1,-1,-1,1,1,1,1,1,-1,-1,-1,-1,1,1,0,1,1,1,1,1,1,1,-1,1,1,1,-1",,,3,0,0,0,0
"1,-1,1,-1,1,-1,-1,-1,1,1,1,1,-1,-1,0,-1,1,1,0,1,1,1,1,1,1,1,-1,1,0,-1,-1",,,3,0,0,0,0
"-1,-1,1,-1,1,-1,-1,-1,1,1,1,-1,-1,-1,-1,-1,1,1,0,1,1,1,1,1,1,1,-1,1,1,1,-1",,,3,0,0,0,0
"-1,-1,1,-1,1,-1,-1,-1,1,-1,-1,1,-1,-1,0,-1,-1,1,0,1,1,-1,1,1,1,1,-1,1,0,1,-1",,,3,0,0,0,0
"-1,1,1,-1,-1,-1,1,-1,-1,-1,-1,1,1,-1,-1,1,-1,-1,1,-1,1,-1,1,1,1,1,1,1,-1,1,-1",,,3,0,0,0,0
"1,-1,1,1,1,-1,1,1,-1,1,1,1,1,0,1,0,1,1,0,1,1,1,1,1,1,0,-1,1,0,1,1",,,3,0,0,0,0
"-1,-1,1,1,1,-1,1,1,-1,1,1,1,1,0,1,-1,1,1,0,1,1,1,1,1,1,0,-1,1,1,1,1",,,3,0,0,0,0
"-1,1,-1,-1,-1,-1,1,-1,-1,1,1,-1,1,-1,1,-1,1,-1,1,-1,1,-1,1,1,-1,1,1,1,0,-1,-1",,,3,0,0,0,0
"1,-1,1,1,1,-1,1,1,-1,1,1,1,-1,1,1,-1,1,1,0,1,1,1,1,1,1,-1,-1,1,0,1,1",,,3,0,0,0,0
"-1,-1,-1,1,-1,-1,1,1,-1,1,1,-1,1,0,-1,1,1,-1,1,1,1,1,1,1,-1,-1,-1,1,1,1,1",,,3,0,0,0,0
"1,-1,1,-1,1,-1,-1,-1,1,1,1,1,-1,-1,-1,-1,1,1,0,1,1,1,1,1,1,1,-1,-1,0,-1,-1",,,3,0,0,0,0
"1,-1,1,1,-1,-1,-1,0,1,1,1,1,-1,0,-1,-1,1,1,1,1,1,1,1,1,1,1,-1,-1,1,1,-1",,,3,0,0,0,0
"-1,-1,1,1,1,-1,-1,-1,1,1,1,1,1,0,-1,-1,1,1,0,1,1,1,1,1,1,1,-1,-1,0,1,-1",,,3,0,0,0,0
"1,-1,1,1,1,-1,1,1,-1,1,1,1,1,0,-1,1,1,1,0,1,1,1,1,-1,1,0,-1,1,0,1,1",,,3,0,0,0,0
"1,-1,1,1,1,-1,1,1,-1,1,1,1,-1,0,-1,1,1,1,0,1,1,1,1,-1,1,0,-1,1,0,1,1",,,3,0,0,0,0
"-1,-1,-1,1,-1,1,1,1,-1,1,1,-1,1,1,1,-1,1,-1,1,1,1,1,1,1,-1,0,-1,1,1,1,1",,,3,0,0,0,0
"-1,-1,1,-1,1,-1,-1,-1,1,-1,-1,1,-1,-1,0,-1,-1,1,0,1,1,-1,1,1,1,1,-1,-1,0,1,-1",,,3,0,0,0,0
"-1,1,1,-1,1,-1,0,0,-1,-1,-1,1,1,-1,0,-1,-1,1,0,1,1,1,1,1,1,1,1,1,1,1,-1",,,3,0,0,0,0
"-1,0,-1,-1,-1,-1,1,1,-1,1,1,-1,1,0,0,0,-1,-1,0,1,1,1,1,1,-1,1,-1,1,-1,1,1",,,3,0,0,0,0
"-1,-1,1,1,1,-1,1,-1,-1,1,1,1,1,-1,0,-1,1,1,0,1,1,1,1,1,1,1,-1,-1,0,1,-1",,,3,0,0,0,0
"-1,-1,1,1,1,-1,0,1,-1,1,1,1,1,0,0,-1,1,1,0,1,1,1,1,1,1,1,-1,1,-1,1,-1",,,3,0,0,0,0
"-1,-1,1,-1,1,-1,1,0,1,-1,-1,1,-1,-1,-1,-1,-1,1,0,-1,1,-1,1,1,1,1,-1,1,1,1,-1",,,3,0,0,0,0
"1,-1,1,-1,1,-1,-1,-1,1,-1,-1,1,-1,-1,0,1,-1,1,0,-1,1,-1,-1,1,1,-1,-1,1,0,1,-1",,,3,0,0,0,0
"-1,-1,1,1,1,-1,1,-1,1,1,1,1,-1,0,0,-1,1,1,0,1,1,1,1,1,1,-1,-1,1,1,1,-1",,,3,0,0,0,0
"-1,-1,1,-1,1,-1,1,1,-1,-1,1,-1,1,0,-1,1,-1,-1,0,-1,1,-1,-1,1,1,-1,-1,1,0,1,1",,,3,0,0,0,0
"-1,-1,1,1,1,-1,1,1,1,1,1,1,-1,0,-1,-1,1,1,0,1,1,1,1,1,1,-1,-1,1,1,1,-1",,,3,0,0,0,0
"-1,1,1,1,1,-1,0,-1,1,1,1,1,-1,-1,0,-1,1,1,0,1,1,1,1,1,1,-1,1,1,1,1,-1",,,3,0,0,0,0
"1,1,1,1,1,1,1,1,-1,1,1,1,1,0,0,1,1,1,0,1,1,1,1,1,1,-1,1,-1,0,1,1",,,3,0,0,0,0
"1,-1,1,1,1,-1,1,1,-1,1,1,1,1,0,1,0,-1,1,0,1,1,1,1,1,1,-1,-1,1,-1,1,1",,,3,0,0,0,0
"-1,-1,1,1,1,-1,0,1,-1,1,1,1,1,0,-1,-1,1,1,0,1,1,1,1,1,1,-1,-1,-1,1,1,1",,,3,0,0,0,0
"1,-1,1,1,1,-1,1,1,-1,1,1,1,1,0,-1,-1,1,1,0,1,1,1,1,1,1,-1,-1,1,0,1,-1",,,3,0,0,0,0
"-1,-1,1,1,1,-1,1,1,1,1,1,1,-1,1,1,1,1,1,0,1,1,1,1,1,1,-1,-1,-1,0,1,1",,,3,0,0,0,0
"-1,1,1,1,1,-1,1,0,-1,1,1,1,1,-1,0,-1,1,1,0,1,1,1,1,1,1,0,1,1,1,-1,-1",,,3,0,0,0,0
"1,0,1,1,1,-1,0,-1,1,-1,1,1,-1,-1,0,1,1,1,0,-1,1,-1,1,1,1,1,-1,1,0,1,-1",,,3,0,0,0,0
"-1,-1,-1,1,-1,-1,-1,0,-1,1,1,-1,-1,-1,-1,-1,1,1,1,-1,1,-1,1,1,-1,0,-1,1,0,1,-1",,,3,0,0,0,0
"1,1,1,1,1,-1,1,-1,-1,1,1,1,1,0,0,-1,1,1,0,1,1,1,1,-1,1,0,1,1,0,1,1",,,3,0,0,0,0
"1,-1,1,1,1,1,-1,1,1,1,1,1,-1,0,0,1,1,1,0,1,1,1,1,1,1,1,-1,1,0,1,1",,,3,0,0,0,0
"1,-1,1,1,1,-1,0,-1,1,1,1,1,-1,-1,0,-1,1,1,0,1,1,1,1,1,1,0,-1,1,1,1,-1",,,3,0,0,0,0
"1,-1,1,1,1,-1,-1,1,1,1,1,1,-1,0,-1,0,1,1,0,1,1,1,1,1,1,1,-1,1,0,1,1",,,3,0,0,0,0
"1,-1,-1,1,-1,-1,-1,-1,1,1,1,-1,-1,-1,-1,-1,1,-1,1,1,1,1,1,1,-1,1,-1,-1,0,1,-1",,,3,0,0,0,0
"-1,-1,-1,1,-1,-1,1,-1,-1,1,1,-1,1,0,0,1,1,-1,1,1,1,1,1,1,-1,1,-1,1,1,1,1",,,3,0,0,0,0
"1,-1,1,1,1,-1,1,0,1,1,1,1,-1,-1,-1,-1,1,1,0,1,1,1,1,1,1,0,-1,1,1,1,-1",,,3,0,0,0,0
"-1,-1,1,1,1,-1,-1,-1,1,1,1,1,-1,-1,-1,-1,1,1,0,1,1,1,1,1,1,1,-1,1,0,1,-1",,,3,0,0,0,0
"1,-1,1,1,1,-1,1,1,1,1,1,1,-1,1,0,1,1,1,0,1,1,1,1,1,1,1,-1,1,0,1,1",,,3,0,0,0,0
"-1,1,1,-1,1,-1,0,-1,1,1,1,1,1,-1,-1,-1,1,1,0,1,1,1,1,1,1,1,1,1,0,1,-1",,,3,0,0,0,0
"-1,-1,1,1,1,-1,-1,1,1,1,1,1,-1,1,1,1,1,1,0,1,1,1,1,1,1,1,-1,1,1,1,1",,,3,0,0,0,0
"1,-1,1,1,1,-1,0,1,-1,1,1,1,1,1,0,-1,1,1,0,1,1,1,1,-1,1,-1,-1,1,0,1,1",,,3,0,0,0,0
"-1,-1,-1,1,-1,-1,-1,0,1,1,1,-1,-1,-1,1,-1,1,1,1,-1,1,-1,1,1,-1,0,-1,1,0,1,-1",,,3,0,0,0,0
"-1,1,1,1,1,-1,-1,0,-1,1,1,1,1,-1,-1,-1,1,1,0,1,1,1,1,1,1,0,1,1,-1,-1,-1",,,3,0,0,0,0
"-1,-1,1,1,1,-1,0,1,-1,1,1,1,1,0,0,-1,1,1,0,1,1,1,1,-1,1,1,-1,1,0,1,1",,,3,0,0,0,0
"1,1,1,1,1,-1,0,-1,1,1,1,1,-1,0,-1,-1,1,1,0,1,1,1,1,-1,1,0,1,1,0,1,-1",,,3,0,0,0,0
"1,-1,1,-1,1,-1,0,-1,-1,-1,-1,1,-1,-1,-1,-1,-1,1,0,-1,-1,-1,-1,-1,1,1,-1,1,0,1,-1",,,3,0,0,0,0
"1,-1,1,1,1,-1,-1,-1,-1,1,1,1,-1,-1,-1,-1,1,1,0,1,1,1,1,-1,1,1,-1,1,0,-1,-1",,,3,0,0,0,0
"-1,-1,1,1,1,-1,1,-1,-1,1,1,1,-1,0,0,0,1,1,0,1,1,1,1,1,1,0,-1,1,1,1,1",,,3,0,0,0,0
"1,1,1,-1,1,-1,1,1,-1,-1,-1,1,1,1,0,1,-1,1,0,1,1,-1,1,1,1,1,1,1,1,1,1",,,3,0,0,0,0
"1,-1,1,1,1,-1,1,1,-1,1,1,1,1,1,0,1,1,1,0,1,1,1,1,1,1,-1,-1,-1,0,1,1",,,3,0,0,0,0
"-1,1,-1,-1,-1,-1,1,1,-1,1,1,-1,1,0,-1,-1,1,-1,1,1,1,1,1,1,-1,1,1,1,1,1,1",,,3,0,0,0,0
"1,-1,1,1,1,-1,0,-1,1,1,1,1,1,0,-1,-1,1,1,0,1,1,1,1,1,1,0,-1,1,0,-1,-1",,,3,0,0,0,0
"-1,0,-1,-1,1,-1,-1,-1,1,1,1,1,-1,-1,-1,-1,-1,-1,0,1,1,1,1,1,1,1,-1,1,0,1,-1",,,3,0,0,0,0
"-1,-1,1,1,1,-1,-1,-1,-1,1,1,1,1,-1,1,0,1,1,0,1,1,1,1,1,1,0,-1,1,1,1,-1",,,3,0,0,0,0
"-1,-1,1,1,1,-1,1,1,-1,-1,-1,1,-1,1,1,-1,-1,1,0,1,1,-1,1,-1,1,1,-1,1,1,1,1",,,3,0,0,0,0
"-1,-1,1,1,1,-1,1,1,-1,1,1,1,1,0,-1,0,1,1,0,1,1,1,1,1,1,-1,-1,1,1,1,1",,,3,0,0,0,0
"1,-1,1,1,1,1,1,1,-1,1,1,1,-1,0,1,-1,1,1,0,1,1,1,1,1,1,-1,-1,1,0,1,1",,,3,0,0,0,0
"-1,-1,1,1,1,-1,1,-1,1,1,1,1,1,0,0,1,1,1,0,1,1,1,1,1,1,0,-1,1,1,1,1",,,3,0,0,0,0
"1,1,-1,-1,-1,1,1,-1,-1,1,1,-1,1,1,1,-1,1,-1,1,1,1,1,1,1,-1,0,1,-1,1,1,1",,,3,0,0,0,0
"-1,-1,1,1,1,-1,-1,0,1,1,1,1,-1,-1,-1,-1,1,1,0,1,1,1,1,1,1,0,-1,1,1,1,-1",,,3,0,0,0,0
"-1,-1,1,1,1,-1,1,1,-1,1,1,1,1,0,1,-1,1,1,0,1,1,1,1,-1,1,0,-1,1,1,1,1",,,3,0,0,0,0
"-1,1,1,1,1,-1,0,-1,1,1,1,1,-1,0,-1,-1,1,1,0,1,1,1,1,1,1,0,1,1,0,1,-1",,,3,0,0,0,0
"1,-1,1,1,1,1,1,1,-1,1,1,1,1,1,1,-1,1,1,0,1,1,1,1,1,1,-1,-1,1,0,1,1",,,3,0,0,0,0
"1,-1,1,1,1,-1,1,1,-1,1,1,1,1,1,0,0,1,1,0,1,1,1,1,-1,1,0,-1,1,0,1,1",,,3,0,0,0,0
"-1,-1,1,1,1,-1,-1,0,-1,1,1,1,1,-1,-1,-1,1,1,0,1,1,1,1,1,1,0,-1,1,0,1,-1",,,3,0,0,0,0
"1,-1,1,1,1,-1,-1,0,1,1,1,1,-1,-1,-1,-1,1,1,0,1,1,1,1,1,1,0,-1,-1,0,1,-1",,,3,0,0,0,0
"-1,-1,1,1,1,-1,-1,1,1,1,1,1,-1,1,-1,-1,1,1,0,1,1,1,1,1,1,-1,-1,1,1,1,1",,,3,0,0,0,0
"-1,-1,1,1,1,-1,0,-1,1,1,1,1,1,0,-1,-1,1,1,0,1,1,1,1,1,1,1,-1,1,1,1,-1",,,3,0,0,0,0
"1,0,1,1,1,-1,0,-1,1,1,1,-1,-1,0,-1,-1,1,1,0,1,1,1,1,1,1,1,-1,-1,0,-1,-1",,,3,0,0,0,0
"-1,-1,1,-1,1,-1,-1,0,1,-1,-1,1,-1,-1,1,-1,-1,1,0,1,1,-1,1,1,1,1,-1,1,0,-1,-1",,,3,0,0,0,0
"-1,-1,1,1,1,-1,1,1,-1,1,1,1,-1,0,1,1,1,1,0,1,1,1,1,-1,1,0,-1,1,1,1,1",,,3,0,0,0,0
"-1,-1,1,1,1,-1,-1,1,1,1,1,1,-1,0,0,1,1,1,0,1,1,1,1,1,1,1,-1,1,0,-1,1",,,3,0,0,0,0
"-1,1,1,-1,1,-1,0,1,-1,-1,1,1,1,0,1,-1,1,-1,0,-1,1,-1,1,1,1,1,1,1,-1,1,-1",,,3,0,0,0,0
"-1,-1,1,1,1,-1,0,1,-1,1,1,1,1,0,0,-1,1,1,0,1,1,1,1,1,1,0,-1,1,1,1,-1",,,3,0,0,0,0
"1,-1,1,1,1,-1,0,1,-1,1,1,1,1,0,0,-1,1,1,0,1,1,1,1,1,1,-1,-1,1,0,1,1",,,3,0,0,0,0
"1,-1,-1,-1,-1,-1,-1,0,-1,1,1,-1,-1,-1,-1,0,1,-1,1,1,1,1,1,1,-1,1,-1,1,0,1,-1",,,3,0,0,0,0
"-1,1,-1,1,-1,-1,1,1,-1,1,1,-1,1,1,-1,1,1,1,1,1,1,1,1,1,-1,-1,1,1,-1,1,1",,,3,0,0,0,0
"-1,-1,1,-1,1,-1,-1,0,1,1,1,1,-1,-1,0,-1,1,1,0,1,1,1,1,1,1,1,-1,-1,0,1,-1",,,3,0,0,0,0
"1,1,1,1,1,-1,1,1,-1,1,1,1,1,0,1,-1,1,1,0,1,1,1,1,1,1,0,1,1,0,1,1",,,3,0,0,0,0
"-1,-1,1,-1,1,-1,0,0,1,-1,-1,1,1,-1,0,-1,-1,1,0,1,1,-1,1,1,1,0,-1,1,0,1,-1",,,3,0,0,0,0
"-1,-1,-1,1,-1,1,1,1,-1,1,1,-1,1,1,0,1,1,-1,1,1,1,1,1,1,-1,1,-1,1,1,1,1",,,3,0,0,0,0
"-1,-1,1,-1,1,-1,1,-1,-1,1,1,1,1,-1,-1,-1,1,1,0,1,1,1,1,1,1,1,-1,1,0,1,-1",,,3,0,0,0,0
"1,-1,1,-1,1,-1,1,-1,-1,-1,-1,1,1,-1,0,-1,-1,1,0,1,1,1,1,1,1,1,-1,-1,0,1,-1",,,3,0,0,0,0
"-1,-1,1,1,1,-1,0,-1,-1,1,1,1,1,0,0,-1,1,1,0,1,1,1,1,1,1,1,-1,1,1,1,-1",,,3,0,0,0,0
"-1,-1,1,1,1,-1,0,0,-1,1,1,1,1,-1,-1,0,1,1,0,1,1,1,1,1,1,0,-1,1,0,1,-1",,,3,0,0,0,0
"-1,-1,1,1,1,-1,0,1,1,1,1,1,-1,0,0,1,1,1,0,1,1,1,1,1,1,0,-1,-1,1,1,1",,,3,0,0,0,0
"-1,-1,1,1,1,-1,-1,0,-1,1,1,1,1,-1,-1,-1,1,1,0,1,1,1,1,1,1,0,-1,1,1,1,-1",,,3,0,0,0,0
"1,-1,1,1,1,-1,1,1,-1,1,1,1,1,1,1,1,1,1,0,1,1,1,1,1,1,-1,-1,1,0,-1,1",,,3,0,0,0,0
"1,-1,1,1,1,1,0,1,-1,1,1,1,1,1,-1,1,1,1,0,1,1,1,1,1,1,1,-1,1,0,1,1",,,3,0,0,0,0
"1,-1,1,1,1,-1,1,0,1,1,1,1,-1,-1,0,-1,1,1,0,1,1,1,1,1,1,0,-1,1,0,1,-1",,,3,0,0,0,0
"-1,-1,1,-1,1,-1,0,-1,1,-1,-1,1,1,-1,0,-1,-1,1,0,1,1,-1,1,1,1,1,-1,1,0,-1,-1",,,3,0,0,0,0
"-1,1,1,1,1,-1,1,-1,1,1,1,1,1,0,0,-1,1,1,0,1,1,1,1,1,1,1,1,-1,1,1,-1",,,3,0,0,0,0
"-1,-1,-1,-1,-1,-1,1,1,-1,1,1,-1,1,0,-1,1,-1,-1,0,1,1,1,1,1,-1,1,-1,1,-1,1,1",,,3,0,0,0,0
"1,-1,1,1,1,1,1,1,-1,1,1,1,1,1,1,-1,1,1,0,1,1,1,1,1,1,0,-1,1,0,1,1",,,3,0,0,0,0
"1,-1,1,1,1,-1,1,1,-1,-1,-1,1,1,1,-1,1,-1,1,0,-1,1,-1,1,1,1,1,-1,1,0,1,1",,,3,0,0,0,0
"-1,-1,1,1,1,-1,0,1,1,1,1,1,-1,0,-1,-1,1,1,0,1,1,1,1,1,1,0,-1,-1,0,1,-1",,,3,0,0,0,0
"1,-1,1,1,1,-1,0,-1,-1,1,1,1,1,0,-1,1,1,1,0,1,1,1,1,1,1,1,-1,1,0,1,-1",,,3,0,0,0,0
"1,-1,1,1,1,-1,0,-1,-1,1,1,1,1,-1,-1,-1,1,1,0,1,1,1,1,1,1,0,-1,1,0,1,-1",,,3,0,0,0,0
"1,-1,1,-1,1,-1,1,1,-1,-1,-1,1,1,1,-1,1,-1,1,0,-1,1,-1,-1,1,1,-1,-1,1,0,1,1",,,3,0,0,0,0
"-1,1,1,1,1,-1,-1,0,-1,1,1,1,1,-1,0,-1,1,1,0,1,1,1,1,1,1,1,1,1,0,1,-1",,,3,0,0,0,0
"1,-1,1,-1,1,1,1,1,-1,-1,-1,1,-1,1,-1,-1,-1,1,0,1,1,-1,1,1,1,-1,-1,1,0,1,1",,,3,0,0,0,0
"-1,-1,-1,-1,-1,1,1,1,-1,1,1,-1,1,1,1,-1,-1,-1,0,1,1,1,1,1,-1,-1,-1,1,0,1,1",,,3,0,0,0,0
"1,-1,1,1,1,-1,1,-1,-1,1,1,1,1,1,0,-1,1,1,0,1,1,1,1,-1,1,0,-1,1,0,1,1",,,3,0,0,0,0
"-1,-1,1,1,1,-1,1,-1,1,1,1,1,-1,0,-1,-1,1,1,0,1,1,1,1,1,1,0,-1,1,1,1,1",,,3,0,0,0,0
"-1,-1,1,1,1,-1,-1,0,-1,1,1,1,-1,-1,-1,0,-1,1,0,1,1,1,1,1,1,1,-1,1,0,1,-1",,,3,0,0,0,0
"1,-1,1,1,1,-1,1,1,1,1,1,1,-1,0,0,0,1,1,0,1,1,1,1,-1,1,-1,-1,-1,0,1,1",,,3,0,0,0,0
"1,-1,-1,-1,-1,1,1,1,-1,1,1,-1,-1,0,0,-1,1,-1,0,1,1,1,1,1,-1,-1,-1,1,0,1,1",,,3,0,0,0,0
"-1,1,1,1,1,-1,0,0,-1,1,1,1,1,-1,0,-1,1,1,0,1,1,1,1,1,1,0,1,1,1,1,-1",,,3,0,0,0,0
"-1,-1,1,1,1,-1,1,-1,1,1,1,1,-1,0,0,-1,1,1,0,1,1,1,1,1,1,1,-1,1,0,-1,-1",,,3,0,0,0,0
"-1,-1,1,1,1,-1,0,-1,-1,1,1,1,-1,-1,-1,-1,1,1,0,1,1,1,1,1,1,0,-1,-1,0,-1,-1",,,3,0,0,0,0
"1,1,1,1,1,-1,1,1,-1,1,1,1,1,1,1,1,1,1,0,1,1,1,1,-1,1,0,1,-1,0,1,1",,,3,0,0,0,0
"-1,-1,1,-1,1,-1,0,-1,-1,-1,-1,1,1,0,-1,-1,-1,1,0,1,1,-1,1,1,1,1,-1,1,0,-1,-1",,,3,0,0,0,0
"-1,-1,-1,1,-1,-1,1,1,-1,1,1,-1,1,0,0,-1,1,-1,1,1,1,1,1,1,-1,1,-1,1,1,1,1",,,3,0,0,0,0
"-1,-1,-1,1,-1,-1,1,-1,-1,-1,1,-1,1,-1,-1,-1,1,1,1,-1,1,-1,1,1,-1,1,-1,1,-1,1,-1",,,3,0,0,0,0
"1,1,1,1,1,1,-1,1,-1,1,1,1,1,0,1,-1,1,1,0,1,1,1,1,1,1,1,1,1,1,1,1",,,3,0,0,0,0
"1,-1,1,1,1,-1,-1,0,-1,1,1,1,1,-1,-1,-1,1,1,0,1,1,1,1,1,1,0,-1,-1,0,1,-1",,,3,0,0,0,0
"-1,-1,1,1,1,-1,1,1,1,1,1,1,-1,0,1,0,1,1,0,1,1,1,1,1,1,1,-1,1,1,1,1",,,3,0,0,0,0
"-1,-1,1,1,1,-1,-1,-1,1,1,1,1,-1,-1,1,-1,1,1,0,1,1,1,1,1,1,1,-1,1,1,1,-1",,,3,0,0,0,0
"-1,1,-1,1,-1,-1,1,0,-1,1,1,-1,1,-1,1,0,1,-1,1,1,1,1,1,1,-1,0,1,1,1,1,-1",,,3,0,0,0,0
"-1,1,-1,-1,-1,1,1,1,-1,1,1,-1,-1,0,1,-1,1,-1,1,1,1,1,1,1,-1,1,1,1,1,1,1",,,3,0,0,0,0
"-1,-1,-1,1,-1,1,1,1,-1,1,1,-1,1,0,0,-1,1,-1,1,1,1,1,1,1,-1,1,-1,1,1,1,1",,,3,0,0,0,0
"-1,1,1,1,1,-1,1,1,-1,1,1,1,1,0,0,-1,1,1,0,1,1,1,1,-1,1,1,1,1,0,1,1",,,3,0,0,0,0
"-1,-1,-1,1,-1,-1,1,1,1,1,1,-1,1,0,1,1,1,-1,1,1,1,1,1,1,-1,-1,-1,-1,1,1,1",,,3,0,0,0,0
"-1,-1,1,1,1,-1,0,1,1,1,1,1,1,0,0,-1,1,1,0,1,1,1,1,1,1,1,-1,1,1,1,1",,,3,0,0,0,0
"-1,-1,1,1,1,-1,0,1,1,1,1,1,1,-1,-1,-1,1,1,0,1,1,1,1,1,1,0,-1,1,0,1,-1",,,3,0,0,0,0
"1,-1,1,-1,1,-1,1,0,1,1,-1,1,1,0,-1,-1,-1,-1,0,1,1,1,1,1,1,1,-1,1,1,1,-1",,,3,0,0,0,0
"1,-1,-1,-1,-1,-1,1,1,-1,1,1,-1,1,0,-1,1,-1,-1,0,1,1,1,1,1,-1,1,-1,1,-1,1,1",,,3,0,0,0,0
"1,-1,1,1,1,1,0,-1,-1,1,1,1,1,1,-1,-1,1,1,0,1,1,1,1,-1,1,1,-1,1,0,1,1",,,3,0,0,0,0
"-1,-1,1,1,1,-1,1,1,1,1,1,1,-1,0,1,1,1,1,0,1,1,1,1,1,1,1,-1,1,1,1,1",,,3,0,0,0,0
"1,-1,1,1,1,-1,-1,1,1,1,1,1,-1,-1,-1,-1,1,1,0,1,1,1,1,1,1,1,-1,1,0,1,-1",,,3,0,0,0,0
"-1,-1,1,1,1,-1,-1,-1,-1,1,1,1,1,-1,0,-1,1,1,0,1,1,1,1,-1,1,0,-1,1,1,-1,-1",,,3,0,0,0,0
"-1,-1,1,1,1,-1,1,1,-1,1,1,1,1,0,-1,0,1,1,0,1,1,1,1,1,1,0,-1,1,1,1,1",,,3,0,0,0,0
"-1,1,1,1,1,-1,1,1,-1,-1,1,1,1,0,1,-1,1,1,0,1,1,-1,1,1,1,-1,1,1,1,1,1",,,3,0,0,0,0
"-1,-1,1,1,1,-1,0,-1,1,1,1,1,-1,-1,0,-1,1,1,0,1,1,1,1,-1,1,1,-1,-1,0,1,-1",,,3,0,0,0,0
"-1,-1,1,1,1,-1,0,-1,-1,-1,1,1,1,0,0,1,1,1,0,1,1,-1,1,1,1,1,-1,-1,1,1,-1",,,3,0,0,0,0
"1,1,1,1,1,-1,0,-1,-1,1,1,1,1,-1,-1,-1,1,1,0,1,1,1,1,1,1,1,1,1,0,1,-1",,,3,0,0,0,0
"1,-1,1,1,1,1,1,1,-1,1,1,1,1,0,0,-1,1,1,0,1,1,1,1,-1,1,-1,-1,1,-1,1,1",,,3,0,0,0,0
"-1,-1,1,1,1,-1,-1,1,-1,1,1,1,1,0,0,-1,1,1,0,1,1,1,1,-1,1,-1,-1,1,1,1,1",,,3,0,0,0,0
"1,-1,1,1,1,-1,1,1,-1,1,1,1,1,1,0,1,1,1,0,1,1,1,1,-1,1,0,-1,1,0,1,1",,,3,0,0,0,0
"1,-1,1,1,1,-1,-1,-1,-1,1,1,1,1,-1,0,-1,1,1,0,1,1,1,1,1,1,1,-1,1,0,1,-1",,,3,0,0,0,0
"1,-1,1,1,1,-1,-1,-1,1,1,1,1,-1,-1,-1,-1,1,1,0,1,1,1,1,1,1,-1,-1,1,0,-1,-1",,,3,0,0,0,0
"1,-1,1,1,1,1,-1,1,-1,-1,-1,1,-1,1,0,-1,-1,1,0,1,1,-1,-1,-1,1,-1,-1,1,0,1,1",,,3,0,0,0,0
"-1,-1,1,1,1,-1,0,-1,1,1,1,1,-1,-1,-1,-1,1,1,0,1,1,1,1,1,1,1,-1,1,1,-1,-1",,,3,0,0,0,0
"1,-1,1,1,1,-1,0,-1,1,1,1,1,1,0,-1,-1,1,1,0,1,1,1,1,-1,1,1,-1,-1,0,1,-1",,,3,0,0,0,0
"-1,-1,1,1,1,-1,0,1,-1,-1,1,1,-1,0,0,1,1,1,0,1,1,-1,1,1,1,1,-1,1,1,1,1",,,3,0,0,0,0
"-1,-1,1,1,1,-1,-1,1,-1,1,1,1,-1,0,1,-1,-1,1,0,1,1,1,1,-1,1,0,-1,1,1,1,1",,,3,0,0,0,0
"-1,-1,1,1,1,-1,0,1,-1,1,1,1,1,0,0,-1,1,1,0,1,1,1,1,-1,1,1,-1,1,0,1,-1",,,3,0,0,0,0
"1,-1,1,1,1,-1,0,1,1,1,1,1,1,0,-1,-1,-1,1,0,1,1,1,1,1,1,1,-1,1,1,1,-1",,,3,0,0,0,0
"1,-1,-1,1,-1,-1,1,1,-1,1,1,-1,1,0,1,-1,1,-1,1,1,1,1,1,1,-1,-1,-1,1,1,1,1",,,3,0,0,0,0
"-1,-1,1,1,1,-1,1,1,-1,1,1,1,1,0,0,1,1,1,0,1,1,1,1,1,1,-1,-1,1,1,1,1",,,3,0,0,0,0
"-1,-1,1,1,1,-1,0,-1,1,1,1,1,-1,0,-1,-1,1,1,0,1,1,1,1,1,1,1,-1,-1,0,1,-1",,,3,0,0,0,0
"1,-1,1,1,1,-1,-1,-1,1,1,1,1,-1,-1,-1,0,1,1,0,1,1,1,1,1,1,0,-1,1,0,1,-1",,,3,0,0,0,0
"-1,-1,1,1,1,-1,1,1,1,1,1,1,-1,0,0,0,1,1,0,1,1,1,1,1,1,0,-1,-1,1,1,1",,,3,0,0,0,0
"-1,-1,1,1,1,-1,1,-1,-1,1,1,1,1,0,0,-1,-1,1,0,1,1,1,1,1,1,1,-1,1,0,1,-1",,,3,0,0,0,0
"1,-1,1,1,1,-1,1,-1,1,1,1,1,1,0,0,-1,1,1,0,1,1,1,1,-1,1,1,-1,1,1,1,-1",,,3,0,0,0,0
"-1,-1,1,1,1,-1,0,1,1,-1,1,1,-1,0,0,1,1,1,0,1,1,-1,1,1,1,1,-1,1,1,1,1",,,3,0,0,0,0
"-1,-1,1,1,1,-1,1,-1,-1,-1,1,1,-1,-1,-1,-1,1,1,0,1,1,-1,1,-1,1,1,-1,1,1,-1,-1",,,3,0,0,0,0
"-1,-1,-1,1,-1,1,1,1,-1,1,1,-1,1,0,0,-1,1,-1,1,1,1,1,1,1,-1,-1,-1,1,1,1,1",,,3,0,0,0,0
"-1,1,1,1,1,-1,0,-1,-1,1,1,1,1,-1,0,-1,1,1,0,1,1,1,1,-1,1,0,1,1,1,1,-1",,,3,0,0,0,0
"1,1,1,1,1,-1,1,1,-1,1,1,1,1,0,1,-1,1,1,0,1,1,1,1,1,1,-1,1,1,0,1,1",,,3,0,0,0,0
"1,-1,1,-1,1,-1,0,0,1,-1,-1,1,-1,-1,0,-1,-1,1,0,-1,1,-1,-1,1,1,0,-1,1,0,1,-1",,,3,0,0,0,0
"-1,1,1,1,1,-1,-1,-1,-1,1,1,1,-1,-1,0,-1,1,1,0,1,1,1,1,-1,1,1,1,1,0,1,-1",,,3,0,0,0,0
"-1,-1,1,-1,1,-1,0,-1,1,-1,-1,-1,-1,-1,0,-1,-1,-1,0,-1,1,-1,1,-1,1,0,-1,1,0,1,-1",,,3,0,0,0,0
"-1,1,1,1,1,-1,-1,0,-1,1,1,1,1,-1,0,-1,1,1,0,1,1,1,1,1,1,0,1,1,1,1,-1",,,3,0,0,0,0
"-1,-1,1,1,1,-1,1,-1,-1,1,1,-1,-1,0,-1,-1,1,1,0,1,1,1,1,-1,1,1,-1,1,0,1,-1",,,3,0,0,0,0
"-1,-1,1,-1,1,-1,1,1,1,-1,-1,1,-1,1,1,1,-1,1,0,1,1,-1,1,1,1,-1,-1,-1,1,1,1",,,3,0,0,0,0
"-1,1,1,1,1,-1,0,-1,-1,1,1,1,1,-1,0,-1,1,1,0,1,1,1,1,1,1,0,1,-1,1,1,-1",,,3,0,0,0,0
"-1,-1,1,1,1,-1,1,1,1,1,1,1,1,0,-1,0,1,1,0,1,1,1,1,1,1,-1,-1,1,1,1,1",,,3,0,0,0,0
"1,-1,1,-1,1,-1,-1,0,1,-1,-1,1,-1,0,0,0,-1,1,0,-1,-1,-1,-1,1,1,0,-1,-1,0,1,-1",,,3,0,0,0,0
"1,1,1,1,1,-1,1,1,-1,-1,1,1,1,0,-1,0,1,1,0,-1,1,-1,1,1,1,0,1,1,0,1,1",,,3,0,0,0,0
"-1,-1,-1,-1,-1,-1,1,1,1,1,1,-1,-1,1,-1,-1,1,-1,1,1,1,1,1,1,-1,0,-1,1,1,1,1",,,3,0,0,0,0
"-1,-1,-1,-1,-1,-1,-1,-1,1,-1,-1,-1,-1,-1,-1,-1,-1,-1,1,-1,1,-1,-1,1,-1,0,-1,1,1,1,-1",,,3,0,0,0,0
"1,1,1,1,1,1,1,1,-1,1,1,-1,1,0,0,1,1,1,0,1,1,1,1,1,1,-1,1,1,-1,1,1",,,3,0,0,0,0
"-1,-1,1,1,1,-1,1,1,-1,1,1,1,1,0,-1,1,1,1,0,1,1,1,1,1,1,0,-1,1,1,1,1",,,3,0,0,0,0
"1,-1,1,1,1,-1,0,1,-1,1,1,1,1,1,0,-1,1,1,0,1,1,1,1,1,1,0,-1,1,0,1,1",,,3,0,0,0,0
"1,-1,1,1,1,-1,0,1,-1,-1,1,1,1,0,0,-1,1,1,0,1,1,-1,1,1,1,-1,-1,1,0,1,1",,,3,0,0,0,0
"1,1,1,-1,1,-1,-1,1,1,1,1,-1,-1,0,-1,1,-1,-1,0,1,1,1,1,1,1,-1,-1,1,-1,1,1",,,3,0,0,0,0
"1,-1,1,1,-1,-1,-1,0,-1,1,1,-1,-1,-1,1,-1,1,1,0,1,1,1,1,1,1,1,-1,1,0,1,-1",,,3,0,0,0,0
"1,-1,1,1,1,-1,-1,-1,1,1,1,1,1,0,-1,0,1,1,0,1,1,1,1,1,1,1,-1,-1,0,1,-1",,,3,0,0,0,0
"-1,-1,1,1,1,1,1,1,-1,-1,-1,1,1,0,0,-1,-1,1,0,-1,1,-1,1,1,1,1,-1,1,1,1,1",,,3,0,0,0,0
"-1,0,1,-1,1,-1,1,-1,-1,1,1,-1,1,0,-1,-1,-1,-1,0,1,1,1,1,1,1,1,-1,1,0,1,-1",,,3,0,0,0,0
"-1,1,1,1,1,-1,0,-1,1,1,1,1,-1,-1,-1,-1,1,1,0,1,1,1,1,1,1,1,1,1,1,1,-1",,,3,0,0,0,0
"-1,1,1,1,1,-1,1,1,-1,-1,1,1,1,0,0,-1,1,1,0,-1,1,-1,-1,1,1,0,1,1,1,1,1",,,3,0,0,0,0
"-1,-1,1,1,1,-1,-1,-1,-1,1,1,-1,-1,-1,0,0,1,1,0,1,1,1,1,1,1,1,-1,-1,0,1,-1",,,3,0,0,0,0
"1,-1,1,1,1,-1,0,1,-1,1,1,1,-1,0,-1,-1,1,1,0,1,1,1,1,1,1,1,-1,-1,0,1,-1",,,3,0,0,0,0
"1,-1,1,1,1,1,1,1,-1,1,1,1,1,0,0,1,1,1,0,1,1,1,1,1,1,1,-1,1,0,1,1",,,3,0,0,0,0
"-1,-1,-1,-1,-1,-1,0,1,-1,-1,1,-1,1,-1,1,-1,1,-1,1,1,1,-1,1,1,-1,1,-1,1,1,1,-1",,,3,0,0,0,0
"-1,-1,-1,1,-1,-1,1,1,1,1,1,-1,-1,0,1,1,1,-1,1,1,1,1,1,1,-1,1,-1,1,1,1,1",,,3,0,0,0,0
"-1,-1,1,1,1,-1,1,1,-1,-1,1,1,1,0,-1,0,1,1,0,-1,1,-1,1,1,1,1,-1,1,1,1,1",,,3,0,0,0,0
"-1,-1,1,1,1,-1,0,1,1,1,1,1,-1,0,0,-1,1,1,0,1,1,1,1,1,1,-1,-1,1,1,1,-1",,,3,0,0,0,0
"-1,-1,-1,-1,1,-1,-1,0,-1,1,1,-1,-1,-1,1,-1,-1,-1,0,1,1,1,1,1,-1,-1,-1,1,0,1,-1",,,3,0,0,0,0
"-1,-1,1,1,1,-1,1,1,-1,-1,1,1,1,1,1,-1,1,1,0,1,1,-1,1,1,1,1,-1,1,1,1,1",,,3,0,0,0,0
"-1,-1,-1,1,-1,-1,1,1,-1,1,1,-1,1,0,-1,1,1,-1,1,1,1,1,1,1,-1,1,-1,1,1,1,1",,,3,0,0,0,0
"1,-1,1,1,1,-1,1,1,-1,1,1,1,1,0,0,1,1,1,0,1,1,1,1,-1,1,-1,-1,-1,0,1,1",,,3,0,0,0,0
"1,1,1,1,1,-1,0,1,-1,1,1,1,1,0,-1,-1,-1,1,0,1,1,1,1,1,1,1,1,-1,0,1,1",,,3,0,0,0,0
"-1,1,1,1,1,1,1,1,-1,1,1,1,1,-1,0,-1,1,1,0,1,1,1,1,1,1,-1,1,1,1,1,1",,,3,0,0,0,0
"-1,-1,1,1,1,-1,0,1,-1,1,1,1,1,0,-1,0,1,1,0,1,1,1,1,1,1,1,-1,1,1,1,1",,,3,0,0,0,0
"-1,-1,-1,1,-1,-1,1,1,1,1,1,-1,-1,0,1,-1,1,-1,1,1,1,1,1,1,-1,1,-1,1,1,1,1",,,3,0,0,0,0
"-1,1,1,1,1,-1,1,1,-1,-1,-1,1,1,0,1,0,-1,1,0,1,1,-1,-1,1,1,-1,1,1,1,1,1",,,3,0,0,0,0
"1,1,1,1,1,-1,1,1,-1,1,1,1,1,0,1,-1,1,1,0,1,1,1,1,-1,1,-1,1,1,0,-1,1",,,3,0,0,0,0
"-1,-1,1,1,1,1,1,1,-1,1,1,1,1,1,1,-1,1,1,0,1,1,1,1,1,1,-1,-1,1,1,1,1",,,3,0,0,0,0
"-1,-1,1,1,1,-1,1,-1,1,1,1,1,-1,0,0,-1,1,1,0,1,1,1,1,1,1,1,-1,1,1,1,-1",,,3,0,0,0,0
"1,-1,1,1,1,-1,0,-1,-1,1,1,1,1,-1,0,-1,1,1,0,1,1,1,1,1,1,-1,-1,-1,1,1,-1",,,3,0,0,0,0
"1,1,1,-1,1,-1,0,1,-1,-1,-1,1,1,0,1,-1,-1,1,0,-1,-1,-1,-1,1,1,1,1,1,1,1,1",,,3,0,0,0,0
"-1,-1,1,1,1,-1,0,-1,-1,1,1,1,1,0,-1,-1,1,1,0,1,1,1,1,1,1,-1,-1,1,0,1,-1",,,3,0,0,0,0
"-1,-1,-1,1,-1,-1,1,1,-1,1,1,-1,1,1,1,-1,1,-1,1,1,1,1,1,1,-1,-1,-1,1,1,1,1",,,3,0,0,0,0
"1,-1,1,1,1,-1,1,-1,-1,1,1,1,-1,0,-1,-1,1,1,0,1,1,1,1,1,1,-1,-1,-1,0,1,-1",,,3,0,0,0,0
"-1,-1,1,1,1,-1,1,1,-1,1,1,1,1,0,-1,-1,1,1,0,1,1,1,1,1,1,1,-1,1,0,1,1",,,3,0,0,0,0
"-1,-1,1,1,1,-1,0,-1,-1,1,1,-1,-1,0,-1,-1,1,1,0,1,1,1,1,1,1,1,-1,1,0,1,-1",,,3,0,0,0,0
"1,-1,1,1,1,-1,-1,-1,-1,1,1,1,-1,0,-1,1,1,1,0,1,1,1,1,1,1,-1,-1,1,0,1,-1",,,3,0,0,0,0
"1,-1,1,1,1,-1,0,1,-1,1,1,1,1,0,-1,-1,1,1,0,1,1,1,1,1,1,1,-1,-1,0,1,-1",,,3,0,0,0,0
"-1,1,1,1,1,-1,-1,0,-1,1,1,1,-1,-1,-1,-1,1,1,0,1,1,1,1,1,1,-1,1,-1,1,1,-1",,,3,0,0,0,0
"-1,-1,1,1,1,-1,0,1,-1,1,1,1,1,0,-1,-1,1,1,0,1,1,1,1,1,1,1,-1,1,-1,1,-1",,,3,0,0,0,0
"-1,-1,1,1,1,-1,1,1,1,1,1,1,-1,0,-1,1,1,1,0,1,1,1,1,-1,1,0,-1,1,1,1,1",,,3,0,0,0,0
"1,-1,1,1,1,-1,-1,-1,-1,1,1,1,1,1,-1,-1,1,1,0,1,1,1,1,1,1,1,-1,-1,0,1,-1",,,3,0,0,0,0
"1,-1,1,1,1,-1,-1,-1,-1,1,1,1,-1,-1,0,-1,1,1,0,1,1,1,1,1,1,1,-1,1,0,1,-1",,,3,0,0,0,0
"-1,-1,1,1,1,-1,1,-1,1,1,1,1,-1,0,-1,-1,1,1,0,1,1,1,1,1,1,1,-1,1,0,1,-1",,,3,0,0,0,0
"1,-1,1,1,1,-1,1,1,-1,1,1,1,1,0,-1,0,1,1,0,1,1,1,1,1,1,-1,-1,1,0,1,1",,,3,0,0,0,0
"-1,1,1,1,1,-1,-1,0,1,1,1,1,-1,-1,0,-1,1,1,0,1,1,1,1,1,1,0,1,1,0,1,-1",,,3,0,0,0,0
"-1,1,1,1,1,-1,-1,-1,-1,1,1,1,1,-1,-1,-1,1,1,0,1,1,1,1,1,1,1,1,1,1,1,-1",,,3,0,0,0,0
"1,-1,1,1,1,-1,1,-1,1,1,1,1,-1,0,0,-1,1,1,0,1,1,1,1,-1,1,-1,-1,1,0,1,1",,,3,0,0,0,0
"1,-1,1,1,1,-1,1,1,1,1,1,1,1,1,0,1,1,1,0,1,1,1,1,1,1,-1,-1,1,0,1,1",,,3,0,0,0,0
"1,-1,1,1,1,-1,1,-1,-1,1,1,1,1,-1,0,0,-1,1,0,1,1,1,1,1,1,1,-1,1,-1,1,-1",,,3,0,0,0,0
"-1,-1,1,1,1,1,-1,1,1,1,1,1,-1,1,-1,-1,1,1,0,1,1,1,1,1,1,1,-1,1,1,1,1",,,3,0,0,0,0
"1,-1,1,1,1,-1,1,1,1,1,1,1,-1,-1,-1,-1,1,1,0,1,1,1,1,1,1,1,-1,1,0,1,-1",,,3,0,0,0,0
"1,-1,1,1,1,-1,1,1,-1,1,1,1,-1,1,1,1,1,1,0,1,1,1,1,1,1,-1,-1,1,0,1,1",,,3,0,0,0,0
"-1,-1,1,1,1,-1,1,1,1,1,1,-1,-1,0,1,0,-1,1,0,1,1,1,1,1,1,-1,-1,1,0,1,1",,,3,0,0,0,0
"1,1,1,1,1,-1,1,1,-1,1,1,1,1,0,-1,0,1,1,0,1,1,1,1,-1,1,0,1,1,0,1,1",,,3,0,0,0,0
"1,1,1,1,1,-1,1,1,-1,1,1,1,1,0,0,0,1,1,0,1,1,1,1,-1,1,-1,1,1,0,1,1",,,3,0,0,0,0
"1,-1,-1,1,-1,-1,-1,-1,1,1,1,-1,-1,-1,-1,-1,1,-1,1,1,1,1,1,1,-1,0,-1,1,0,1,-1",,,3,0,0,0,0
"-1,-1,1,1,1,-1,1,-1,-1,1,1,1,1,-1,-1,-1,1,1,0,1,1,1,1,1,1,0,-1,1,0,1,-1",,,3,0,0,0,0
"1,-1,1,-1,1,-1,-1,-1,1,-1,-1,1,-1,0,0,0,-1,1,0,1,1,-1,1,1,1,1,-1,-1,0,1,-1",,,3,0,0,0,0
"1,-1,1,1,1,-1,0,1,-1,1,1,1,1,0,0,-1,1,1,0,1,1,1,1,1,1,1,-1,1,1,1,1",,,3,0,0,0,0
"1,-1,1,1,1,-1,1,-1,-1,1,1,1,1,0,0,1,1,1,0,1,1,1,1,1,1,0,-1,1,1,1,1",,,3,0,0,0,0
"-1,1,1,1,-1,-1,1,1,-1,-1,1,-1,1,0,1,-1,1,1,0,-1,1,-1,1,1,1,-1,1,1,0,1,1",,,3,0,0,0,0
"-1,-1,1,1,1,-1,-1,-1,-1,1,1,1,-1,-1,0,0,1,1,0,1,1,1,1,1,1,1,-1,1,0,1,-1",,,3,0,0,0,0
"1,-1,1,1,1,-1,1,1,-1,1,1,1,1,1,0,-1,1,1,0,1,1,1,1,1,1,0,-1,1,-1,1,1",,,3,0,0,0,0
"-1,-1,1,1,1,-1,1,-1,1,1,1,1,1,0,-1,-1,1,1,0,1,1,1,1,1,1,1,-1,1,1,1,-1",,,3,0,0,0,0
"-1,-1,1,-1,1,-1,1,0,1,-1,-1,1,-1,-1,-1,-1,-1,1,0,-1,-1,-1,-1,1,1,0,-1,-1,1,1,-1",,,3,0,0,0,0
"-1,-1,1,-1,1,-1,1,0,-1,-1,-1,1,-1,-1,-1,-1,-1,1,0,-1,-1,-1,-1,1,1,0,-1,1,1,1,-1",,,3,0,0,0,0
"-1,-1,1,1,1,-1,1,-1,-1,1,1,1,-1,0,-1,-1,1,1,0,1,1,1,1,1,1,1,-1,1,1,1,-1",,,3,0,0,0,0
"-1,-1,1,1,1,-1,-1,1,-1,1,1,1,-1,1,0,-1,1,1,0,1,1,1,1,1,1,1,-1,1,1,1,1",,,3,0,0,0,0
"-1,-1,1,-1,1,-1,-1,-1,-1,-1,-1,1,1,-1,0,-1,-1,1,0,-1,1,-1,-1,1,1,0,-1,-1,0,1,-1",,,3,0,0,0,0
"-1,-1,1,1,1,-1,0,-1,1,1,1,1,-1,-1,0,-1,1,1,0,1,1,1,1,1,1,1,-1,-1,0,1,-1",,,3,0,0,0,0
"-1,-1,1,1,1,-1,-1,0,-1,1,1,1,1,0,-1,0,1,1,0,1,1,1,1,1,1,0,-1,-1,1,1,-1",,,3,0,0,0,0
"-1,-1,1,-1,1,-1,0,-1,-1,-1,-1,1,1,0,-1,-1,-1,1,0,1,1,-1,1,1,1,1,-1,-1,0,1,-1",,,3,0,0,0,0
"1,-1,1,1,1,-1,-1,-1,-1,-1,1,1,1,-1,-1,-1,1,1,0,1,1,-1,1,1,1,0,-1,-1,0,1,-1",,,3,0,0,0,0
"1,-1,1,-1,1,-1,-1,-1,-1,-1,-1,1,1,-1,0,-1,-1,1,0,-1,-1,-1,-1,1,1,1,-1,-1,0,1,-1",,,3,0,0,0,0
"-1,-1,1,1,1,1,1,1,-1,1,1,1,1,0,0,-1,-1,1,0,1,1,1,1,1,1,1,-1,1,0,1,1",,,3,0,0,0,0
"1,-1,1,1,1,-1,1,1,-1,1,1,1,1,1,-1,1,1,1,0,1,1,1,1,1,1,1,-1,-1,1,1,1",,,3,0,0,0,0
"-1,1,1,1,1,-1,1,1,1,-1,1,1,-1,0,0,-1,1,1,0,-1,1,-1,1,1,1,1,1,-1,0,1,1",,,3,0,0,0,0
"1,-1,1,-1,1,-1,1,1,-1,-1,-1,1,1,0,1,1,-1,-1,0,-1,1,-1,1,1,1,1,-1,1,0,1,1",,,3,0,0,0,0
"-1,1,1,1,1,-1,1,1,-1,1,1,1,1,0,-1,-1,1,1,0,1,1,1,1,-1,1,0,1,1,1,1,1",,,3,0,0,0,0
"1,-1,1,1,1,-1,1,-1,-1,1,1,1,1,-1,-1,-1,1,1,0,1,1,1,1,1,1,1,-1,-1,0,1,-1",,,3,0,0,0,0
"-1,-1,1,1,1,-1,-1,0,1,1,1,1,-1,-1,-1,-1,1,1,0,1,1,1,1,1,1,0,-1,-1,1,1,-1",,,3,0,0,0,0
"-1,1,1,1,1,-1,1,1,-1,1,1,1,1,0,0,1,1,1,0,1,1,1,1,1,1,-1,1,1,0,1,1",,,3,0,0,0,0
"-1,1,1,1,1,-1,0,0,1,1,1,1,-1,-1,0,-1,1,1,0,1,1,1,1,1,1,1,1,-1,0,1,-1",,,3,0,0,0,0
"-1,-1,1,1,1,-1,1,1,-1,-1,-1,1,-1,1,0,-1,-1,1,0,1,1,-1,-1,1,1,1,-1,1,0,1,1",,,3,0,0,0,0
"-1,-1,1,1,1,-1,-1,-1,1,1,1,1,-1,0,-1,1,1,1,0,1,1,1,1,1,1,1,-1,-1,1,1,-1",,,3,0,0,0,0
"-1,-1,-1,1,-1,-1,1,1,-1,1,1,-1,1,0,0,-1,1,-1,1,1,1,1,1,1,-1,0,-1,1,1,1,1",,,3,0,0,0,0
"1,-1,-1,1,-1,-1,-1,-1,-1,1,1,-1,1,-1,1,-1,1,-1,1,1,1,1,1,1,-1,0,-1,-1,0,1,-1",,,3,0,0,0,0
"-1,-1,1,1,1,-1,-1,-1,1,1,1,1,-1,-1,-1,0,1,1,0,1,1,1,1,1,1,1,-1,-1,0,1,-1",,,3,0,0,0,0
"-1,-1,1,-1,1,-1,0,-1,1,-1,-1,1,-1,-1,0,-1,-1,1,0,-1,1,-1,-1,1,1,0,-1,-1,1,1,-1",,,3,0,0,0,0
"1,-1,1,1,1,-1,0,1,1,-1,1,1,-1,1,0,-1,1,1,0,1,1,-1,1,1,1,-1,-1,1,0,1,1",,,3,0,0,0,0
"-1,-1,1,1,1,-1,1,1,-1,1,1,1,-1,0,1,1,1,1,0,1,1,1,1,1,1,0,-1,1,1,1,1",,,3,0,0,0,0
"-1,-1,1,1,1,-1,1,-1,-1,1,1,-1,1,-1,-1,-1,-1,1,0,1,1,1,1,1,1,1,-1,1,0,1,-1",,,3,0,0,0,0
"-1,-1,1,1,-1,-1,1,-1,1,1,1,-1,-1,0,-1,-1,1,1,1,1,1,1,1,1,1,1,-1,1,1,1,-1",,,3,0,0,0,0
"1,-1,1,-1,1,1,1,1,-1,-1,-1,1,1,1,1,-1,-1,1,0,-1,-1,-1,-1,1,1,-1,-1,1,1,1,1",,,3,0,0,0,0
"-1,1,1,-1,-1,-1,1,-1,-1,-1,-1,1,1,-1,-1,0,-1,-1,1,-1,1,-1,1,1,1,1,1,1,-1,1,-1",,,3,0,0,0,0
"-1,-1,1,1,1,-1,-1,-1,1,1,1,1,-1,-1,0,-1,1,1,0,1,1,1,1,1,1,1,-1,-1,1,-1,-1",,,3,0,0,0,0
"1,-1,1,1,1,-1,1,1,-1,1,1,1,-1,1,0,1,1,1,0,1,1,1,1,1,1,1,-1,1,0,1,1",,,3,0,0,0,0
"1,-1,1,1,1,-1,-1,1,-1,1,1,1,-1,1,0,-1,1,1,0,1,1,1,1,1,1,1,-1,-1,1,1,1",,,3,0,0,0,0
"1,-1,1,1,1,-1,0,-1,-1,1,1,1,-1,0,-1,-1,1,1,0,1,1,1,1,1,1,1,-1,1,0,1,-1",,,3,0,0,0,0
"-1,-1,1,1,1,-1,0,-1,1,1,1,1,1,-1,-1,-1,1,1,0,1,1,1,1,1,1,0,-1,1,0,1,-1",,,3,0,0,0,0
"1,-1,1,-1,1,1,1,1,-1,-1,-1,1,-1,1,0,-1,-1,1,0,1,1,1,1,1,1,-1,-1,1,0,1,1",,,3,0,0,0,0
"1,-1,1,1,1,-1,0,1,-1,1,1,1,1,0,0,-1,1,1,0,1,1,1,1,1,1,1,-1,1,-1,1,1",,,3,0,0,0,0
"1,-1,1,1,1,-1,1,1,-1,1,1,1,1,0,1,-1,-1,1,0,1,1,1,1,1,1,0,-1,1,-1,1,1",,,3,0,0,0,0
"-1,1,1,1,1,1,1,1,-1,1,1,1,1,1,-1,1,1,1,0,1,1,1,1,-1,1,0,1,1,1,1,1",,,3,0,0,0,0
"-1,-1,1,1,1,-1,1,1,-1,1,1,1,-1,0,1,1,1,1,0,1,1,1,1,-1,1,0,-1,1,0,1,1",,,3,0,0,0,0
"-1,-1,1,1,1,1,1,1,-1,1,1,1,1,0,0,-1,1,1,0,1,1,1,1,1,1,-1,-1,1,1,1,1",,,3,0,0,0,0
"1,-1,1,1,1,-1,1,1,-1,1,1,1,-1,0,1,1,1,1,0,1,1,1,1,1,1,-1,-1,1,0,1,1",,,3,0,0,0,0
"-1,1,1,-1,1,-1,-1,-1,-1,-1,-1,1,1,-1,0,-1,-1,1,0,1,1,-1,1,1,1,1,1,1,1,1,-1",,,3,0,0,0,0
"1,-1,1,1,1,1,-1,1,1,1,1,1,-1,1,0,-1,1,1,0,1,1,1,1,1,1,1,-1,1,1,1,1",,,3,0,0,0,0
"-1,-1,1,1,1,-1,1,-1,1,1,1,1,-1,0,0,-1,1,1,0,1,1,1,1,-1,1,1,-1,1,1,1,1",,,3,0,0,0,0
"-1,-1,1,1,1,-1,-1,-1,1,1,1,1,-1,-1,0,0,1,1,0,1,1,1,1,1,1,1,-1,1,1,1,-1",,,3,0,0,0,0
"-1,-1,1,-1,1,-1,1,1,-1,-1,-1,1,1,0,1,0,-1,1,0,-1,-1,-1,-1,-1,1,0,-1,1,1,1,1",,,3,0,0,0,0
"-1,-1,1,1,1,-1,1,1,-1,1,1,1,1,0,0,-1,1,1,0,1,1,1,1,1,1,1,-1,1,0,1,1",,,3,0,0,0,0
"-1,-1,1,1,1,-1,1,1,-1,1,1,1,-1,0,0,1,1,1,0,1,1,1,1,1,1,0,-1,-1,1,1,1",,,3,0,0,0,0
"1,-1,1,1,1,-1,1,1,-1,1,1,1,1,0,1,1,1,1,0,1,1,1,1,1,1,-1,-1,1,0,1,1",,,3,0,0,0,0
"-1,-1,-1,-1,-1,-1,-1,-1,-1,-1,-1,-1,1,-1,1,-1,-1,-1,1,-1,-1,-1,-1,1,-1,1,-1,1,1,1,-1",,,3,0,0,0,0
"-1,-1,1,1,1,-1,0,-1,1,1,1,1,-1,0,0,-1,1,1,0,1,1,1,1,1,1,1,-1,1,1,1,-1",,,3,0,0,0,0
"1,-1,1,1,1,-1,1,1,1,1,1,1,-1,1,1,0,1,1,0,1,1,1,1,1,1,1,-1,1,0,-1,1",,,3,0,0,0,0
"1,-1,1,1,1,-1,-1,-1,1,1,1,1,-1,-1,0,-1,1,1,0,1,1,1,1,1,1,1,-1,1,0,1,-1",,,3,0,0,0,0
"-1,-1,1,1,1,-1,-1,1,-1,1,1,1,1,1,0,-1,1,1,0,1,1,1,1,1,1,1,-1,1,1,1,1",,,3,0,0,0,0
"1,-1,1,-1,1,-1,1,1,-1,-1,-1,1,1,1,-1,-1,-1,1,0,-1,1,-1,1,1,1,1,-1,-1,0,1,1",,,3,0,0,0,0
"-1,-1,1,1,1,-1,0,-1,-1,-1,1,1,1,0,0,1,1,1,0,1,1,-1,1,1,1,1,-1,1,1,1,-1",,,3,0,0,0,0
"-1,1,-1,1,-1,-1,0,-1,-1,1,1,-1,1,0,0,-1,1,-1,1,1,1,1,1,1,-1,1,1,1,1,1,-1",,,3,0,0,0,0
"1,-1,1,1,1,-1,1,1,-1,1,1,1,1,0,0,1,1,1,0,1,1,1,1,-1,1,0,-1,1,0,1,1",,,3,0,0,0,0
"1,-1,1,1,1,-1,-1,-1,1,1,1,1,-1,-1,-1,-1,1,1,0,1,1,1,1,1,1,1,-1,1,0,1,-1",,,3,0,0,0,0
"-1,-1,1,-1,1,-1,-1,0,-1,-1,-1,1,1,-1,-1,-1,-1,1,0,-1,1,-1,1,1,1,0,-1,1,1,1,-1",,,3,0,0,0,0
"-1,-1,-1,1,1,-1,1,1,1,1,1,-1,-1,0,-1,0,-1,1,0,1,1,1,1,1,-1,-1,-1,1,1,1,1",,,3,0,0,0,0
"1,-1,1,1,1,-1,1,1,1,1,1,1,1,1,1,1,1,1,0,1,1,1,1,1,1,-1,-1,1,0,1,1",,,3,0,0,0,0
"-1,-1,1,1,1,-1,-1,-1,-1,1,1,1,1,0,-1,-1,-1,1,0,1,1,1,1,1,1,1,-1,1,-1,1,-1",,,3,0,0,0,0
"-1,1,1,1,1,1,1,1,-1,1,1,1,1,0,0,-1,1,1,0,1,1,1,1,-1,1,-1,1,1,1,1,1",,,3,0,0,0,0
"1,-1,1,1,1,1,1,1,-1,1,1,1,1,0,0,1,1,1,0,1,1,1,1,1,1,-1,-1,1,1,1,1",,,3,0,0,0,0
"-1,-1,1,1,1,-1,-1,-1,-1,1,1,1,1,-1,-1,-1,1,1,0,1,1,1,1,1,1,1,-1,1,0,1,-1",,,3,0,0,0,0
"1,1,1,1,1,-1,-1,0,-1,1,1,1,1,-1,0,-1,1,1,0,1,1,1,1,1,1,0,1,1,0,1,-1",,,3,0,0,0,0
"-1,-1,-1,-1,-1,1,1,1,-1,1,1,-1,1,0,0,-1,1,-1,1,1,1,1,1,1,-1,1,-1,1,1,1,1",,,3,0,0,0,0
"1,-1,1,1,1,-1,0,-1,-1,1,1,1,-1,-1,0,-1,1,1,0,1,1,-1,1,1,1,0,-1,1,1,1,-1",,,3,0,0,0,0
"1,-1,1,1,1,-1,1,-1,1,1,1,1,1,0,-1,-1,1,1,0,1,1,1,1,1,1,1,-1,1,0,1,-1",,,3,0,0,0,0
"-1,-1,1,1,1,-1,0,-1,-1,1,1,1,1,0,-1,-1,1,1,0,1,1,1,1,1,1,1,-1,1,-1,1,-1",,,3,0,0,0,0
"1,-1,-1,1,-1,1,1,1,-1,1,1,-1,1,1,-1,-1,1,-1,1,1,1,1,1,-1,-1,0,-1,1,1,1,1",,,3,0,0,0,0
"1,-1,1,1,1,-1,1,1,-1,1,1,1,1,0,1,1,1,1,0,1,1,1,1,1,1,1,-1,1,0,-1,1",,,3,0,0,0,0
"1,1,1,1,1,-1,-1,-1,1,1,1,1,-1,-1,0,-1,1,1,0,1,1,1,1,1,1,1,1,1,0,1,-1",,,3,0,0,0,0
"-1,-1,1,1,1,-1,0,-1,-1,1,1,1,-1,1,-1,-1,1,1,0,1,1,1,1,1,1,1,-1,1,0,1,-1",,,3,0,0,0,0
"-1,1,1,1,1,-1,1,1,-1,1,1,1,1,0,0,0,1,1,0,1,1,1,1,1,1,1,1,1,0,1,1",,,3,0,0,0,0
"-1,-1,1,1,1,-1,1,-1,-1,1,1,1,1,-1,0,0,-1,1,0,1,1,1,1,1,1,1,-1,1,-1,1,-1",,,3,0,0,0,0
"1,-1,1,1,1,-1,-1,-1,1,1,1,1,1,-1,-1,-1,1,1,0,1,1,1,1,1,1,1,-1,-1,0,1,-1",,,3,0,0,0,0
"1,-1,1,-1,1,-1,-1,-1,-1,-1,-1,1,-1,-1,1,-1,-1,1,0,-1,-1,-1,-1,1,1,1,-1,1,0,1,-1",,,3,0,0,0,0
"1,-1,1,-1,1,-1,1,1,-1,-1,-1,1,1,1,0,-1,-1,1,0,-1,-1,-1,-1,-1,1,0,-1,1,1,1,1",,,3,0,0,0,0
"-1,-1,1,1,1,-1,1,1,1,1,1,1,-1,0,1,0,1,1,0,1,1,1,1,-1,1,0,-1,1,1,1,1",,,3,0,0,0,0
"1,-1,1,1,1,-1,1,-1,-1,1,1,1,1,0,-1,-1,1,1,0,1,1,1,1,1,1,0,-1,1,0,1,-1",,,3,0,0,0,0
"1,-1,1,1,1,-1,1,1,-1,1,1,1,-1,1,0,-1,1,1,0,1,1,1,1,-1,1,0,-1,1,0,1,1",,,3,0,0,0,0
"-1,-1,1,1,1,-1,0,1,-1,1,1,1,-1,0,-1,-1,1,1,0,1,1,1,1,1,1,0,-1,-1,0,1,-1",,,3,0,0,0,0
"1,1,1,1,1,1,0,1,-1,1,1,1,1,0,-1,-1,1,1,0,1,1,1,1,-1,1,1,1,1,0,1,1",,,3,0,0,0,0
"1,-1,1,1,1,-1,0,1,1,1,1,1,1,-1,-1,-1,1,1,0,1,1,1,1,1,1,0,-1,1,0,1,-1",,,3,0,0,0,0
"-1,-1,1,1,1,-1,1,-1,-1,1,1,-1,-1,1,0,0,1,1,0,1,1,1,1,-1,1,1,-1,1,0,1,1",,,3,0,0,0,0
"1,-1,-1,1,-1,-1,1,1,-1,1,1,-1,1,1,0,-1,1,-1,1,1,1,1,1,1,-1,-1,-1,1,1,1,1",,,3,0,0,0,0
"1,-1,1,-1,1,-1,1,1,-1,1,1,1,1,1,0,1,-1,-1,0,1,1,1,1,1,1,1,-1,-1,0,1,1",,,3,0,0,0,0
"-1,-1,1,-1,1,-1,1,1,-1,-1,-1,1,1,1,-1,-1,-1,1,0,-1,1,-1,1,-1,1,1,-1,1,1,1,1",,,3,0,0,0,0
"1,-1,1,1,1,-1,-1,0,1,1,1,1,-1,0,0,0,1,1,0,1,1,1,1,1,1,0,-1,1,0,1,-1",,,3,0,0,0,0
"1,-1,1,1,1,-1,0,-1,-1,1,1,1,1,-1,-1,0,1,1,0,1,1,1,1,1,1,0,-1,-1,0,1,-1",,,3,0,0,0,0
"-1,-1,1,1,1,-1,-1,-1,1,1,1,1,-1,-1,-1,-1,1,1,0,1,1,1,1,1,1,0,-1,-1,1,1,-1",,,3,0,0,0,0
"1,1,1,1,1,-1,1,1,-1,1,1,1,1,1,0,-1,1,1,0,1,1,1,1,1,1,-1,1,1,0,1,1",,,3,0,0,0,0
"-1,-1,1,1,1,-1,1,1,-1,1,1,1,1,1,1,0,1,1,0,1,1,1,1,1,1,1,-1,1,0,1,1",,,3,0,0,0,0
"1,-1,1,1,1,-1,1,-1,-1,1,1,1,1,1,1,1,1,1,0,1,1,1,1,1,1,1,-1,1,0,1,1",,,3,0,0,0,0
"-1,-1,-1,1,-1,-1,1,1,-1,1,1,-1,1,0,0,1,1,-1,1,1,1,1,1,-1,-1,-1,-1,1,1,1,1",,,3,0,0,0,0
"1,-1,1,-1,1,-1,0,-1,-1,-1,-1,1,-1,-1,0,-1,-1,1,0,1,1,-1,-1,1,1,0,-1,1,0,1,-1",,,3,0,0,0,0
"-1,-1,1,1,1,1,1,1,1,-1,-1,1,-1,1,-1,-1,-1,1,0,1,1,-1,1,1,1,-1,-1,1,1,1,1",,,3,0,0,0,0
"1,-1,1,1,1,-1,1,-1,1,1,1,1,1,0,0,-1,1,1,0,1,1,1,1,1,1,1,-1,-1,0,1,-1",,,3,0,0,0,0
"1,1,1,1,1,-1,-1,0,1,1,1,1,-1,-1,0,0,1,1,0,1,1,1,1,1,1,0,1,1,0,-1,-1",,,3,0,0,0,0
"-1,-1,1,1,1,-1,1,1,-1,1,1,1,1,1,0,-1,1,1,0,1,1,1,1,1,1,-1,-1,1,1,1,1",,,3,0,0,0,0
"1,-1,1,1,1,-1,-1,0,1,1,1,1,1,-1,0,-1,1,1,0,1,1,1,1,1,1,0,-1,-1,0,1,-1",,,3,0,0,0,0
"-1,-1,1,-1,-1,-1,0,-1,-1,-1,-1,-1,1,0,-1,-1,-1,-1,0,-1,1,-1,1,1,1,1,-1,-1,-1,1,-1",,,3,0,0,0,0
"1,-1,1,1,1,-1,1,-1,-1,1,1,1,1,-1,0,-1,1,1,0,1,1,1,1,1,1,-1,-1,-1,0,1,-1",,,3,0,0,0,0
"-1,-1,1,-1,1,-1,0,-1,1,-1,-1,1,1,-1,0,-1,-1,1,0,1,1,-1,1,1,1,-1,-1,1,0,1,-1",,,3,0,0,0,0
"-1,-1,1,-1,1,-1,-1,-1,-1,-1,-1,1,1,-1,0,-1,-1,1,0,-1,-1,-1,-1,1,1,0,-1,1,0,1,-1",,,3,0,0,0,0
"-1,-1,1,1,1,-1,0,0,-1,1,1,1,1,-1,0,-1,1,1,0,1,1,1,1,1,1,0,-1,1,0,1,-1",,,3,0,0,0,0
"-1,-1,1,1,1,-1,1,-1,-1,1,1,1,1,0,0,-1,-1,1,0,1,1,1,1,1,1,-1,-1,1,0,1,-1",,,3,0,0,0,0
"1,-1,1,1,1,-1,1,1,-1,1,1,1,-1,0,0,0,1,1,0,1,1,1,1,-1,1,-1,-1,1,0,1,1",,,3,0,0,0,0
"-1,-1,1,-1,1,-1,1,1,-1,-1,-1,1,1,1,1,-1,-1,1,0,-1,1,-1,-1,1,1,1,-1,1,1,1,1",,,3,0,0,0,0
"1,-1,1,1,1,-1,0,1,-1,1,1,1,-1,0,0,-1,1,1,0,1,1,1,1,1,1,-1,-1,1,0,1,1",,,3,0,0,0,0
"-1,-1,1,-1,1,-1,1,1,1,-1,-1,1,-1,1,1,-1,-1,1,0,-1,-1,-1,-1,1,1,-1,-1,1,1,1,1",,,3,0,0,0,0
"-1,-1,-1,-1,-1,-1,0,-1,-1,-1,1,-1,1,-1,-1,-1,1,-1,1,-1,1,-1,1,1,-1,-1,-1,-1,1,1,-1",,,3,0,0,0,0
"-1,-1,1,1,1,-1,0,1,1,1,1,1,-1,0,0,1,1,1,0,1,1,1,1,1,1,1,-1,-1,0,1,1",,,3,0,0,0,0
"-1,-1,1,1,1,-1,-1,0,1,1,1,1,-1,0,0,1,1,1,0,1,1,1,1,1,1,0,-1,1,0,1,-1",,,3,0,0,0,0
"-1,-1,1,-1,1,-1,1,1,-1,-1,-1,1,1,0,-1,1,-1,1,0,-1,1,-1,1,1,1,-1,-1,1,1,1,1",,,3,0,0,0,0
"-1,-1,-1,1,-1,-1,1,1,1,1,1,-1,-1,0,-1,1,1,-1,1,1,1,1,1,1,-1,-1,-1,1,1,1,1",,,3,0,0,0,0
"1,1,1,1,1,-1,1,-1,-1,1,1,1,1,0,1,-1,1,1,0,1,1,1,1,1,1,0,1,1,0,1,1",,,3,0,0,0,0
"1,-1,1,1,1,-1,1,1,1,1,1,1,-1,0,0,-1,1,1,0,1,1,1,1,1,1,0,-1,1,1,1,1",,,3,0,0,0,0
"1,-1,-1,1,-1,-1,-1,-1,-1,1,1,-1,-1,-1,-1,-1,1,-1,1,1,1,1,1,1,-1,-1,-1,1,0,-1,-1",,,3,0,0,0,0
"-1,1,1,-1,1,-1,1,-1,-1,-1,-1,1,1,1,-1,-1,-1,1,0,-1,1,-1,-1,1,1,0,1,1,1,1,1",,,3,0,0,0,0
"-1,1,1,1,1,-1,-1,-1,-1,1,1,1,1,-1,-1,-1,1,1,0,1,1,1,1,1,1,-1,1,-1,1,1,-1",,,3,0,0,0,0
"-1,1,-1,1,-1,-1,0,1,-1,1,1,-1,1,0,-1,-1,1,-1,1,1,1,1,1,1,-1,-1,1,1,1,1,1",,,3,0,0,0,0
"-1,1,1,1,1,-1,0,1,-1,1,1,1,1,0,-1,-1,1,1,0,1,1,1,1,1,1,-1,1,1,1,1,-1",,,3,0,0,0,0
"1,-1,1,1,1,-1,0,-1,-1,1,1,1,1,0,0,-1,1,1,0,1,1,-1,1,1,1,1,-1,1,1,1,1",,,3,0,0,0,0
"-1,-1,1,1,1,-1,-1,1,-1,1,1,1,1,1,0,-1,1,1,0,1,1,1,1,1,1,-1,-1,1,1,1,1",,,3,0,0,0,0
"-1,-1,1,1,1,-1,-1,0,1,1,1,1,-1,-1,0,1,1,1,0,1,1,1,1,1,1,0,-1,1,0,1,-1",,,3,0,0,0,0
"-1,-1,1,-1,1,-1,0,-1,1,1,1,-1,-1,-1,-1,-1,1,-1,0,1,1,1,1,1,1,0,-1,1,1,1,-1",,,3,0,0,0,0
"-1,-1,1,1,1,-1,-1,-1,1,1,1,1,-1,-1,0,1,1,1,0,1,1,1,1,1,1,-1,-1,1,1,-1,-1",,,3,0,0,0,0
"-1,-1,-1,1,-1,-1,1,-1,-1,-1,1,-1,1,-1,1,-1,1,1,1,-1,1,-1,1,1,-1,-1,-1,1,-1,1,-1",,,3,0,0,0,0
"1,-1,1,1,1,-1,1,0,-1,1,1,1,-1,0,-1,-1,1,1,0,1,1,1,1,1,1,-1,-1,-1,0,1,-1",,,3,0,0,0,0
"1,-1,1,1,1,-1,-1,-1,-1,1,1,1,1,-1,0,-1,1,1,0,1,1,1,1,1,1,-1,-1,1,0,1,-1",,,3,0,0,0,0
"-1,-1,1,1,1,-1,0,-1,1,1,1,1,-1,0,-1,-1,1,1,0,1,1,1,1,1,1,-1,-1,1,1,1,-1",,,3,0,0,0,0
"1,-1,1,1,1,-1,1,1,1,1,1,1,1,0,1,1,1,1,0,1,1,1,1,1,1,1,-1,-1,0,1,1",,,3,0,0,0,0
"1,-1,1,1,1,-1,-1,0,1,1,1,1,-1,-1,0,-1,1,1,0,1,1,1,1,1,1,0,-1,1,0,1,-1",,,3,0,0,0,0
"1,-1,1,1,1,-1,1,1,-1,1,1,1,1,0,1,-1,1,1,0,1,1,1,1,1,1,0,-1,1,0,1,1",,,3,0,0,0,0
"-1,-1,1,1,1,-1,0,1,-1,1,1,1,1,0,0,-1,1,1,0,1,1,1,1,1,1,1,-1,1,0,1,1",,,3,0,0,0,0
"-1,1,-1,-1,-1,1,1,1,-1,1,1,-1,1,0,-1,-1,1,-1,1,1,1,1,1,1,-1,0,1,1,1,1,1",,,3,0,0,0,0
"-1,-1,1,1,1,-1,-1,0,1,1,1,1,-1,-1,1,1,1,1,0,1,1,1,1,1,1,0,-1,1,1,1,-1",,,3,0,0,0,0
"-1,-1,1,1,1,-1,1,-1,1,1,1,1,1,0,0,-1,1,1,0,1,1,1,1,1,1,-1,-1,-1,1,1,1",,,3,0,0,0,0
"-1,-1,1,-1,1,-1,1,-1,1,-1,-1,1,-1,-1,-1,-1,-1,-1,0,-1,1,-1,1,1,1,-1,-1,1,-1,1,-1",,,3,0,0,0,0
"1,-1,1,-1,1,1,1,1,-1,-1,-1,1,1,1,-1,-1,-1,1,0,1,1,-1,1,1,1,-1,-1,1,1,1,1",,,3,0,0,0,0
"-1,-1,1,-1,1,-1,-1,-1,-1,-1,-1,1,-1,-1,0,-1,-1,1,0,1,1,-1,1,1,1,1,-1,1,0,1,-1",,,3,0,0,0,0
"-1,-1,1,1,1,-1,-1,-1,-1,1,1,1,-1,-1,-1,0,1,1,0,1,1,1,1,1,1,1,-1,1,0,1,-1",,,3,0,0,0,0
"-1,-1,1,-1,-1,1,1,1,-1,-1,-1,1,1,1,-1,1,-1,-1,1,-1,1,-1,1,1,1,1,-1,1,1,1,1",,,3,0,0,0,0
"1,-1,1,1,1,-1,1,-1,1,1,1,1,-1,0,1,-1,1,1,0,1,1,1,1,1,1,1,-1,1,1,1,-1",,,3,0,0,0,0
"1,-1,-1,1,-1,-1,1,1,-1,1,1,-1,1,0,-1,0,1,1,1,1,1,1,1,1,-1,1,-1,1,-1,1,1",,,3,0,0,0,0
"1,1,1,1,1,-1,0,1,-1,1,1,1,1,-1,-1,-1,1,1,0,1,1,1,1,1,1,1,1,1,0,1,-1",,,3,0,0,0,0
"-1,1,1,1,1,-1,0,0,-1,1,1,1,1,-1,-1,-1,1,1,0,1,1,1,1,1,1,0,1,1,0,1,-1",,,3,0,0,0,0
"-1,-1,-1,-1,-1,-1,0,1,1,-1,1,-1,-1,0,1,-1,1,-1,1,1,1,-1,1,1,-1,1,-1,1,1,1,1",,,3,0,0,0,0
"1,-1,1,1,1,-1,0,1,-1,-1,1,1,1,0,1,-1,1,1,0,1,1,-1,1,1,1,-1,-1,1,0,1,1",,,3,0,0,0,0
"1,-1,1,1,1,-1,-1,0,1,1,1,1,-1,-1,-1,-1,-1,1,0,1,1,1,1,1,1,1,-1,1,1,1,-1",,,3,0,0,0,0
"-1,0,-1,1,1,-1,0,1,-1,1,1,1,1,0,0,-1,1,1,0,-1,1,-1,1,1,1,1,-1,1,1,1,1",,,3,0,0,0,0
"1,-1,1,-1,1,-1,-1,0,1,-1,-1,1,-1,-1,1,-1,-1,1,0,1,1,-1,1,1,1,1,-1,1,0,1,-1",,,3,0,0,0,0
"-1,-1,1,1,1,-1,-1,-1,-1,1,1,1,-1,0,-1,1,1,1,0,1,1,1,1,1,1,1,-1,1,0,1,-1",,,3,0,0,0,0
"1,-1,1,-1,1,-1,1,1,-1,-1,-1,1,1,1,-1,-1,-1,1,0,-1,1,-1,1,1,1,0,-1,1,1,1,1",,,3,0,0,0,0
"1,0,1,-1,1,-1,-1,1,1,1,1,-1,-1,0,-1,0,-1,-1,0,1,1,1,1,1,1,0,-1,1,0,1,1",,,3,0,0,0,0
"-1,-1,1,-1,1,-1,0,1,-1,-1,-1,1,-1,0,-1,-1,-1,1,0,1,1,1,1,1,1,1,-1,1,1,1,-1",,,3,0,0,0,0
"1,-1,1,1,1,-1,0,-1,1,1,1,1,1,-1,-1,-1,1,1,0,1,1,1,1,1,1,1,-1,1,0,1,-1",,,3,0,0,0,0
"1,-1,1,1,1,-1,0,1,-1,-1,1,1,1,0,-1,-1,1,1,0,1,1,-1,1,1,1,1,-1,-1,0,1,-1",,,3,0,0,0,0
"1,-1,-1,1,-1,-1,1,1,-1,1,1,-1,1,1,1,-1,1,-1,1,1,1,1,1,1,-1,-1,-1,1,1,1,1",,,3,0,0,0,0
"-1,-1,1,-1,1,-1,1,1,-1,-1,-1,1,1,0,0,-1,-1,1,0,-1,-1,-1,-1,1,1,-1,-1,1,1,1,1",,,3,0,0,0,0
"-1,-1,1,1,1,-1,1,1,-1,1,1,1,1,0,1,0,1,1,0,1,1,1,1,1,1,0,-1,1,1,1,1",,,3,0,0,0,0
"1,1,-1,1,-1,1,1,1,-1,1,1,-1,1,1,0,-1,1,-1,1,1,1,1,1,1,-1,-1,1,1,1,1,1",,,3,0,0,0,0
"1,-1,1,1,1,-1,-1,-1,-1,1,1,1,1,-1,-1,-1,1,1,0,1,1,1,1,1,1,1,-1,1,0,1,-1",,,3,0,0,0,0
"-1,-1,1,1,1,-1,-1,1,-1,1,1,1,1,0,1,1,1,1,0,1,1,1,1,1,1,-1,-1,1,1,1,1",,,3,0,0,0,0
"-1,-1,1,1,1,1,1,1,-1,1,1,1,1,1,0,1,1,1,0,1,1,1,1,1,1,0,-1,-1,0,1,1",,,3,0,0,0,0
"1,-1,1,1,1,1,1,1,1,1,1,1,-1,1,0,1,1,1,0,1,1,1,1,1,1,-1,-1,1,0,1,1",,,3,0,0,0,0
"-1,-1,1,1,1,-1,-1,-1,-1,1,1,1,1,-1,-1,-1,1,1,0,1,1,1,1,1,1,1,-1,1,0,-1,-1",,,3,0,0,0,0
"-1,1,-1,-1,-1,-1,-1,0,-1,1,1,-1,1,-1,-1,-1,1,-1,1,1,1,1,1,1,-1,1,1,1,1,1,-1",,,3,0,0,0,0
"1,1,1,1,1,1,0,1,-1,1,1,1,1,0,-1,-1,1,1,0,1,1,1,1,1,1,0,1,-1,0,1,1",,,3,0,0,0,0
"-1,-1,-1,1,-1,-1,1,1,-1,1,1,-1,1,0,-1,1,1,-1,1,1,1,1,1,1,-1,0,-1,1,1,1,1",,,3,0,0,0,0
"-1,1,-1,1,-1,1,1,1,-1,1,1,-1,1,0,0,-1,1,-1,1,1,1,1,1,1,-1,1,1,1,1,1,1",,,3,0,0,0,0
"1,1,1,1,1,-1,0,0,1,1,1,1,-1,-1,-1,-1,1,1,0,1,1,1,1,1,1,1,1,1,0,1,-1",,,3,0,0,0,0
"-1,-1,1,1,1,-1,0,1,1,1,1,1,-1,-1,-1,-1,1,1,0,1,1,1,1,1,1,1,-1,1,0,1,-1",,,3,0,0,0,0
"-1,-1,1,-1,1,-1,0,-1,1,-1,-1,1,-1,-1,-1,-1,-1,1,0,-1,-1,-1,-1,1,1,1,-1,1,1,1,-1",,,3,0,0,0,0
"-1,-1,1,-1,1,-1,1,1,-1,-1,-1,1,1,0,1,-1,-1,1,0,-1,-1,-1,-1,1,1,1,-1,1,1,1,1",,,3,0,0,0,0
"1,-1,1,1,1,-1,1,1,1,1,1,1,-1,0,0,0,1,1,0,1,1,1,1,1,1,-1,-1,1,0,1,1",,,3,0,0,0,0
"-1,-1,1,1,-1,-1,-1,1,-1,1,1,1,-1,0,-1,-1,1,1,1,1,1,1,1,1,1,-1,-1,-1,0,1,-1",,,3,0,0,0,0
"1,-1,1,-1,1,-1,0,0,-1,-1,-1,1,-1,-1,0,-1,-1,1,0,1,1,-1,1,1,1,-1,-1,-1,0,1,-1",,,3,0,0,0,0
"-1,-1,1,1,1,-1,1,1,-1,1,1,1,1,0,1,1,1,1,0,1,1,1,1,1,1,1,-1,1,1,1,1",,,3,0,0,0,0
"1,-1,1,1,1,-1,-1,-1,1,1,1,1,1,0,-1,-1,1,1,0,1,1,1,1,1,1,-1,-1,1,1,1,-1",,,3,0,0,0,0
"-1,-1,-1,1,-1,-1,-1,0,1,1,1,-1,-1,-1,-1,-1,1,-1,1,1,1,1,1,1,-1,-1,-1,1,0,1,-1",,,3,0,0,0,0
"-1,-1,1,1,1,-1,-1,1,1,1,1,1,1,0,0,-1,1,1,0,1,1,1,1,1,1,-1,-1,1,1,1,1",,,3,0,0,0,0
"-1,-1,1,1,1,-1,-1,1,1,1,1,1,1,0,1,-1,1,1,0,1,1,1,1,1,1,-1,-1,1,1,1,1",,,3,0,0,0,0
"1,-1,1,1,1,-1,0,1,-1,1,1,1,1,0,1,-1,1,1,0,1,1,1,1,1,1,1,-1,-1,0,1,-1",,,3,0,0,0,0
"-1,1,1,1,1,-1,-1,0,-1,1,1,1,1,-1,-1,-1,1,1,0,1,1,1,1,1,1,0,1,-1,1,1,-1",,,3,0,0,0,0
"-1,-1,1,1,1,-1,-1,1,1,1,1,1,1,1,-1,-1,1,1,0,1,1,1,1,1,1,1,-1,1,1,1,1",,,3,0,0,0,0
"-1,-1,1,1,1,-1,0,-1,-1,-1,1,1,1,0,0,-1,1,1,0,-1,1,-1,1,1,1,1,-1,1,-1,1,-1",,,3,0,0,0,0
"-1,-1,1,1,1,-1,1,1,-1,1,1,1,1,0,-1,-1,1,1,0,1,1,1,1,1,1,1,-1,1,-1,1,1",,,3,0,0,0,0
"1,-1,1,1,1,-1,-1,0,-1,1,1,1,-1,-1,1,-1,1,1,0,1,1,1,1,1,1,0,-1,1,0,-1,-1",,,3,0,0,0,0
"-1,-1,1,-1,1,-1,1,1,-1,-1,-1,1,1,0,0,1,-1,1,0,1,1,-1,-1,1,1,1,-1,-1,1,1,1",,,3,0,0,0,0
"-1,-1,1,1,1,-1,1,1,-1,1,1,1,1,0,-1,-1,1,1,0,1,1,1,1,1,1,0,-1,-1,1,1,-1",,,3,0,0,0,0
"1,-1,1,1,1,-1,0,-1,1,1,1,-1,-1,0,-1,-1,1,1,0,1,1,1,1,1,1,-1,-1,-1,1,1,1",,,3,0,0,0,0
"-1,-1,1,1,1,-1,-1,-1,-1,1,1,1,-1,0,-1,0,1,1,0,1,1,1,1,1,1,1,-1,-1,1,1,-1",,,3,0,0,0,0
"-1,-1,1,1,1,-1,-1,-1,1,1,1,1,-1,1,-1,-1,1,1,0,1,1,1,1,1,1,1,-1,-1,1,1,-1",,,3,0,0,0,0
"-1,-1,1,1,1,-1,-1,-1,1,1,1,1,-1,-1,-1,0,1,1,0,1,1,1,1,1,1,0,-1,-1,1,1,-1",,,3,0,0,0,0
"1,-1,1,1,1,-1,0,1,-1,1,1,1,-1,0,1,-1,1,1,0,1,1,1,1,1,1,0,-1,-1,0,1,-1",,,3,0,0,0,0
"-1,-1,1,1,1,-1,0,1,1,-1,1,1,1,0,-1,-1,1,1,0,1,-1,-1,-1,1,1,-1,-1,1,1,1,1",,,3,0,0,0,0
"-1,-1,1,1,1,-1,0,1,-1,1,1,1,1,0,1,-1,1,1,0,1,1,1,1,1,1,1,-1,1,1,1,1",,,3,0,0,0,0
"1,-1,1,1,1,-1,-1,0,-1,1,1,1,1,0,0,0,1,1,0,1,1,1,1,1,1,0,-1,1,0,1,-1",,,3,0,0,0,0
"-1,-1,1,-1,1,-1,-1,1,-1,1,1,-1,-1,1,0,-1,-1,-1,0,1,1,1,1,1,1,1,-1,1,0,1,1",,,3,0,0,0,0
"-1,-1,1,1,1,-1,1,1,-1,1,1,1,1,0,-1,-1,1,1,0,1,1,1,1,1,1,-1,-1,1,1,1,1",,,3,0,0,0,0
"-1,-1,1,1,1,-1,1,-1,1,1,1,1,1,0,-1,-1,1,1,0,1,1,1,1,1,1,1,-1,-1,0,1,-1",,,3,0,0,0,0
"-1,-1,1,1,1,-1,-1,0,-1,1,1,1,1,-1,0,-1,1,1,0,1,1,1,1,1,1,0,-1,-1,0,1,-1",,,3,0,0,0,0
"-1,-1,1,1,1,-1,1,1,1,-1,1,1,-1,0,1,0,1,1,0,1,1,-1,1,1,1,1,-1,1,1,1,1",,,3,0,0,0,0
"-1,-1,1,1,1,1,1,1,-1,1,1,1,1,0,0,-1,1,1,0,1,1,-1,1,1,1,0,-1,1,1,1,1",,,3,0,0,0,0
"-1,-1,1,-1,1,-1,0,1,-1,-1,1,1,1,0,0,-1,-1,-1,0,-1,1,-1,1,1,1,0,-1,1,-1,1,1",,,3,0,0,0,0
"-1,-1,1,1,1,-1,0,-1,1,1,1,1,1,-1,-1,-1,1,1,0,1,1,1,1,1,1,0,-1,-1,0,1,-1",,,3,0,0,0,0
"-1,-1,-1,1,-1,1,1,1,-1,1,1,-1,1,0,0,-1,1,-1,1,1,1,1,1,1,-1,0,-1,1,1,1,1",,,3,0,0,0,0
"-1,-1,1,1,1,-1,-1,0,1,-1,1,-1,-1,-1,0,-1,1,1,0,-1,1,-1,1,1,1,0,-1,1,1,1,-1",,,3,0,0,0,0
"1,1,-1,1,-1,-1,0,1,-1,1,1,-1,1,0,-1,-1,1,-1,1,1,1,1,1,1,-1,1,1,1,1,1,1",,,3,0,0,0,0
"-1,1,1,1,1,-1,1,1,-1,-1,-1,1,1,0,-1,-1,-1,1,0,-1,1,-1,-1,1,1,0,1,1,-1,1,1",,,3,0,0,0,0
"-1,1,1,1,1,1,1,1,-1,1,1,1,1,0,0,-1,1,1,0,1,1,1,1,1,1,-1,1,1,1,1,1",,,3,0,0,0,0
"1,1,1,-1,1,-1,1,1,1,1,1,1,-1,0,0,1,-1,-1,0,1,1,1,1,1,1,0,-1,1,-1,1,1",,,3,0,0,0,0
"1,-1,-1,1,-1,1,1,1,-1,1,1,-1,1,1,1,-1,1,-1,1,1,1,1,1,1,-1,1,-1,1,1,1,1",,,3,0,0,0,0
"-1,-1,1,1,1,-1,1,-1,1,1,1,1,-1,0,-1,-1,1,1,0,1,1,1,1,1,1,-1,-1,1,1,1,1",,,3,0,0,0,0
"1,1,1,-1,1,-1,-1,-1,-1,-1,-1,1,-1,-1,0,-1,-1,1,0,-1,1,-1,-1,-1,1,1,1,1,0,1,-1",,,3,0,0,0,0
"-1,1,1,1,1,-1,-1,-1,-1,1,1,1,1,-1,0,-1,1,1,0,1,1,1,1,-1,1,0,1,-1,0,-1,-1",,,3,0,0,0,0
"1,1,1,1,1,-1,0,-1,-1,1,1,1,1,0,0,0,1,1,0,1,1,1,1,-1,1,1,1,-1,0,1,-1",,,3,0,0,0,0
"-1,-1,1,1,1,-1,1,-1,1,1,1,1,-1,0,-1,-1,1,1,0,1,1,1,1,1,1,1,-1,1,1,1,1",,,3,0,0,0,0
"-1,-1,1,1,1,-1,1,1,1,1,1,1,1,0,-1,-1,1,1,0,1,1,1,1,-1,1,0,-1,1,0,1,-1",,,3,0,0,0,0
"1,-1,1,1,-1,-1,1,1,-1,1,1,1,1,1,0,1,1,1,1,1,1,1,1,1,1,1,-1,1,-1,1,1",,,3,0,0,0,0
"1,-1,1,1,1,1,1,1,-1,1,1,1,1,1,1,1,1,1,0,1,1,1,1,1,1,1,-1,1,0,-1,1",,,3,0,0,0,0
"-1,-1,1,1,1,-1,0,-1,-1,1,1,1,-1,0,0,-1,1,1,0,1,1,1,1,-1,1,1,-1,1,0,1,-1",,,3,0,0,0,0
"1,-1,1,1,1,-1,-1,0,-1,1,1,1,-1,-1,0,-1,1,1,0,1,1,1,1,1,1,0,-1,1,0,1,-1",,,3,0,0,0,0
"-1,-1,-1,1,-1,-1,1,1,-1,1,1,-1,1,1,1,1,1,-1,1,1,1,1,1,1,-1,-1,-1,1,1,1,1",,,3,0,0,0,0
"-1,-1,1,1,1,-1,1,1,-1,1,1,1,1,0,-1,-1,1,1,0,1,1,1,1,1,1,-1,-1,-1,1,1,1",,,3,0,0,0,0
"-1,-1,1,-1,1,-1,0,-1,-1,-1,-1,1,1,0,1,-1,-1,1,0,-1,1,-1,-1,1,1,-1,-1,1,1,1,1",,,3,0,0,0,0
"-1,1,-1,1,-1,-1,1,-1,-1,1,1,-1,1,-1,-1,-1,1,-1,1,1,1,1,1,-1,-1,1,1,1,1,1,-1",,,3,0,0,0,0
"-1,-1,1,1,1,-1,1,-1,-1,1,1,1,1,1,0,-1,1,1,0,1,1,1,1,-1,1,1,-1,-1,0,1,-1",,,3,0,0,0,0
"-1,-1,-1,-1,-1,-1,1,-1,1,-1,-1,-1,-1,-1,-1,-1,-1,-1,1,-1,1,-1,-1,1,-1,1,-1,1,1,1,-1",,,3,0,0,0,0
"-1,-1,-1,1,1,-1,-1,1,-1,1,1,-1,-1,0,0,-1,1,1,0,1,1,1,1,1,1,1,-1,1,0,-1,1",,,3,0,0,0,0
"-1,-1,1,1,1,-1,-1,-1,-1,1,1,1,1,0,-1,1,1,1,0,1,1,1,1,-1,1,1,-1,1,1,1,-1",,,3,0,0,0,0
"-1,-1,1,1,1,-1,-1,-1,-1,1,1,1,-1,-1,0,-1,1,1,0,1,1,1,1,1,1,1,-1,1,0,-1,-1",,,3,0,0,0,0
"1,-1,1,1,1,-1,-1,-1,-1,1,1,1,-1,-1,-1,0,1,1,0,1,1,1,1,1,1,1,-1,1,0,1,-1",,,3,0,0,0,0
"-1,-1,1,-1,1,-1,1,1,-1,-1,-1,1,1,0,0,-1,-1,1,0,-1,1,-1,-1,1,1,-1,-1,1,1,1,1",,,3,0,0,0,0
"1,-1,1,1,1,-1,0,-1,1,1,1,1,-1,0,-1,-1,1,1,0,1,1,1,1,1,1,1,-1,1,1,1,-1",,,3,0,0,0,0
"-1,-1,1,1,1,-1,0,1,1,1,1,1,1,0,0,-1,1,1,0,1,1,1,1,1,1,1,-1,-1,1,1,-1",,,3,0,0,0,0
"-1,1,1,1,1,-1,1,1,-1,1,1,1,1,1,0,-1,1,1,0,1,1,1,1,1,1,0,1,1,1,1,1",,,3,0,0,0,0
"1,-1,1,1,1,-1,0,-1,1,1,1,-1,-1,0,-1,-1,1,1,0,1,1,1,1,1,1,-1,-1,1,1,1,1",,,3,0,0,0,0
"1,-1,1,1,1,1,1,1,1,1,1,1,-1,0,0,-1,1,1,0,1,1,1,1,1,1,0,-1,1,0,1,1",,,3,0,0,0,0
"1,-1,1,1,1,-1,1,1,-1,1,1,1,1,0,0,1,1,1,0,1,1,1,1,1,1,0,-1,1,0,1,1",,,3,0,0,0,0
"-1,-1,1,1,-1,-1,0,0,1,1,1,1,-1,0,-1,-1,1,1,1,1,1,1,1,1,1,1,-1,1,1,1,-1",,,3,0,0,0,0
"1,-1,1,-1,1,-1,0,1,-1,-1,-1,1,1,0,-1,-1,-1,1,0,-1,1,-1,1,1,1,1,-1,1,0,1,1",,,3,0,0,0,0
"-1,-1,1,1,1,-1,0,1,-1,1,1,1,1,0,0,-1,1,1,0,1,1,1,1,1,1,1,-1,-1,1,1,1",,,3,0,0,0,0
"1,-1,1,1,1,-1,1,-1,1,1,1,1,-1,-1,-1,0,1,1,0,1,1,1,1,-1,1,0,-1,1,0,1,-1",,,3,0,0,0,0
"-1,-1,1,1,1,-1,1,1,-1,1,1,1,1,1,1,1,1,1,0,1,1,1,1,1,1,1,-1,1,0,1,1",,,3,0,0,0,0
"-1,1,1,1,1,-1,-1,0,-1,1,1,1,1,-1,-1,-1,1,1,0,1,1,1,1,1,1,0,1,1,0,1,-1",,,3,0,0,0,0
"-1,-1,1,1,1,-1,0,1,-1,1,1,1,-1,0,-1,-1,1,1,0,1,1,1,1,-1,1,1,-1,1,0,1,-1",,,3,0,0,0,0
"1,-1,1,1,1,-1,1,-1,1,1,1,1,-1,-1,-1,-1,1,1,0,1,1,1,1,-1,1,1,-1,1,0,1,-1",,,3,0,0,0,0
"-1,-1,-1,-1,-1,-1,1,0,-1,-1,1,-1,1,-1,-1,-1,1,-1,0,-1,1,-1,1,1,-1,0,-1,1,0,1,-1",,,3,0,0,0,0
"-1,1,1,1,1,-1,0,-1,1,1,1,1,-1,-1,-1,-1,1,1,0,1,1,1,1,-1,1,0,1,1,1,1,-1",,,3,0,0,0,0
"-1,-1,1,1,1,-1,1,1,-1,1,1,1,1,1,1,-1,1,1,0,1,1,1,1,1,1,-1,-1,1,1,1,1",,,3,0,0,0,0
"1,-1,1,1,1,-1,1,-1,1,1,1,1,1,0,-1,-1,1,1,0,1,1,1,1,1,1,1,-1,-1,0,1,-1",,,3,0,0,0,0
"1,-1,1,1,1,-1,0,-1,-1,1,1,1,1,0,-1,-1,1,1,0,1,1,1,1,1,1,0,-1,-1,0,1,-1",,,3,0,0,0,0
"-1,-1,1,1,1,-1,1,1,-1,1,1,1,-1,0,-1,-1,1,1,0,1,1,1,1,1,1,0,-1,1,1,1,1",,,3,0,0,0,0
"-1,1,1,-1,1,-1,0,0,-1,-1,-1,1,1,-1,0,-1,-1,1,0,1,1,1,1,1,1,0,1,-1,1,1,-1",,,3,0,0,0,0
"-1,-1,-1,-1,1,-1,0,1,-1,1,1,-1,1,0,-1,-1,-1,-1,0,1,1,1,1,1,1,1,-1,1,1,1,-1",,,3,0,0,0,0
"-1,1,1,1,1,-1,0,1,-1,-1,1,1,1,0,0,-1,1,1,0,-1,1,-1,-1,1,1,1,1,-1,0,1,1",,,3,0,0,0,0
"1,-1,1,1,1,-1,0,-1,-1,1,1,1,1,0,-1,-1,1,1,0,1,1,1,1,1,1,-1,-1,1,0,1,1",,,3,0,0,0,0
"-1,-1,1,-1,1,-1,0,-1,-1,-1,-1,1,1,-1,0,-1,-1,1,0,-1,1,-1,-1,1,1,0,-1,1,1,1,-1",,,3,0,0,0,0
"1,-1,1,1,1,-1,-1,-1,-1,1,1,1,1,-1,0,-1,1,1,0,1,1,1,1,1,1,0,-1,1,-1,1,-1",,,3,0,0,0,0
"-1,-1,1,1,-1,-1,-1,-1,1,1,1,1,-1,-1,0,-1,1,1,0,1,1,1,1,1,1,0,-1,1,0,1,-1",,,3,0,0,0,0
"-1,-1,1,1,1,-1,0,1,-1,-1,1,1,1,0,0,-1,1,1,0,1,1,-1,1,1,1,0,-1,1,0,1,-1",,,3,0,0,0,0
"1,-1,1,1,1,-1,0,1,-1,1,1,1,1,0,0,-1,1,1,0,1,1,1,1,1,1,0,-1,1,0,1,-1",,,3,0,0,0,0
"-1,-1,1,1,1,-1,1,1,1,1,1,1,-1,0,1,-1,1,1,0,1,1,1,1,1,1,1,-1,1,1,1,1",,,3,0,0,0,0
"1,-1,1,1,1,-1,-1,1,1,1,1,1,-1,-1,-1,0,1,1,0,1,1,1,1,1,1,0,-1,1,0,1,-1",,,3,0,0,0,0
"-1,-1,1,1,1,-1,0,-1,-1,1,1,1,-1,0,0,0,1,1,0,1,1,1,1,1,1,0,-1,1,0,1,-1",,,3,0,0,0,0
"-1,-1,1,1,1,-1,1,1,-1,1,1,-1,-1,1,1,-1,1,1,0,1,1,1,1,1,1,1,-1,1,0,1,1",,,3,0,0,0,0
"1,1,1,1,1,-1,1,1,-1,1,1,1,1,1,1,-1,1,1,0,1,1,1,1,1,1,1,1,1,0,1,1",,,3,0,0,0,0
"1,-1,1,-1,1,-1,0,1,1,-1,-1,1,-1,0,-1,-1,-1,1,0,-1,1,-1,-1,1,1,0,-1,1,0,1,-1",,,3,0,0,0,0
"-1,-1,-1,-1,-1,-1,0,-1,-1,-1,-1,-1,-1,-1,1,-1,-1,-1,1,1,1,-1,1,1,-1,0,-1,1,1,1,-1",,,3,0,0,0,0
"-1,-1,1,1,1,-1,0,-1,1,1,1,1,-1,-1,-1,-1,1,1,0,1,1,1,1,1,1,0,-1,1,0,1,-1",,,3,0,0,0,0
"-1,1,-1,-1,-1,-1,1,-1,-1,-1,-1,-1,1,-1,1,-1,-1,-1,1,-1,-1,-1,-1,1,-1,0,1,1,1,1,-1",,,3,0,0,0,0
"1,-1,1,1,1,-1,-1,-1,-1,1,1,1,1,-1,0,-1,1,1,0,1,1,1,1,1,1,0,-1,-1,0,-1,-1",,,3,0,0,0,0
"1,-1,1,-1,1,-1,-1,-1,1,-1,-1,1,-1,0,0,0,-1,1,0,-1,-1,-1,-1,1,1,0,-1,1,0,1,-1",,,3,0,0,0,0
"-1,-1,1,1,1,-1,-1,-1,1,1,1,1,-1,-1,-1,-1,1,1,0,1,1,1,1,1,1,1,-1,-1,0,1,-1",,,3,0,0,0,0
"1,-1,1,1,1,-1,1,-1,1,1,1,1,-1,0,0,-1,1,1,0,1,1,1,1,1,1,1,-1,1,0,1,-1",,,3,0,0,0,0
"-1,-1,1,1,1,-1,1,1,-1,-1,1,1,1,0,-1,-1,1,1,0,1,1,-1,1,-1,1,1,-1,1,1,1,1",,,3,0,0,0,0
"-1,1,1,1,1,-1,1,1,-1,-1,-1,1,1,0,-1,-1,-1,1,0,-1,1,-1,-1,-1,1,0,1,1,-1,1,1",,,3,0,0,0,0
"1,-1,1,-1,-1,1,1,1,1,-1,-1,-1,-1,0,1,1,-1,-1,1,-1,1,-1,1,-1,1,0,-1,1,0,1,1",,,3,0,0,0,0
"-1,-1,1,1,-1,-1,-1,-1,1,1,1,1,-1,-1,0,-1,1,1,0,1,1,1,1,1,1,1,-1,1,0,1,-1",,,3,0,0,0,0
"-1,-1,1,1,1,-1,-1,0,1,1,1,1,-1,0,0,0,1,1,0,1,1,1,1,1,1,0,-1,-1,0,1,-1",,,3,0,0,0,0
"1,-1,1,1,1,-1,0,1,-1,1,1,1,1,0,-1,-1,1,1,0,1,1,1,1,1,1,0,-1,-1,0,1,-1",,,3,0,0,0,0
"1,-1,1,-1,1,1,1,1,-1,-1,1,-1,1,1,1,-1,1,-1,0,-1,1,-1,1,1,1,-1,-1,-1,-1,1,1",,,3,0,0,0,0
"-1,1,-1,1,-1,-1,0,1,-1,1,1,-1,1,0,0,-1,1,-1,1,1,1,1,1,1,-1,1,1,1,1,1,-1",,,3,0,0,0,0
"-1,-1,1,1,1,-1,0,-1,-1,1,1,1,1,-1,-1,0,1,1,0,1,1,1,1,1,1,0,-1,1,1,1,-1",,,3,0,0,0,0
"-1,-1,1,1,1,-1,1,1,-1,1,1,1,1,1,-1,-1,1,1,0,1,1,1,1,1,1,1,-1,-1,1,1,1",,,3,0,0,0,0
"-1,-1,1,1,1,-1,1,1,1,-1,1,1,-1,1,-1,-1,1,1,0,1,1,-1,1,1,1,1,-1,1,1,1,1",,,3,0,0,0,0
"-1,-1,-1,1,-1,-1,-1,0,1,1,1,-1,-1,-1,1,-1,1,-1,1,1,1,1,1,1,-1,0,-1,1,0,1,-1",,,3,0,0,0,0
"1,-1,1,1,-1,-1,1,1,-1,1,1,1,1,1,0,1,1,1,1,1,1,1,1,1,1,1,-1,-1,-1,1,1",,,3,0,0,0,0
"1,-1,1,1,1,-1,1,1,-1,1,1,1,-1,0,0,0,1,1,0,1,1,1,1,1,1,1,-1,1,0,1,1",,,3,0,0,0,0
"-1,-1,1,1,1,-1,-1,0,1,1,1,1,1,-1,-1,-1,1,1,0,1,1,1,1,1,1,0,-1,1,0,1,-1",,,3,0,0,0,0
"1,-1,1,-1,1,-1,-1,1,1,-1,-1,1,-1,0,0,0,-1,1,0,-1,1,-1,-1,1,1,1,-1,1,0,1,1",,,3,0,0,0,0
"-1,-1,1,1,1,-1,-1,0,1,1,1,1,-1,1,-1,-1,1,1,0,1,1,1,1,1,1,0,-1,-1,1,1,-1",,,3,0,0,0,0
"-1,-1,1,1,1,-1,-1,-1,1,1,1,1,1,-1,0,-1,1,1,0,1,1,1,1,1,1,0,-1,1,0,1,-1",,,3,0,0,0,0
"1,-1,1,1,1,-1,0,1,-1,1,1,1,-1,1,-1,1,1,1,0,1,1,1,1,-1,1,0,-1,-1,0,1,1",,,3,0,0,0,0
"-1,-1,1,1,1,-1,1,1,-1,1,1,1,-1,0,0,0,1,1,0,1,1,1,1,-1,1,0,-1,1,0,1,1",,,3,0,0,0,0
"-1,-1,-1,-1,-1,-1,1,-1,-1,-1,-1,-1,1,-1,1,-1,-1,-1,1,-1,-1,-1,-1,1,-1,0,-1,1,1,1,-1",,,3,0,0,0,0
"-1,-1,1,-1,1,1,1,1,-1,-1,-1,1,1,1,0,-1,-1,1,0,-1,-1,-1,-1,1,1,-1,-1,1,1,1,1",,,3,0,0,0,0
"-1,-1,1,1,1,1,1,-1,1,1,1,1,-1,0,0,-1,1,1,0,1,1,1,1,1,1,0,-1,1,1,1,1",,,3,0,0,0,0
"-1,-1,1,-1,1,-1,0,-1,-1,-1,-1,1,1,-1,0,-1,-1,1,0,-1,1,-1,1,1,1,0,-1,1,0,1,-1",,,3,0,0,0,0
"-1,-1,-1,1,-1,1,1,1,-1,1,1,-1,1,0,0,-1,1,-1,1,1,1,1,1,-1,-1,-1,-1,1,1,1,1",,,3,0,0,0,0
"1,-1,1,1,1,-1,0,-1,-1,1,1,1,-1,-1,-1,-1,1,1,0,1,1,1,1,1,1,0,-1,-1,0,1,-1",,,3,0,0,0,0
"-1,-1,1,1,1,-1,0,-1,-1,1,1,-1,1,0,-1,-1,1,1,0,1,1,1,1,1,1,0,-1,1,0,1,-1",,,3,0,0,0,0
"-1,0,1,-1,1,-1,1,0,1,1,1,1,-1,-1,-1,-1,-1,-1,0,1,1,1,1,1,1,0,-1,1,1,1,-1",,,3,0,0,0,0
"-1,-1,1,1,1,-1,0,-1,1,1,1,1,-1,-1,-1,0,1,1,0,1,1,1,1,1,1,0,-1,-1,0,1,-1",,,3,0,0,0,0
"-1,-1,1,1,1,-1,1,1,-1,1,1,1,1,0,1,-1,1,1,0,1,1,1,1,-1,1,0,-1,1,0,1,1",,,3,0,0,0,0
"-1,-1,1,1,1,-1,1,-1,-1,1,1,1,-1,0,-1,-1,1,1,0,1,1,1,1,1,1,1,-1,-1,0,1,-1",,,3,0,0,0,0
"-1,-1,-1,1,-1,1,1,1,1,1,1,-1,-1,1,1,-1,1,-1,1,1,1,1,1,1,-1,-1,-1,1,1,1,1",,,3,0,0,0,0
"1,-1,1,1,1,-1,0,-1,1,1,1,1,-1,0,-1,-1,1,1,0,1,1,1,1,1,1,0,-1,-1,0,1,-1",,,3,0,0,0,0
"-1,-1,-1,1,-1,-1,1,1,-1,1,1,-1,1,1,1,-1,1,-1,1,1,1,1,1,1,-1,0,-1,1,1,1,1",,,3,0,0,0,0
"-1,1,-1,-1,-1,-1,-1,-1,1,-1,-1,-1,-1,-1,1,0,-1,-1,1,-1,-1,-1,-1,1,-1,1,1,1,1,1,-1",,,3,0,0,0,0
"-1,1,1,1,1,-1,0,1,-1,1,1,1,1,0,1,-1,1,1,0,1,1,-1,1,1,1,1,1,1,1,1,-1",,,3,0,0,0,0
"-1,-1,1,1,1,-1,-1,0,1,1,1,1,-1,-1,-1,-1,-1,1,0,1,1,1,1,1,1,0,-1,1,1,1,-1",,,3,0,0,0,0
"-1,-1,1,1,1,-1,-1,0,1,1,1,1,-1,-1,0,-1,1,1,0,1,1,1,1,1,1,0,-1,1,0,1,-1",,,3,0,0,0,0
"1,-1,1,1,1,-1,1,1,-1,1,1,1,1,0,0,0,1,1,0,1,1,1,1,-1,1,-1,-1,1,0,1,1",,,3,0,0,0,0
"-1,-1,-1,1,-1,-1,1,1,-1,1,1,-1,1,0,0,-1,1,-1,1,1,1,1,1,1,-1,-1,-1,1,1,1,1",,,3,0,0,0,0
"-1,-1,1,1,1,-1,1,1,-1,-1,1,1,1,0,-1,-1,1,1,0,1,1,-1,1,1,1,1,-1,1,0,1,1",,,3,0,0,0,0
"-1,1,-1,1,-1,-1,1,-1,-1,1,1,-1,1,-1,0,0,1,-1,1,1,1,1,1,1,-1,1,1,1,1,1,-1",,,3,0,0,0,0
"-1,-1,1,-1,1,-1,1,1,-1,-1,-1,1,1,1,0,-1,-1,1,0,-1,-1,-1,-1,1,1,0,-1,1,1,1,1",,,3,0,0,0,0
"1,-1,1,1,1,-1,-1,-1,1,1,1,1,-1,0,0,0,1,1,0,1,1,1,1,1,1,1,-1,-1,0,1,-1",,,3,0,0,0,0
"-1,-1,1,1,1,-1,1,-1,-1,1,1,1,-1,-1,0,-1,1,1,0,1,1,1,1,1,1,0,-1,-1,0,1,-1",,,3,0,0,0,0
"1,1,1,1,1,-1,-1,-1,-1,1,1,1,1,-1,0,-1,1,1,0,1,1,1,1,1,1,0,1,1,0,-1,-1",,,3,0,0,0,0
"-1,-1,1,-1,1,-1,1,1,-1,-1,-1,1,1,0,0,1,-1,1,0,-1,1,-1,-1,-1,1,1,-1,1,1,1,1",,,3,0,0,0,0
"-1,1,-1,1,-1,-1,1,1,-1,1,1,-1,1,0,-1,1,1,-1,1,1,1,1,1,-1,-1,0,1,-1,1,1,1",,,3,0,0,0,0
"-1,-1,1,1,1,-1,1,-1,-1,1,1,1,1,1,0,-1,1,1,0,1,1,1,1,1,1,0,-1,1,0,1,1",,,3,0,0,0,0
"1,-1,1,-1,1,1,1,1,1,-1,-1,1,-1,0,1,-1,-1,1,0,-1,1,-1,-1,1,1,-1,-1,1,1,1,1",,,3,0,0,0,0
"1,0,-1,-1,-1,-1,1,1,-1,1,1,-1,1,0,0,0,-1,-1,0,1,1,1,1,1,-1,1,-1,1,-1,1,1",,,3,0,0,0,0
"-1,-1,1,1,1,-1,1,1,1,1,1,1,-1,0,0,1,1,1,0,1,1,1,1,1,1,1,-1,-1,0,1,1",,,3,0,0,0,0
"-1,-1,1,-1,-1,1,1,1,1,-1,-1,-1,-1,0,1,1,-1,-1,1,-1,1,-1,1,-1,1,0,-1,1,0,1,1",,,3,0,0,0,0
"1,-1,1,1,1,1,1,1,1,1,1,1,-1,1,0,-1,1,1,0,1,1,1,1,1,1,-1,-1,1,0,1,1",,,3,0,0,0,0
"1,-1,1,1,1,1,1,1,1,1,1,1,-1,0,1,-1,1,1,0,1,1,1,1,1,1,-1,-1,1,0,1,1",,,3,0,0,0,0
"1,-1,1,1,1,-1,-1,0,1,1,1,1,-1,-1,0,0,1,1,0,1,1,1,1,1,1,1,-1,1,0,1,-1",,,3,0,0,0,0
"-1,-1,1,1,1,-1,-1,-1,-1,1,1,1,1,0,-1,0,1,1,0,1,1,1,1,1,1,1,-1,1,1,1,-1",,,3,0,0,0,0
"1,-1,1,1,1,1,0,1,-1,1,1,1,-1,0,-1,-1,-1,1,0,1,1,1,1,1,1,1,-1,-1,0,1,1",,,3,0,0,0,0
"-1,-1,1,1,1,-1,1,1,-1,1,1,1,1,0,-1,-1,1,1,0,1,1,1,1,-1,1,0,-1,1,-1,1,1",,,3,0,0,0,0
"-1,-1,1,1,1,-1,-1,-1,-1,1,1,1,1,-1,0,-1,1,1,0,1,1,1,1,1,1,1,-1,1,0,-1,-1",,,3,0,0,0,0
"-1,-1,1,1,1,-1,1,1,1,1,1,1,-1,0,1,-1,1,1,0,1,1,1,1,1,1,0,-1,1,1,1,1",,,3,0,0,0,0
"1,-1,1,-1,1,1,1,1,-1,-1,-1,1,-1,1,1,-1,-1,1,0,-1,-1,-1,-1,1,1,-1,-1,1,1,1,1",,,3,0,0,0,0
"-1,-1,-1,1,-1,1,1,1,-1,1,1,1,1,1,0,-1,1,1,1,1,1,1,1,-1,1,-1,-1,1,-1,1,1",,,3,0,0,0,0
"1,-1,1,1,1,-1,0,-1,-1,1,1,1,-1,0,0,0,1,1,0,1,1,1,1,1,1,1,-1,-1,0,1,-1",,,3,0,0,0,0
"1,-1,1,-1,1,-1,-1,-1,-1,-1,-1,1,1,-1,0,-1,-1,1,0,-1,-1,-1,-1,1,1,1,-1,1,0,1,-1",,,3,0,0,0,0
"-1,-1,1,-1,1,-1,1,-1,-1,-1,-1,1,1,-1,-1,-1,-1,1,0,-1,-1,-1,-1,1,1,0,-1,1,0,1,-1",,,3,0,0,0,0
"-1,-1,1,1,1,-1,1,-1,1,1,1,1,-1,0,0,-1,1,1,0,1,1,1,1,1,1,-1,-1,1,1,1,1",,,3,0,0,0,0
"-1,-1,1,1,1,-1,0,1,-1,1,1,1,1,0,0,-1,1,1,0,1,1,1,1,1,1,-1,-1,1,1,1,1",,,3,0,0,0,0
"-1,-1,-1,-1,-1,-1,0,-1,-1,-1,-1,-1,-1,-1,1,-1,-1,-1,1,-1,1,-1,1,1,-1,0,-1,1,1,1,-1",,,3,0,0,0,0
"-1,-1,1,-1,1,-1,1,1,1,-1,-1,1,-1,1,0,-1,-1,1,0,-1,1,-1,-1,-1,1,0,-1,-1,1,1,1",,,3,0,0,0,0
"1,-1,1,1,1,-1,0,-1,-1,1,1,1,1,0,-1,-1,1,1,0,1,1,1,1,1,1,1,-1,1,0,1,-1",,,3,0,0,0,0
"1,-1,1,-1,1,-1,-1,-1,-1,-1,-1,1,1,-1,1,-1,-1,1,0,-1,-1,-1,-1,1,1,0,-1,1,0,1,-1",,,3,0,0,0,0
"-1,-1,1,1,1,-1,-1,0,1,1,1,1,-1,-1,0,-1,1,1,0,1,1,1,1,1,1,0,-1,1,0,-1,-1",,,3,0,0,0,0
"-1,-1,1,1,1,-1,-1,1,1,1,1,1,-1,-1,-1,-1,1,1,0,1,1,1,1,1,1,1,-1,1,0,1,-1",,,3,0,0,0,0
"1,-1,1,-1,1,-1,0,-1,-1,-1,-1,1,-1,-1,0,-1,-1,1,0,1,1,-1,-1,1,1,1,-1,1,0,1,-1",,,3,0,0,0,0
"-1,-1,1,1,1,-1,0,1,-1,1,1,1,-1,-1,-1,-1,1,1,0,1,1,1,1,1,1,1,-1,1,0,1,-1",,,3,0,0,0,0
"-1,-1,1,1,1,-1,1,-1,1,1,1,1,1,0,-1,-1,1,1,0,1,1,1,1,1,1,1,-1,1,0,1,-1",,,3,0,0,0,0
"1,-1,1,1,1,1,1,1,-1,1,1,1,1,0,0,1,1,1,0,1,1,1,1,-1,1,-1,-1,1,0,1,1",,,3,0,0,0,0
"1,1,1,-1,1,-1,1,1,-1,-1,-1,1,1,0,0,0,-1,1,0,1,1,-1,1,1,1,1,1,1,0,1,1",,,3,0,0,0,0
"1,-1,1,1,1,-1,0,-1,-1,1,1,1,-1,-1,-1,-1,1,1,0,1,1,1,1,1,1,1,-1,1,0,1,-1",,,3,0,0,0,0
"1,-1,1,1,1,-1,0,1,-1,1,1,1,1,1,-1,-1,1,1,0,1,1,1,1,1,1,1,-1,1,0,1,1",,,3,0,0,0,0
"-1,-1,1,1,1,-1,-1,-1,-1,1,1,1,-1,-1,0,-1,1,1,0,1,1,1,1,1,1,1,-1,1,1,-1,-1",,,3,0,0,0,0
"-1,1,1,1,1,-1,-1,-1,-1,1,1,1,1,-1,0,-1,1,1,0,1,1,1,1,-1,1,0,1,-1,1,-1,-1",,,3,0,0,0,0
"-1,-1,1,1,1,1,1,1,1,1,1,1,-1,0,-1,1,1,1,0,1,1,1,1,1,1,1,-1,1,1,1,1",,,3,0,0,0,0
"1,-1,1,1,1,-1,0,1,1,1,1,1,-1,0,-1,-1,1,1,0,1,1,1,1,1,1,1,-1,1,0,1,1",,,3,0,0,0,0
"1,-1,1,1,1,-1,1,-1,-1,1,1,1,-1,0,0,-1,1,1,0,1,1,1,1,-1,1,1,-1,1,0,1,-1",,,3,0,0,0,0
"1,-1,1,1,1,1,1,1,-1,1,1,1,1,1,0,1,1,1,0,1,1,1,1,-1,1,1,-1,1,0,1,1",,,3,0,0,0,0
"-1,-1,1,1,1,-1,1,-1,1,1,1,1,-1,0,1,-1,1,1,0,1,1,1,1,1,1,0,-1,-1,1,1,-1",,,3,0,0,0,0
"1,1,1,1,1,-1,0,-1,-1,1,1,-1,1,0,0,-1,1,1,0,1,1,1,1,1,1,-1,-1,-1,-1,1,1",,,3,0,0,0,0
"-1,-1,1,-1,1,-1,1,1,1,-1,-1,1,-1,1,0,-1,-1,1,0,-1,1,-1,-1,-1,1,0,-1,1,1,1,1",,,3,0,0,0,0
"-1,-1,1,1,1,-1,1,1,-1,1,1,1,1,1,1,1,1,1,0,1,1,1,1,-1,1,-1,-1,1,0,-1,1",,,3,0,0,0,0
"1,-1,1,1,1,-1,0,0,-1,1,1,1,1,0,1,-1,1,1,0,1,1,1,1,-1,1,1,-1,1,0,1,-1",,,3,0,0,0,0
"1,1,1,1,1,-1,-1,-1,-1,1,1,1,-1,-1,0,-1,1,1,0,1,1,1,1,-1,1,1,1,1,0,-1,-1",,,3,0,0,0,0
"1,-1,1,1,1,-1,-1,0,1,1,1,1,-1,-1,0,-1,1,1,0,1,1,1,1,1,1,0,-1,1,1,-1,-1",,,3,0,0,0,0
"-1,-1,1,1,1,-1,0,-1,-1,1,1,1,-1,0,-1,-1,1,1,0,1,1,1,1,-1,1,1,-1,1,1,1,-1",,,3,0,0,0,0
"-1,-1,1,-1,1,-1,0,-1,1,1,1,-1,-1,-1,-1,-1,-1,-1,0,1,1,1,1,1,1,0,-1,1,-1,1,-1",,,3,0,0,0,0
"1,-1,1,-1,1,-1,1,1,-1,-1,-1,1,1,0,-1,-1,-1,1,0,-1,-1,-1,-1,1,1,0,-1,-1,0,1,1",,,3,0,0,0,0
"-1,-1,1,1,1,-1,1,1,-1,-1,-1,1,-1,0,0,0,-1,1,0,1,1,-1,1,1,1,-1,-1,1,1,1,1",,,3,0,0,0,0
"-1,-1,1,1,1,-1,-1,0,-1,1,1,1,1,-1,0,0,1,1,0,1,1,1,1,1,1,0,-1,-1,0,-1,-1",,,3,0,0,0,0
"-1,-1,1,1,1,-1,0,0,1,1,1,1,-1,0,-1,-1,1,1,0,1,1,1,1,-1,1,1,-1,1,0,1,-1",,,3,0,0,0,0
"1,-1,1,1,1,-1,1,1,-1,-1,1,1,1,1,1,1,1,1,0,1,1,-1,1,1,1,-1,-1,1,1,1,1",,,3,0,0,0,0
"1,-1,1,1,1,-1,0,1,1,1,1,1,-1,1,-1,1,1,1,0,1,1,1,1,1,1,1,-1,1,0,1,1",,,3,0,0,0,0
"1,-1,1,-1,1,1,0,1,-1,1,1,-1,-1,1,-1,-1,-1,-1,0,1,1,1,1,1,1,-1,-1,1,0,1,1",,,3,0,0,0,0
"-1,-1,1,1,1,1,-1,1,-1,1,1,1,1,0,1,-1,1,1,0,1,1,1,1,1,1,1,-1,1,1,1,1",,,3,0,0,0,0
"-1,1,-1,1,-1,-1,1,1,-1,1,1,-1,1,0,0,0,1,-1,1,1,1,1,1,-1,-1,-1,1,1,1,1,1",,,3,0,0,0,0
"-1,-1,1,-1,1,-1,0,0,-1,-1,-1,1,-1,0,-1,-1,-1,1,0,1,1,1,1,1,1,1,-1,1,1,1,-1",,,3,0,0,0,0
"1,-1,-1,1,-1,-1,1,1,1,1,1,-1,-1,0,-1,1,1,-1,1,1,1,1,1,1,-1,-1,-1,1,1,1,1",,,3,0,0,0,0
"1,-1,1,1,1,1,1,1,-1,1,1,1,1,1,0,-1,1,1,0,1,1,1,1,-1,1,0,-1,1,0,1,1",,,3,0,0,0,0
"1,-1,1,1,1,-1,1,1,-1,1,1,1,-1,0,0,1,1,1,0,1,1,1,1,1,1,-1,-1,1,0,1,1",,,3,0,0,0,0
"-1,1,1,1,1,-1,0,1,-1,1,1,1,1,0,-1,-1,1,1,0,1,1,-1,1,1,1,1,1,1,1,1,-1",,,3,0,0,0,0
"-1,-1,1,1,1,-1,-1,0,1,1,1,1,-1,-1,0,0,1,1,0,1,1,1,1,1,1,1,-1,1,1,-1,-1",,,3,0,0,0,0
"-1,1,-1,-1,-1,-1,1,-1,-1,-1,-1,-1,1,-1,-1,-1,-1,-1,1,-1,-1,-1,-1,-1,-1,1,1,1,1,1,-1",,,3,0,0,0,0
"1,1,-1,-1,-1,1,0,-1,-1,-1,-1,-1,1,1,1,-1,-1,-1,1,1,-1,-1,-1,1,-1,0,1,-1,1,1,1",,,3,0,0,0,0
"-1,1,1,1,1,-1,0,1,-1,-1,1,1,1,0,0,-1,1,1,0,-1,1,-1,-1,1,1,1,1,1,0,1,1",,,3,0,0,0,0
"1,-1,1,1,1,-1,1,1,-1,1,1,1,1,1,0,1,1,1,0,1,1,1,1,-1,1,-1,-1,-1,0,1,1",,,3,0,0,0,0
"-1,-1,1,1,1,-1,0,0,1,1,1,1,-1,-1,-1,-1,1,1,0,1,1,1,1,1,1,0,-1,1,1,1,-1",,,3,0,0,0,0
"-1,-1,1,1,1,-1,1,1,-1,1,1,1,1,0,0,-1,1,1,0,1,1,1,1,1,1,1,-1,1,1,1,1",,,3,0,0,0,0
"1,-1,1,1,1,-1,1,1,1,1,1,1,1,0,0,1,1,1,0,1,1,1,1,1,1,1,-1,1,0,1,1",,,3,0,0,0,0
"1,-1,1,1,1,-1,-1,-1,-1,1,1,1,1,-1,0,-1,1,1,0,1,1,1,1,1,1,0,-1,-1,1,-1,-1",,,3,0,0,0,0
"1,1,1,1,1,-1,1,1,-1,1,1,1,1,0,0,0,1,1,0,1,1,1,1,1,1,-1,1,1,0,1,1",,,3,0,0,0,0
"1,-1,1,1,1,1,1,1,-1,1,1,1,1,1,1,1,1,1,0,1,1,1,1,-1,1,0,-1,1,0,1,1",,,3,0,0,0,0
"-1,-1,-1,1,-1,-1,-1,1,1,1,1,-1,-1,0,1,-1,1,-1,1,1,1,1,1,1,-1,1,-1,1,0,1,1",,,3,0,0,0,0
"1,-1,1,1,1,-1,0,1,-1,1,1,1,1,0,0,-1,1,1,0,1,1,1,1,1,1,1,-1,1,0,1,-1",,,3,0,0,0,0
"-1,-1,1,1,1,-1,1,1,-1,-1,1,1,1,1,1,1,1,1,0,1,1,-1,1,1,1,-1,-1,-1,1,1,1",,,3,0,0,0,0
"1,-1,1,-1,1,-1,1,1,1,-1,-1,1,-1,1,-1,-1,-1,1,0,-1,1,-1,-1,1,1,1,-1,1,0,1,1",,,3,0,0,0,0
"1,-1,-1,1,-1,-1,1,1,-1,1,1,-1,-1,0,-1,0,1,-1,1,1,1,1,1,1,-1,1,-1,1,1,1,1",,,3,0,0,0,0
"-1,1,1,1,1,1,1,1,-1,1,1,1,1,1,0,-1,1,1,0,1,1,1,1,-1,1,-1,1,1,1,1,1",,,3,0,0,0,0
"1,-1,1,1,1,-1,1,1,-1,1,1,1,-1,0,0,1,1,1,0,1,1,1,1,-1,1,0,-1,1,0,1,1",,,3,0,0,0,0
"1,1,1,1,1,-1,-1,0,-1,1,1,1,1,1,0,-1,1,1,0,1,1,1,1,1,1,0,1,1,0,1,-1",,,3,0,0,0,0
"-1,-1,1,-1,1,-1,1,1,-1,-1,-1,1,1,1,1,1,-1,1,0,-1,-1,-1,-1,1,1,1,-1,-1,1,1,1",,,3,0,0,0,0
"-1,-1,1,1,1,-1,1,1,1,-1,1,1,-1,1,0,1,1,1,0,1,1,-1,-1,-1,1,0,-1,-1,1,1,1",,,3,0,0,0,0
"-1,-1,1,1,1,-1,-1,1,1,1,1,1,1,0,1,-1,1,1,0,1,1,1,1,-1,1,-1,-1,-1,1,1,1",,,3,0,0,0,0
"-1,-1,1,-1,1,-1,0,1,-1,-1,-1,1,1,0,-1,-1,-1,1,0,-1,1,-1,1,-1,1,1,-1,1,0,1,1",,,3,0,0,0,0
"-1,-1,1,1,1,-1,1,0,-1,-1,-1,1,-1,-1,-1,-1,-1,1,0,1,1,-1,1,1,1,0,-1,1,1,1,-1",,,3,0,0,0,0
"1,-1,1,1,1,1,-1,-1,1,1,1,1,-1,0,-1,-1,1,1,0,1,1,1,1,1,1,0,-1,1,1,1,1",,,3,0,0,0,0
"1,-1,1,1,1,-1,0,-1,1,1,1,1,-1,0,-1,-1,1,1,0,1,1,1,1,1,1,1,-1,1,0,1,-1",,,3,0,0,0,0
"1,-1,1,1,1,-1,-1,-1,-1,1,1,1,1,0,1,-1,1,1,0,1,1,1,1,1,1,1,-1,1,1,1,1",,,3,0,0,0,0
"-1,-1,1,1,1,-1,1,1,-1,-1,-1,1,1,1,-1,1,-1,1,0,-1,1,-1,1,1,1,1,-1,-1,0,1,1",,,3,0,0,0,0
"-1,-1,-1,1,-1,-1,1,1,-1,1,1,-1,1,1,0,-1,1,-1,1,1,1,1,1,1,-1,-1,-1,1,1,1,1",,,3,0,0,0,0
"-1,1,-1,1,-1,-1,0,-1,-1,1,1,-1,1,0,-1,-1,1,-1,1,1,1,1,1,1,-1,1,1,1,1,1,-1",,,3,0,0,0,0
"-1,-1,1,1,1,1,1,1,-1,1,1,1,1,0,1,-1,1,1,0,1,1,1,1,1,1,1,-1,1,0,1,1",,,3,0,0,0,0
"1,-1,1,1,1,-1,1,1,-1,1,1,1,1,1,1,-1,1,1,0,1,1,1,1,-1,1,0,-1,1,0,1,1",,,3,0,0,0,0
"-1,1,-1,-1,-1,-1,-1,-1,1,-1,-1,-1,-1,-1,1,0,-1,-1,1,-1,-1,-1,-1,-1,-1,0,1,1,1,1,-1",,,3,0,0,0,0
"-1,-1,1,1,1,-1,-1,-1,-1,-1,-1,1,1,-1,0,-1,-1,1,0,1,1,-1,1,1,1,0,-1,-1,0,1,-1",,,3,0,0,0,0
"-1,0,1,1,1,-1,0,-1,1,1,1,-1,-1,0,-1,-1,1,1,0,1,1,1,1,1,1,1,-1,1,0,1,-1",,,3,0,0,0,0
"-1,-1,1,1,1,-1,0,-1,-1,1,1,1,-1,0,0,-1,1,1,0,1,1,1,1,1,1,1,-1,1,0,1,-1",,,3,0,0,0,0
"-1,-1,-1,-1,-1,-1,-1,-1,-1,-1,-1,-1,1,-1,-1,-1,-1,-1,1,-1,-1,-1,-1,1,-1,0,-1,-1,1,1,-1",,,3,0,0,0,0
"-1,-1,1,1,1,-1,1,0,1,1,1,1,1,0,-1,-1,1,1,0,1,1,1,1,1,1,1,-1,-1,0,1,-1",,,3,0,0,0,0
"1,-1,-1,1,-1,-1,-1,0,1,1,1,-1,-1,-1,-1,-1,1,-1,1,1,1,1,1,1,-1,0,-1,1,0,1,-1",,,3,0,0,0,0
"1,1,1,1,1,1,1,1,-1,1,1,1,1,-1,0,-1,1,1,0,1,1,1,1,1,1,-1,1,1,1,1,1",,,3,0,0,0,0
"-1,-1,1,-1,1,-1,1,1,1,-1,-1,1,-1,1,1,1,-1,1,0,1,1,-1,1,1,1,-1,-1,1,1,1,1",,,3,0,0,0,0
"1,-1,1,1,1,-1,0,1,-1,1,1,1,-1,1,-1,1,1,1,0,1,1,1,1,1,1,0,-1,1,0,1,1",,,3,0,0,0,0
"-1,-1,1,1,1,-1,0,-1,-1,1,1,1,1,0,0,-1,1,1,0,1,1,1,1,1,1,1,-1,1,0,1,-1",,,3,0,0,0,0
"-1,-1,-1,-1,-1,-1,0,-1,-1,-1,1,-1,-1,-1,-1,-1,-1,-1,1,-1,1,-1,1,1,-1,1,-1,1,0,1,-1",,,3,0,0,0,0
"-1,-1,1,1,1,-1,1,-1,-1,-1,1,1,-1,0,-1,-1,1,1,0,-1,1,-1,-1,1,1,1,-1,1,-1,1,-1",,,3,0,0,0,0
"-1,-1,1,1,1,-1,1,-1,-1,1,1,-1,1,-1,-1,-1,-1,1,0,1,1,1,1,1,1,0,-1,1,0,1,-1",,,3,0,0,0,0
"-1,-1,-1,-1,-1,-1,1,1,-1,1,1,-1,1,1,0,-1,-1,-1,1,1,1,1,1,1,-1,-1,-1,1,-1,1,1",,,3,0,0,0,0
"1,-1,1,1,1,-1,-1,-1,-1,1,1,1,-1,-1,0,0,1,1,0,1,1,1,1,1,1,1,-1,1,0,1,-1",,,3,0,0,0,0
"1,1,-1,-1,-1,1,1,1,-1,1,1,-1,-1,0,1,-1,1,-1,1,1,1,1,1,1,-1,1,1,1,1,1,1",,,3,0,0,0,0
"-1,-1,1,1,1,-1,0,1,1,1,1,1,-1,0,0,1,1,1,0,1,1,1,1,1,1,0,-1,1,1,1,1",,,3,0,0,0,0
"1,-1,1,1,1,-1,-1,-1,1,1,1,1,-1,1,-1,-1,1,1,0,1,1,1,1,1,1,0,-1,-1,0,1,-1",,,3,0,0,0,0
"1,-1,1,1,1,-1,-1,-1,1,1,1,1,-1,-1,0,-1,1,1,0,1,1,1,1,1,1,0,-1,1,0,1,-1",,,3,0,0,0,0
"-1,-1,1,1,1,-1,-1,-1,1,1,1,1,1,-1,-1,-1,1,1,0,1,1,1,1,1,1,0,-1,1,0,1,-1",,,3,0,0,0,0
"-1,-1,1,1,1,-1,0,-1,-1,1,1,1,1,-1,0,-1,1,1,0,1,1,1,1,1,1,0,-1,1,1,1,-1",,,3,0,0,0,0
"-1,-1,1,1,1,-1,1,1,1,1,1,-1,-1,1,1,0,1,1,0,1,1,1,1,1,1,-1,-1,1,1,1,1",,,3,0,0,0,0
"-1,-1,1,1,1,-1,0,-1,1,1,1,1,1,0,-1,-1,1,1,0,1,1,1,1,1,1,1,-1,1,0,1,-1",,,3,0,0,0,0
"-1,1,-1,1,-1,-1,1,0,-1,1,1,-1,1,-1,0,-1,1,1,0,1,1,1,1,1,-1,0,1,-1,-1,1,-1",,,3,0,0,0,0
"-1,-1,-1,-1,-1,-1,-1,-1,1,-1,-1,-1,-1,-1,1,-1,-1,-1,1,-1,1,-1,-1,1,-1,1,-1,1,1,1,-1",,,3,0,0,0,0
"-1,-1,1,1,1,1,1,1,1,1,1,1,-1,1,0,1,1,1,0,1,1,1,1,-1,1,-1,-1,1,0,1,1",,,3,0,0,0,0
"1,-1,1,1,1,-1,-1,-1,-1,1,1,1,1,-1,0,-1,1,1,0,1,1,1,1,1,1,1,-1,-1,0,1,-1",,,3,0,0,0,0
"-1,-1,-1,-1,-1,-1,1,1,1,1,1,-1,-1,1,-1,1,1,-1,0,1,1,1,1,-1,-1,0,-1,1,1,1,1",,,3,0,0,0,0
"-1,-1,1,1,1,-1,1,-1,-1,1,1,1,1,-1,0,-1,1,1,0,1,1,1,1,1,1,1,-1,1,1,1,-1",,,3,0,0,0,0
"-1,1,1,1,1,-1,0,-1,-1,1,1,1,1,-1,-1,-1,1,1,0,1,1,1,1,-1,1,1,1,1,0,1,-1",,,3,0,0,0,0
"-1,1,1,1,1,-1,1,1,-1,1,1,1,1,0,1,-1,1,1,0,1,1,1,1,1,1,-1,1,1,1,1,1",,,3,0,0,0,0
"-1,-1,1,1,1,-1,0,-1,1,1,1,1,-1,0,-1,-1,1,1,0,1,1,1,1,-1,1,1,-1,1,0,1,-1",,,3,0,0,0,0
"1,-1,1,1,1,-1,0,-1,-1,1,1,1,-1,0,-1,-1,1,1,0,1,1,1,1,-1,1,1,-1,-1,0,1,-1",,,3,0,0,0,0
"-1,-1,1,-1,1,-1,0,0,1,-1,-1,1,-1,-1,0,-1,-1,1,0,-1,1,-1,-1,1,1,0,-1,1,0,1,-1",,,3,0,0,0,0
"-1,1,-1,1,1,-1,0,1,-1,1,1,1,1,0,1,-1,1,1,0,1,1,1,1,1,1,1,-1,1,0,1,-1",,,3,0,0,0,0
"-1,-1,1,1,1,-1,-1,-1,-1,1,1,1,1,-1,-1,-1,1,1,0,1,1,1,1,-1,1,1,-1,-1,1,1,-1",,,3,0,0,0,0
"-1,-1,1,1,1,-1,-1,-1,-1,1,1,1,-1,-1,-1,-1,1,1,0,1,1,1,1,-1,1,1,-1,-1,0,1,-1",,,3,0,0,0,0
"1,-1,1,1,1,-1,-1,1,1,1,1,1,-1,0,-1,1,1,1,0,1,1,1,1,1,1,1,-1,1,0,1,1",,,3,0,0,0,0
"1,-1,1,-1,1,-1,0,0,1,-1,-1,1,1,-1,0,-1,-1,1,0,1,1,-1,1,1,1,0,-1,-1,0,1,-1",,,3,0,0,0,0
"1,-1,1,1,1,-1,1,1,1,1,1,1,-1,0,0,1,1,1,0,1,1,1,1,1,1,1,-1,-1,0,1,1",,,3,0,0,0,0
"1,1,1,1,1,-1,1,1,-1,1,1,1,1,0,1,-1,1,1,0,1,1,1,1,-1,1,0,1,1,0,1,1",,,3,0,0,0,0
"-1,1,-1,1,-1,-1,-1,0,1,1,1,-1,-1,-1,1,-1,1,1,0,-1,1,-1,1,1,-1,0,-1,-1,0,1,-1",,,3,0,0,0,0
"-1,1,1,-1,1,-1,1,-1,-1,-1,-1,1,1,-1,0,-1,-1,1,0,1,1,-1,1,-1,1,1,1,-1,1,1,-1",,,3,0,0,0,0
"-1,1,1,1,1,1,-1,1,-1,1,1,1,1,0,1,-1,1,1,0,1,1,1,1,1,1,1,1,1,1,1,1",,,3,0,0,0,0
"1,-1,1,-1,1,-1,0,-1,-1,-1,-1,1,1,1,0,-1,-1,1,0,-1,-1,-1,-1,-1,1,1,-1,-1,0,1,-1",,,3,0,0,0,0
"1,-1,1,1,1,-1,1,-1,-1,1,1,1,-1,0,0,-1,1,1,0,1,1,1,1,1,1,1,-1,-1,0,1,-1",,,3,0,0,0,0
"1,-1,1,-1,1,-1,1,1,-1,-1,-1,1,1,0,-1,1,-1,1,0,-1,1,-1,-1,1,1,1,-1,1,1,1,1",,,3,0,0,0,0
"-1,-1,1,1,1,1,-1,1,-1,1,1,1,1,1,1,1,1,1,0,1,1,1,1,1,1,1,-1,1,1,1,1",,,3,0,0,0,0
"1,-1,1,1,1,-1,1,1,1,1,1,1,-1,1,0,0,1,1,0,1,1,1,1,-1,1,0,-1,1,0,1,1",,,3,0,0,0,0
"-1,-1,1,1,1,-1,1,0,1,1,1,1,1,0,-1,-1,1,1,0,1,1,1,1,1,1,0,-1,-1,0,1,-1",,,3,0,0,0,0
"-1,-1,1,1,1,-1,1,1,-1,-1,1,1,1,0,-1,-1,1,1,0,1,1,-1,1,-1,1,0,-1,1,1,1,1",,,3,0,0,0,0
"1,0,-1,-1,1,-1,1,1,-1,1,1,1,1,0,0,-1,-1,-1,0,-1,1,-1,1,-1,1,0,-1,1,-1,1,1",,,3,0,0,0,0
"1,1,1,1,1,-1,0,-1,-1,1,1,1,1,0,0,0,1,1,0,1,1,1,1,1,1,1,1,1,0,1,-1",,,3,0,0,0,0
"-1,-1,1,-1,1,-1,0,0,-1,-1,-1,1,-1,-1,0,-1,-1,1,0,1,1,-1,1,1,1,1,-1,1,0,1,-1",,,3,0,0,0,0
"1,1,1,1,1,1,1,-1,-1,1,1,1,1,0,0,-1,1,1,0,1,1,1,1,1,1,0,1,-1,-1,1,1",,,3,0,0,0,0
"1,-1,1,1,1,-1,1,1,1,1,1,1,-1,0,0,0,1,1,0,1,1,1,1,-1,1,0,-1,1,1,1,1",,,3,0,0,0,0
"1,-1,1,1,1,-1,0,0,1,1,1,1,-1,0,-1,-1,1,1,0,1,1,1,1,1,1,1,-1,-1,0,1,-1",,,3,0,0,0,0
"-1,1,1,1,1,-1,-1,-1,-1,1,1,1,1,-1,0,0,1,1,0,1,1,1,1,1,1,0,1,1,1,1,-1",,,3,0,0,0,0
"-1,1,1,1,1,-1,1,-1,1,1,1,1,1,0,0,-1,1,1,0,1,1,1,1,1,1,0,1,-1,1,1,-1",,,3,0,0,0,0
"-1,-1,1,1,1,-1,-1,1,1,1,1,1,1,0,0,0,1,1,0,1,1,1,1,1,1,-1,-1,1,1,1,1",,,3,0,0,0,0
"-1,-1,-1,1,-1,-1,1,-1,-1,1,1,-1,1,-1,-1,-1,1,-1,1,1,1,1,1,1,-1,0,-1,1,1,1,-1",,,3,0,0,0,0
"-1,-1,1,1,1,-1,0,-1,-1,1,1,1,-1,-1,0,-1,1,1,0,1,1,-1,1,1,1,0,-1,1,1,1,-1",,,3,0,0,0,0
"-1,-1,1,-1,1,-1,1,1,-1,-1,-1,1,1,0,1,0,-1,1,0,-1,-1,-1,-1,1,1,1,-1,1,1,1,1",,,3,0,0,0,0
"-1,-1,1,-1,1,-1,0,0,-1,-1,-1,1,-1,-1,0,0,-1,-1,0,-1,1,-1,1,1,1,0,-1,1,0,1,-1",,,3,0,0,0,0
"-1,-1,1,-1,1,1,1,1,-1,-1,-1,1,1,1,-1,-1,-1,1,0,1,1,-1,1,1,1,-1,-1,1,1,1,1",,,3,0,0,0,0
"-1,1,1,1,1,-1,-1,-1,-1,1,1,1,1,-1,0,0,1,1,0,1,1,1,1,1,1,1,1,1,1,1,-1",,,3,0,0,0,0
"1,1,1,1,1,-1,0,-1,-1,1,1,-1,1,0,0,-1,1,1,0,1,1,1,1,1,1,-1,-1,1,-1,1,1",,,3,0,0,0,0
"1,1,1,-1,1,-1,1,1,1,1,1,1,-1,0,0,1,-1,-1,0,1,1,1,1,1,1,1,-1,1,-1,1,1",,,3,0,0,0,0
"-1,-1,1,1,1,-1,-1,0,1,1,1,1,-1,-1,-1,-1,1,1,0,1,1,1,1,1,1,1,-1,1,0,1,-1",,,3,0,0,0,0
"-1,-1,-1,-1,-1,-1,-1,-1,1,-1,-1,-1,-1,-1,1,-1,-1,-1,1,-1,1,-1,-1,1,-1,0,-1,-1,1,1,-1",,,3,0,0,0,0
"-1,1,1,-1,1,1,1,1,-1,1,1,1,1,1,-1,-1,-1,-1,0,1,1,1,1,1,1,-1,1,-1,1,1,1",,,3,0,0,0,0
"-1,-1,1,1,1,-1,1,0,1,1,1,1,-1,-1,-1,-1,1,1,0,1,1,1,1,1,1,0,-1,-1,0,1,-1",,,3,0,0,0,0
"1,1,1,1,1,-1,-1,-1,-1,1,1,1,1,-1,0,-1,1,1,0,1,1,1,1,1,1,1,1,-1,0,-1,-1",,,3,0,0,0,0
"-1,-1,1,1,1,-1,1,1,-1,-1,-1,1,-1,1,1,-1,-1,1,0,1,1,-1,1,1,1,1,-1,1,1,1,1",,,3,0,0,0,0
"-1,-1,1,1,1,-1,1,-1,1,1,1,1,1,0,-1,-1,1,1,0,1,1,1,1,1,1,0,-1,-1,1,1,-1",,,3,0,0,0,0
"1,-1,1,1,1,-1,-1,1,-1,1,1,1,-1,0,-1,0,-1,1,0,1,1,1,1,1,1,-1,-1,1,0,1,1",,,3,0,0,0,0
"-1,-1,1,1,-1,-1,0,-1,-1,1,1,1,1,0,0,-1,-1,1,1,1,1,1,1,1,1,1,-1,-1,0,1,-1",,,3,0,0,0,0
"1,-1,1,1,1,-1,0,-1,-1,1,1,1,-1,0,0,-1,1,1,0,1,1,1,1,1,1,1,-1,-1,0,1,-1",,,3,0,0,0,0
"1,-1,1,1,1,-1,1,-1,-1,1,1,1,1,0,0,-1,1,1,0,1,1,1,1,1,1,1,-1,1,0,1,-1",,,3,0,0,0,0
"1,-1,1,1,1,-1,0,-1,-1,1,1,1,1,-1,0,-1,1,1,0,1,1,1,1,1,1,1,-1,1,0,1,-1",,,3,0,0,0,0
"-1,-1,1,1,1,-1,0,-1,-1,1,1,1,1,-1,0,-1,1,1,0,1,1,1,1,1,1,1,-1,1,1,1,-1",,,3,0,0,0,0
"-1,-1,-1,-1,-1,-1,0,0,-1,-1,1,-1,1,-1,1,-1,1,-1,1,1,1,-1,1,1,-1,1,-1,1,1,1,-1",,,3,0,0,0,0
"-1,1,1,1,1,1,1,1,-1,1,1,-1,1,0,0,1,1,1,0,1,1,1,1,1,1,-1,1,1,-1,1,1",,,3,0,0,0,0
"1,-1,1,1,1,-1,1,-1,-1,1,1,1,1,0,-1,-1,1,1,0,1,1,1,1,1,1,1,-1,-1,0,1,-1",,,3,0,0,0,0
"-1,-1,1,1,1,1,1,1,-1,1,1,1,1,0,-1,-1,1,1,0,1,1,1,1,-1,1,-1,-1,1,1,1,1",,,3,0,0,0,0
"-1,-1,1,1,1,-1,-1,-1,-1,1,1,1,1,-1,0,-1,1,1,0,1,1,1,1,1,1,1,-1,1,0,1,-1",,,3,0,0,0,0
"1,-1,1,1,1,-1,-1,-1,-1,1,1,1,1,-1,-1,-1,1,1,0,1,1,1,1,1,1,0,-1,1,0,1,-1",,,3,0,0,0,0
"1,-1,1,1,1,-1,0,1,-1,-1,1,1,1,0,0,-1,1,1,0,1,1,-1,1,1,1,1,-1,1,0,1,1",,,3,0,0,0,0
"-1,-1,1,1,1,-1,1,1,-1,1,1,1,-1,0,-1,-1,1,1,0,1,1,1,1,1,1,1,-1,1,0,1,-1",,,3,0,0,0,0
"-1,1,1,-1,1,-1,0,1,-1,-1,-1,1,1,0,1,-1,-1,1,0,-1,-1,-1,-1,1,1,1,1,1,1,1,1",,,3,0,0,0,0
"1,1,1,-1,1,-1,0,0,-1,-1,-1,1,1,-1,-1,-1,-1,1,0,1,1,-1,1,1,1,0,1,1,0,1,-1",,,3,0,0,0,0
"-1,-1,-1,1,-1,-1,1,1,-1,1,1,-1,-1,0,-1,1,1,-1,1,1,1,1,1,1,-1,1,-1,-1,1,1,1",,,3,0,0,0,0
"1,-1,1,1,1,-1,1,0,-1,1,1,1,-1,0,-1,-1,1,1,0,1,1,1,1,1,1,1,-1,1,0,1,-1",,,3,0,0,0,0
"-1,-1,1,1,1,-1,1,-1,1,1,1,1,-1,0,1,-1,1,1,0,1,1,1,1,1,1,1,-1,-1,1,1,-1",,,3,0,0,0,0
"-1,1,1,1,1,-1,-1,-1,-1,1,1,1,1,-1,0,0,1,1,0,1,1,1,1,-1,1,0,1,1,0,1,-1",,,3,0,0,0,0
"1,-1,1,1,1,-1,1,-1,-1,1,1,1,1,1,1,1,1,1,0,1,1,1,1,1,1,0,-1,1,0,1,1",,,3,0,0,0,0
"-1,-1,1,1,1,-1,0,-1,-1,1,1,1,-1,-1,-1,-1,1,1,0,1,1,1,1,-1,1,1,-1,1,0,1,-1",,,3,0,0,0,0
"-1,1,-1,-1,-1,1,1,-1,-1,1,1,-1,1,1,1,-1,1,-1,1,1,1,1,1,1,-1,0,1,1,1,1,1",,,3,0,0,0,0
"1,-1,1,1,1,-1,1,1,1,1,1,1,-1,0,-1,-1,1,1,0,1,1,1,1,1,1,1,-1,1,0,1,-1",,,3,0,0,0,0
"1,-1,1,-1,1,-1,1,1,1,1,1,1,-1,1,0,-1,-1,-1,0,1,1,1,1,-1,1,0,-1,1,0,1,1",,,3,0,0,0,0
"-1,-1,1,-1,1,-1,1,1,-1,-1,-1,1,1,0,-1,1,-1,1,0,-1,1,-1,1,-1,1,-1,-1,1,1,1,1",,,3,0,0,0,0
"-1,-1,1,1,1,-1,0,-1,1,1,1,1,-1,-1,0,0,1,1,0,1,1,1,1,1,1,1,-1,1,0,1,-1",,,3,0,0,0,0
"1,1,1,1,1,-1,1,1,-1,1,1,1,1,0,1,-1,1,1,0,1,1,1,1,1,1,-1,1,1,1,1,1",,,3,0,0,0,0
"-1,-1,1,1,1,-1,1,1,1,1,1,1,-1,0,0,-1,1,1,0,1,1,1,1,1,1,0,-1,1,1,1,1",,,3,0,0,0,0
"1,-1,1,1,1,-1,0,1,-1,1,1,1,-1,0,0,-1,1,1,0,1,1,1,1,1,1,1,-1,1,0,1,-1",,,3,0,0,0,0
"1,-1,1,1,1,-1,-1,-1,1,1,1,1,-1,1,-1,-1,1,1,0,1,1,1,1,1,1,1,-1,1,1,1,-1",,,3,0,0,0,0
"-1,-1,1,1,1,-1,1,-1,1,1,1,1,-1,-1,-1,-1,1,1,0,1,1,1,1,1,1,1,-1,1,0,1,-1",,,3,0,0,0,0
"1,-1,1,1,1,-1,1,-1,-1,-1,-1,1,1,0,-1,0,-1,1,0,1,1,-1,1,1,1,-1,-1,1,0,1,1",,,3,0,0,0,0
"1,-1,1,1,1,-1,0,-1,1,1,1,1,1,-1,0,-1,1,1,0,1,1,1,1,1,1,1,-1,1,0,1,-1",,,3,0,0,0,0
"1,-1,1,1,1,-1,1,1,1,1,1,1,-1,0,1,-1,1,1,0,1,1,1,1,-1,1,0,-1,1,0,1,1",,,3,0,0,0,0
"-1,-1,-1,-1,-1,-1,0,-1,-1,-1,1,-1,1,-1,1,-1,1,-1,1,-1,1,-1,1,1,-1,1,-1,1,1,1,-1",,,3,0,0,0,0
"-1,-1,1,1,1,-1,0,1,-1,-1,1,1,1,0,1,-1,1,1,0,1,1,-1,1,1,1,-1,-1,1,0,1,1",,,3,0,0,0,0
"-1,-1,-1,-1,-1,-1,-1,0,-1,-1,-1,-1,-1,-1,1,-1,-1,-1,1,-1,1,-1,1,1,-1,0,-1,1,1,1,-1",,,3,0,0,0,0
"-1,-1,1,1,1,-1,0,1,1,1,1,1,-1,1,-1,1,1,1,0,1,1,1,1,1,1,1,-1,1,0,1,1",,,3,0,0,0,0
"-1,-1,1,-1,1,-1,0,-1,1,-1,-1,1,-1,-1,0,-1,-1,1,0,-1,-1,-1,-1,1,1,1,-1,1,1,1,-1",,,3,0,0,0,0
"1,-1,1,1,1,-1,0,1,-1,1,1,1,-1,-1,-1,-1,1,1,0,1,1,1,1,1,1,1,-1,1,0,1,-1",,,3,0,0,0,0
"-1,-1,1,1,1,-1,-1,-1,-1,1,1,1,1,-1,1,-1,1,1,0,1,1,1,1,1,1,1,-1,1,1,1,-1",,,3,0,0,0,0
"1,-1,1,1,1,1,1,1,1,1,1,1,-1,0,0,-1,1,1,0,1,1,1,1,-1,1,0,-1,1,0,1,1",,,3,0,0,0,0
"-1,-1,1,1,1,-1,-1,0,1,1,1,1,-1,-1,1,0,1,1,0,1,1,1,1,1,1,0,-1,1,1,1,-1",,,3,0,0,0,0
"1,-1,1,1,1,-1,0,-1,1,1,1,1,-1,-1,0,0,1,1,0,1,1,1,1,1,1,1,-1,1,0,1,-1",,,3,0,0,0,0
"-1,-1,1,1,1,-1,-1,-1,1,1,1,1,1,0,0,1,1,1,0,1,1,1,1,1,1,1,-1,1,1,1,1",,,3,0,0,0,0
"1,-1,1,1,1,-1,-1,-1,1,1,1,1,-1,-1,0,0,1,1,0,1,1,1,1,1,1,1,-1,1,0,1,-1",,,3,0,0,0,0
"-1,-1,-1,-1,-1,-1,1,-1,-1,-1,-1,-1,-1,-1,1,0,-1,-1,1,-1,-1,-1,-1,1,-1,1,-1,1,1,1,-1",,,3,0,0,0,0
"-1,1,1,1,1,-1,0,0,-1,1,1,1,1,-1,0,-1,1,1,0,1,1,1,1,1,1,0,1,1,0,1,-1",,,3,0,0,0,0
"-1,-1,-1,-1,1,1,0,1,1,1,1,1,-1,1,0,-1,-1,-1,0,1,1,1,1,1,1,-1,-1,1,0,1,1",,,3,0,0,0,0
"-1,0,1,1,1,-1,-1,-1,-1,1,1,-1,1,-1,0,-1,1,1,0,1,1,1,1,-1,1,1,-1,1,1,1,-1",,,3,0,0,0,0
"1,-1,1,1,1,-1,0,1,-1,1,1,1,1,0,-1,-1,1,1,0,1,1,1,1,-1,1,1,-1,-1,0,1,-1",,,3,0,0,0,0
"1,-1,1,1,1,-1,-1,-1,-1,1,1,1,-1,-1,-1,-1,1,1,0,1,1,1,1,1,1,1,-1,1,0,1,-1",,,3,0,0,0,0
"1,1,1,1,1,-1,1,1,-1,1,1,1,1,0,0,1,1,1,0,1,1,1,1,-1,1,-1,1,1,0,1,1",,,3,0,0,0,0
"-1,-1,1,-1,1,-1,0,-1,1,-1,1,1,-1,-1,0,-1,1,-1,0,1,1,-1,1,1,1,1,-1,1,1,1,-1",,,3,0,0,0,0
"-1,1,1,1,1,-1,-1,0,-1,1,1,1,1,-1,0,-1,1,1,0,1,1,1,1,1,1,1,1,1,0,-1,-1",,,3,0,0,0,0
"-1,-1,1,1,1,-1,-1,0,-1,1,1,1,1,-1,0,-1,1,1,0,1,1,1,1,1,1,0,-1,1,1,1,-1",,,3,0,0,0,0
"1,-1,1,-1,1,-1,-1,-1,1,-1,-1,1,-1,-1,-1,-1,-1,1,0,-1,1,-1,-1,-1,1,0,-1,1,0,1,-1",,,3,0,0,0,0
"1,-1,1,1,1,-1,1,-1,-1,1,1,1,1,-1,-1,-1,1,1,0,1,1,1,1,-1,1,1,-1,1,0,1,-1",,,3,0,0,0,0
"1,-1,1,1,1,-1,1,-1,1,1,1,1,-1,0,-1,-1,1,1,0,1,1,1,1,1,1,-1,-1,1,0,1,1",,,3,0,0,0,0
"1,-1,1,1,1,-1,0,-1,1,1,1,1,-1,-1,-1,0,1,1,0,1,1,1,1,1,1,1,-1,1,0,1,-1",,,3,0,0,0,0
"-1,1,-1,-1,-1,1,0,1,-1,-1,1,-1,1,1,1,-1,-1,-1,1,1,1,-1,1,-1,-1,0,1,1,1,1,1",,,3,0,0,0,0
"-1,-1,1,1,1,-1,-1,-1,1,1,1,1,-1,0,-1,0,1,1,0,1,1,1,1,1,1,1,-1,1,0,1,-1",,,3,0,0,0,0
"1,-1,1,-1,1,-1,-1,-1,-1,1,1,1,1,0,-1,0,-1,-1,0,1,1,1,1,1,1,1,-1,1,0,1,-1",,,3,0,0,0,0
"1,1,1,-1,1,-1,1,1,-1,-1,-1,1,1,0,-1,0,-1,1,0,1,1,-1,1,-1,1,-1,1,1,1,1,1",,,3,0,0,0,0
"1,-1,1,1,1,-1,-1,-1,1,1,1,1,1,-1,-1,-1,1,1,0,1,1,1,1,-1,1,0,-1,1,0,1,-1",,,3,0,0,0,0
"1,-1,1,-1,1,-1,0,-1,-1,-1,-1,1,1,0,1,-1,-1,1,0,-1,1,-1,-1,1,1,-1,-1,1,1,1,1",,,3,0,0,0,0
"-1,1,-1,-1,-1,-1,1,1,1,-1,1,-1,-1,1,1,1,1,-1,1,1,1,-1,1,-1,-1,0,1,1,1,1,1",,,3,0,0,0,0
"-1,-1,1,1,1,-1,0,1,-1,1,1,1,1,0,-1,-1,1,1,0,1,1,1,1,-1,1,0,-1,1,1,1,-1",,,3,0,0,0,0
"-1,1,1,1,1,-1,0,0,-1,1,1,1,1,-1,-1,-1,1,1,0,1,1,1,1,1,1,0,1,1,1,1,-1",,,3,0,0,0,0
"-1,-1,1,1,1,-1,1,1,-1,1,1,1,1,0,1,1,1,1,0,1,1,1,1,-1,1,0,-1,1,1,1,1",,,3,0,0,0,0
"1,-1,1,1,1,-1,0,-1,-1,1,1,-1,1,0,1,-1,1,1,0,1,1,1,1,1,1,1,-1,1,-1,1,-1",,,3,0,0,0,0
"-1,-1,1,1,1,1,1,-1,1,1,1,1,-1,0,0,-1,1,1,0,1,1,1,1,1,1,0,-1,-1,1,1,1",,,3,0,0,0,0
"-1,-1,1,-1,1,-1,1,1,-1,-1,-1,1,1,0,0,1,-1,1,0,1,1,-1,-1,1,1,0,-1,1,1,1,1",,,3,0,0,0,0
"1,1,1,1,1,-1,1,1,-1,1,1,1,1,0,0,-1,1,1,0,1,1,1,1,1,1,-1,1,1,0,1,1",,,3,0,0,0,0
"-1,-1,-1,-1,-1,-1,1,-1,-1,-1,-1,-1,1,-1,1,-1,-1,-1,1,-1,-1,-1,-1,-1,-1,0,-1,1,1,1,-1",,,3,0,0,0,0
"-1,-1,1,1,1,-1,1,1,-1,-1,-1,1,1,1,0,-1,-1,1,0,1,1,-1,-1,1,1,1,-1,1,1,1,1",,,3,0,0,0,0
"-1,-1,-1,-1,-1,-1,0,0,1,-1,-1,-1,-1,-1,1,-1,-1,-1,1,-1,-1,-1,-1,1,-1,0,-1,-1,1,1,-1",,,3,0,0,0,0
"-1,1,1,1,1,1,1,1,-1,1,1,1,1,0,1,-1,1,1,0,1,1,1,1,1,1,-1,1,1,0,-1,1",,,3,0,0,0,0
"1,-1,1,1,1,-1,0,1,-1,1,1,1,1,1,-1,-1,1,1,0,1,1,1,1,1,1,-1,-1,1,0,1,1",,,3,0,0,0,0
"1,-1,1,1,1,-1,1,1,1,1,1,1,-1,0,-1,-1,1,1,0,1,1,1,1,-1,1,0,-1,1,0,1,-1",,,3,0,0,0,0
"-1,-1,1,1,1,-1,-1,-1,-1,1,1,1,-1,-1,-1,0,1,1,0,1,1,1,1,-1,1,0,-1,1,0,1,-1",,,3,0,0,0,0
"-1,-1,-1,-1,-1,-1,0,0,1,-1,-1,-1,-1,-1,1,-1,-1,-1,1,-1,-1,-1,-1,1,-1,0,-1,1,1,1,-1",,,3,0,0,0,0
"1,-1,1,1,1,-1,1,1,-1,1,1,1,1,0,1,1,1,1,0,1,1,1,1,1,1,0,-1,1,0,-1,1",,,3,0,0,0,0
"-1,1,1,1,1,-1,-1,-1,-1,1,1,1,1,-1,-1,-1,1,1,0,1,1,1,1,-1,1,0,1,1,0,-1,-1",,,3,0,0,0,0
"-1,-1,1,1,1,-1,1,-1,-1,1,1,1,-1,0,-1,-1,1,1,0,1,1,1,1,1,1,0,-1,-1,1,1,-1",,,3,0,0,0,0
"-1,-1,1,-1,1,-1,1,1,-1,-1,-1,1,1,1,-1,1,-1,1,0,-1,1,-1,-1,-1,1,-1,-1,1,0,1,1",,,3,0,0,0,0
"1,-1,1,1,1,-1,-1,-1,-1,1,1,-1,-1,-1,0,0,1,1,0,1,1,1,1,-1,1,0,-1,1,0,1,-1",,,3,0,0,0,0
"1,-1,1,-1,1,-1,-1,-1,-1,-1,-1,1,-1,-1,1,-1,-1,1,0,-1,-1,-1,-1,-1,1,0,-1,-1,0,1,-1",,,3,0,0,0,0
"-1,-1,1,1,1,-1,-1,0,1,1,1,1,1,-1,-1,-1,1,1,0,1,1,1,1,1,1,0,-1,1,1,1,-1",,,3,0,0,0,0
"-1,0,1,1,1,-1,-1,-1,-1,1,1,-1,1,-1,0,-1,1,1,0,1,1,1,1,1,1,0,-1,1,1,1,-1",,,3,0,0,0,0
"-1,1,1,1,1,-1,1,1,-1,-1,1,1,1,0,0,-1,1,1,0,-1,1,-1,-1,-1,1,1,1,1,1,1,1",,,3,0,0,0,0
"-1,-1,1,-1,1,1,1,1,-1,-1,-1,1,1,1,1,-1,-1,1,0,-1,-1,-1,-1,1,1,-1,-1,1,1,1,1",,,3,0,0,0,0
"-1,1,-1,1,-1,-1,-1,0,1,1,1,-1,-1,-1,1,-1,1,1,0,-1,1,-1,1,1,-1,0,-1,1,0,1,-1",,,3,0,0,0,0
"-1,-1,1,1,1,-1,-1,-1,1,1,1,1,-1,-1,-1,-1,1,1,0,1,1,1,1,1,1,0,-1,-1,0,1,-1",,,3,0,0,0,0
"-1,-1,-1,1,-1,-1,1,1,1,1,1,-1,-1,1,1,-1,1,-1,1,1,1,1,1,1,-1,0,-1,1,1,1,1",,,3,0,0,0,0
"1,-1,1,1,1,-1,-1,1,1,1,1,1,-1,0,-1,-1,1,1,0,1,1,1,1,1,1,0,-1,1,0,1,1",,,3,0,0,0,0
"1,-1,1,1,1,-1,0,-1,1,1,1,1,-1,0,-1,-1,1,1,0,1,1,1,1,1,1,0,-1,1,0,1,-1",,,3,0,0,0,0
"1,-1,1,1,1,-1,-1,-1,1,1,1,1,1,-1,0,-1,1,1,0,1,1,1,1,1,1,0,-1,1,0,1,-1",,,3,0,0,0,0
"-1,-1,1,1,1,-1,1,-1,-1,1,1,1,1,0,-1,-1,-1,1,0,1,1,1,1,1,1,0,-1,-1,-1,1,-1",,,3,0,0,0,0
"-1,1,1,1,1,-1,-1,-1,-1,1,1,1,1,-1,0,-1,1,1,0,1,1,1,1,1,1,0,1,1,0,1,-1",,,3,0,0,0,0
"-1,-1,1,1,1,-1,0,-1,-1,1,1,1,1,-1,-1,0,1,1,0,1,1,1,1,1,1,0,-1,-1,1,1,-1",,,3,0,0,0,0
"1,-1,1,1,1,-1,-1,1,1,1,1,1,-1,-1,-1,0,1,1,0,1,1,1,1,1,1,1,-1,1,0,1,-1",,,3,0,0,0,0
"1,-1,1,1,1,1,0,1,-1,1,1,1,-1,0,-1,-1,-1,1,0,1,1,1,1,1,1,1,-1,1,0,1,1",,,3,0,0,0,0
"1,-1,1,1,1,-1,1,1,1,1,1,1,-1,0,1,0,1,1,0,1,1,1,1,1,1,1,-1,1,1,1,1",,,3,0,0,0,0
"-1,-1,1,-1,1,-1,0,-1,-1,-1,-1,1,-1,-1,0,0,-1,1,0,1,1,-1,1,1,1,1,-1,1,1,1,-1",,,3,0,0,0,0
"-1,-1,1,1,1,-1,1,-1,-1,1,1,1,-1,-1,0,-1,1,1,0,1,1,1,1,1,1,0,-1,1,0,1,-1",,,3,0,0,0,0
"1,-1,1,-1,1,1,1,1,-1,-1,-1,1,1,0,1,-1,-1,1,0,1,1,-1,-1,1,1,-1,-1,1,1,1,1",,,3,0,0,0,0
"-1,0,-1,-1,1,-1,1,1,-1,1,1,1,1,0,0,-1,-1,-1,0,-1,1,-1,1,-1,1,0,-1,-1,-1,1,1",,,3,0,0,0,0
"1,-1,1,1,1,-1,0,-1,1,1,1,1,-1,-1,-1,-1,1,1,0,1,1,1,1,1,1,0,-1,1,0,1,-1",,,3,0,0,0,0
"-1,1,1,-1,1,-1,1,1,-1,-1,-1,1,1,0,-1,0,-1,1,0,1,1,-1,1,-1,1,-1,1,1,1,1,1",,,3,0,0,0,0
"-1,-1,1,1,1,-1,1,1,-1,1,1,1,1,1,0,1,1,1,0,1,1,1,1,1,1,1,-1,1,0,1,1",,,3,0,0,0,0
"-1,-1,1,1,1,-1,1,-1,1,1,1,1,-1,0,-1,-1,1,1,0,1,1,1,1,1,1,1,-1,-1,0,1,-1",,,3,0,0,0,0
"1,-1,1,1,1,1,1,1,-1,1,1,1,1,1,1,-1,1,1,0,1,1,1,1,-1,1,0,-1,1,0,1,1",,,3,0,0,0,0
"1,-1,1,1,1,1,1,1,-1,1,1,1,-1,1,0,-1,1,1,0,1,1,1,1,1,1,0,-1,1,1,1,1",,,3,0,0,0,0
"1,-1,1,1,1,-1,1,1,-1,1,1,1,1,1,1,1,1,1,0,1,1,1,1,-1,1,-1,-1,1,0,-1,1",,,3,0,0,0,0
"-1,-1,1,1,1,-1,-1,0,1,1,1,1,-1,-1,0,-1,1,1,0,1,1,1,1,1,1,0,-1,1,1,-1,-1",,,3,0,0,0,0
"-1,1,-1,1,-1,-1,1,0,-1,1,1,-1,1,-1,0,0,1,-1,1,1,1,1,1,1,-1,0,1,1,1,1,-1",,,3,0,0,0,0
"-1,1,-1,-1,-1,-1,-1,-1,-1,-1,-1,-1,1,-1,1,-1,-1,-1,1,-1,-1,-1,-1,1,-1,0,1,1,1,1,-1",,,3,0,0,0,0
"-1,1,1,1,1,1,1,1,-1,1,1,1,1,1,-1,1,1,1,0,1,1,1,1,-1,1,-1,1,1,-1,1,1",,,3,0,0,0,0
"1,-1,1,1,1,-1,-1,-1,1,1,1,1,-1,-1,-1,0,1,1,0,1,1,1,1,1,1,1,-1,-1,0,1,-1",,,3,0,0,0,0
"-1,-1,1,-1,1,-1,1,-1,1,-1,-1,1,-1,0,-1,-1,-1,1,0,-1,1,-1,-1,1,1,1,-1,1,1,1,-1",,,3,0,0,0,0
"-1,-1,1,1,1,-1,0,-1,-1,1,1,1,1,-1,-1,-1,1,1,0,1,1,1,1,1,1,0,-1,1,0,1,-1",,,3,0,0,0,0
"1,-1,1,1,1,-1,-1,-1,-1,1,1,1,-1,0,-1,1,1,1,0,1,1,1,1,1,1,0,-1,1,0,1,-1",,,3,0,0,0,0
"-1,-1,1,1,1,-1,1,1,1,1,1,1,-1,0,-1,-1,1,1,0,1,1,1,1,1,1,0,-1,1,1,1,-1",,,3,0,0,0,0
"1,1,1,1,1,-1,-1,-1,-1,1,1,1,-1,-1,0,-1,1,1,0,1,1,1,1,1,1,1,1,1,0,1,-1",,,3,0,0,0,0
"-1,-1,1,-1,1,-1,-1,-1,1,1,1,-1,-1,-1,0,-1,1,-1,0,1,1,1,1,1,1,0,-1,1,1,1,-1",,,3,0,0,0,0
"1,1,1,-1,1,-1,1,-1,-1,-1,-1,1,1,1,-1,-1,-1,1,0,-1,1,-1,-1,-1,1,0,1,1,1,1,1",,,3,0,0,0,0
"-1,-1,1,-1,1,-1,0,-1,1,-1,-1,1,-1,-1,0,-1,-1,1,0,-1,1,-1,-1,1,1,0,-1,1,1,1,-1",,,3,0,0,0,0
"-1,-1,1,-1,-1,-1,-1,1,1,1,1,-1,-1,-1,-1,-1,1,1,0,-1,1,1,1,1,1,0,-1,-1,1,-1,-1",,,3,0,0,0,0
"-1,-1,1,-1,1,-1,1,-1,1,1,1,1,-1,0,-1,-1,1,1,0,1,1,1,1,1,1,1,-1,1,1,1,1",,,3,0,0,0,0
"-1,-1,1,-1,1,-1,1,1,-1,1,1,1,1,1,0,1,1,1,0,1,1,1,1,1,1,-1,-1,1,1,1,1",,,3,0,0,0,0
"-1,-1,1,-1,1,-1,0,-1,-1,1,1,-1,-1,-1,1,-1,1,-1,0,1,1,1,1,1,1,1,-1,-1,-1,-1,-1",,,3,0,0,0,0
"1,-1,-1,1,1,-1,0,1,-1,1,1,1,-1,0,0,-1,1,1,0,1,1,1,1,-1,1,-1,-1,1,0,1,1",,,3,0,0,0,0
"-1,1,1,-1,1,-1,0,1,-1,1,1,1,-1,0,1,-1,1,-1,0,-1,1,-1,1,1,1,1,-1,-1,-1,-1,-1",,,3,0,0,0,0
"-1,-1,1,-1,1,-1,0,1,1,1,1,1,-1,-1,-1,-1,1,1,0,1,1,1,1,1,1,1,-1,-1,1,1,-1",,,3,0,0,0,0
"-1,-1,1,1,1,-1,0,-1,1,1,1,1,-1,-1,-1,-1,1,1,0,1,1,1,1,1,1,0,-1,1,1,1,-1",,,3,0,0,0,0
"-1,1,-1,1,-1,-1,-1,1,1,1,1,-1,-1,-1,1,-1,1,-1,0,1,1,1,1,1,1,0,-1,1,0,1,-1",,,3,0,0,0,0
"1,1,1,1,1,-1,1,1,-1,1,1,1,1,0,0,0,1,-1,0,1,1,1,1,-1,1,-1,-1,-1,0,1,1",,,3,0,0,0,0
"1,-1,-1,-1,1,-1,1,1,1,1,1,1,1,0,0,0,1,1,0,1,1,1,1,1,1,-1,-1,1,0,1,1",,,3,0,0,0,0
"-1,1,1,-1,1,-1,0,1,1,-1,-1,1,-1,-1,-1,-1,1,1,0,-1,-1,-1,-1,1,1,0,-1,1,0,-1,-1",,,3,0,0,0,0
"1,1,1,-1,1,-1,0,1,-1,1,1,1,1,0,0,-1,1,-1,0,1,1,1,1,-1,1,1,-1,1,0,1,1",,,3,0,0,0,0
"1,-1,1,1,1,-1,0,-1,1,1,1,1,-1,-1,-1,1,1,-1,0,1,1,1,1,1,1,0,-1,1,0,-1,-1",,,3,0,0,0,0
"1,-1,1,-1,1,-1,1,1,-1,-1,-1,1,1,1,1,-1,1,-1,0,-1,1,-1,1,1,1,0,-1,1,1,1,1",,,3,0,0,0,0
"1,-1,-1,1,1,-1,1,1,-1,1,1,1,1,1,0,-1,1,-1,0,1,1,1,1,-1,1,0,-1,1,0,1,1",,,3,0,0,0,0
"-1,-1,1,1,1,-1,0,-1,1,1,1,1,1,0,-1,-1,1,1,0,1,1,1,1,1,1,0,-1,1,1,1,-1",,,3,0,0,0,0
"-1,-1,-1,-1,-1,-1,1,-1,1,1,1,-1,-1,-1,1,-1,1,-1,0,-1,1,-1,-1,1,1,0,-1,-1,1,1,-1",,,3,0,0,0,0
"-1,-1,1,1,1,-1,-1,-1,-1,1,1,1,1,-1,0,-1,1,1,0,1,1,1,1,1,1,0,-1,1,0,1,-1",,,3,0,0,0,0
"1,-1,-1,-1,1,-1,1,1,-1,-1,-1,1,1,1,0,-1,-1,1,0,-1,-1,-1,-1,-1,1,-1,-1,1,0,1,1",,,3,0,0,0,0
"-1,-1,1,-1,1,-1,1,1,-1,-1,-1,1,1,0,-1,1,-1,1,0,-1,1,-1,-1,-1,1,1,-1,1,1,1,1",,,3,0,0,0,0
"1,-1,-1,1,1,-1,-1,1,-1,1,1,-1,-1,0,0,-1,1,1,0,1,1,1,1,1,1,1,-1,1,0,-1,1",,,3,0,0,0,0
"-1,1,1,-1,1,-1,1,1,-1,-1,-1,1,1,0,1,0,-1,1,0,1,1,-1,-1,1,1,-1,1,1,1,1,1",,,3,0,0,0,0
"1,-1,1,-1,1,-1,1,1,1,1,1,1,-1,0,0,-1,1,1,0,1,1,1,1,1,1,-1,-1,1,0,1,1",,,3,0,0,0,0
"1,1,1,1,1,-1,1,1,1,1,1,1,-1,1,1,0,1,1,0,1,1,1,1,1,1,1,-1,1,0,-1,1",,,3,0,0,0,0
"1,1,1,1,1,1,1,1,-1,1,1,1,1,1,1,-1,1,1,0,1,1,1,1,-1,1,1,-1,1,0,1,1",,,3,0,0,0,0
"-1,1,1,-1,1,1,1,1,-1,-1,-1,1,1,0,-1,-1,1,1,0,-1,-1,-1,-1,1,1,-1,1,1,1,1,1",,,3,0,0,0,0
"-1,0,-1,-1,1,-1,1,1,-1,1,1,1,1,0,1,0,-1,-1,0,1,1,1,1,1,1,-1,-1,-1,0,1,1",,,3,0,0,0,0
"-1,-1,-1,-1,1,-1,1,1,1,-1,-1,1,-1,1,1,-1,1,1,0,-1,-1,-1,-1,1,1,-1,-1,1,1,1,1",,,3,0,0,0,0
"1,-1,1,1,1,-1,1,1,1,1,1,1,-1,0,0,0,1,1,0,1,1,1,1,1,1,-1,-1,-1,0,1,1",,,3,0,0,0,0
"1,-1,-1,-1,-1,-1,0,1,1,-1,-1,-1,-1,0,1,-1,1,-1,1,1,1,-1,1,1,-1,1,-1,1,1,1,1",,,3,0,0,0,0
"1,1,1,1,1,1,1,-1,-1,1,1,1,1,0,0,-1,1,1,0,1,1,1,1,1,1,0,1,1,-1,1,1",,,3,0,0,0,0
"-1,-1,1,1,1,-1,0,1,-1,1,1,1,1,0,1,-1,1,1,0,1,1,1,1,1,1,1,-1,1,0,1,-1",,,3,0,0,0,0
"1,-1,1,1,1,-1,-1,-1,1,1,1,1,1,0,0,1,1,1,0,1,1,1,1,-1,1,0,-1,-1,0,1,-1",,,3,0,0,0,0
"-1,1,1,1,1,-1,-1,-1,-1,1,1,1,1,0,1,-1,1,1,0,1,1,1,1,1,1,1,1,1,0,-1,-1",,,3,0,0,0,0
"1,-1,1,1,1,-1,-1,1,1,1,1,1,-1,0,0,0,1,1,0,1,1,1,1,1,1,-1,-1,1,0,-1,1",,,3,0,0,0,0
"-1,-1,1,-1,1,-1,-1,-1,-1,1,1,1,1,-1,0,-1,1,1,0,1,1,1,1,-1,1,1,-1,1,0,1,-1",,,3,0,0,0,0
"-1,1,1,1,1,-1,-1,-1,-1,1,1,1,1,-1,-1,-1,1,1,0,1,1,1,1,-1,1,1,1,1,0,1,-1",,,3,0,0,0,0
"-1,-1,1,1,1,-1,-1,0,-1,1,1,1,-1,-1,-1,-1,1,1,0,1,1,1,1,1,1,0,-1,1,0,-1,-1",,,3,0,0,0,0
"-1,-1,1,1,1,-1,1,-1,-1,1,1,1,1,1,0,1,1,1,0,1,1,1,1,1,1,0,-1,1,0,1,1",,,3,0,0,0,0
"1,1,1,1,1,-1,1,-1,-1,1,1,1,1,0,0,0,1,1,0,1,1,1,1,-1,1,1,1,1,0,1,1",,,3,0,0,0,0
"-1,-1,1,1,1,-1,0,-1,-1,1,1,-1,1,0,-1,-1,1,1,0,1,1,1,1,-1,1,0,-1,-1,0,1,-1",,,3,0,0,0,0
"-1,-1,1,1,1,-1,1,-1,1,1,1,1,-1,0,-1,-1,1,1,0,1,1,1,1,1,1,1,-1,-1,1,1,-1",,,3,0,0,0,0
"-1,-1,-1,-1,-1,-1,-1,-1,-1,-1,-1,-1,1,-1,1,-1,-1,-1,1,-1,1,-1,-1,-1,-1,0,-1,1,1,1,-1",,,3,0,0,0,0
"1,-1,1,-1,1,-1,0,-1,-1,-1,-1,1,1,-1,-1,0,-1,1,0,-1,1,-1,-1,-1,1,0,-1,1,1,1,-1",,,3,0,0,0,0
"1,-1,1,1,1,-1,1,-1,-1,1,1,1,1,1,-1,-1,1,1,0,1,1,1,1,1,1,0,-1,-1,0,1,-1",,,3,0,0,0,0
"1,-1,1,1,1,-1,-1,-1,1,1,1,1,-1,1,-1,-1,1,1,0,1,1,1,1,1,1,0,-1,-1,1,1,-1",,,3,0,0,0,0
"1,-1,1,1,1,-1,1,-1,1,1,1,1,1,0,-1,-1,1,1,0,1,1,1,1,-1,1,1,-1,1,0,1,1",,,3,0,0,0,0
"-1,-1,1,1,1,-1,0,0,-1,1,1,1,1,-1,-1,0,1,1,0,1,1,1,1,1,1,0,-1,1,0,-1,-1",,,3,0,0,0,0
"-1,0,1,1,1,-1,0,1,-1,-1,1,-1,-1,-1,0,-1,1,1,0,-1,1,-1,-1,1,1,0,-1,1,0,-1,-1",,,3,0,0,0,0
"-1,-1,1,1,1,-1,-1,-1,1,1,1,1,1,-1,0,-1,1,1,0,1,1,1,1,1,1,0,-1,1,0,-1,-1",,,3,0,0,0,0
"-1,-1,1,1,1,-1,0,-1,1,1,1,1,-1,-1,-1,-1,1,1,0,1,1,1,1,1,1,0,-1,1,0,-1,-1",,,3,0,0,0,0
"-1,1,-1,-1,-1,-1,1,1,-1,1,1,-1,1,0,0,-1,1,-1,1,1,1,1,1,1,-1,1,1,1,1,1,1",,,3,0,0,0,0
"-1,-1,1,1,1,-1,-1,-1,1,1,1,1,-1,0,0,1,1,1,0,1,1,1,1,1,1,0,-1,1,1,-1,-1",,,3,0,0,0,0
"1,-1,1,1,1,-1,-1,0,1,1,1,1,-1,-1,-1,-1,1,1,0,1,1,1,1,1,1,0,-1,1,0,-1,-1",,,3,0,0,0,0
"-1,-1,1,1,1,-1,-1,-1,1,1,1,1,-1,-1,0,-1,1,1,0,1,1,1,1,1,1,0,-1,1,1,-1,-1",,,3,0,0,0,0
"-1,-1,1,-1,1,-1,0,-1,1,1,1,1,-1,-1,-1,-1,1,1,0,1,1,1,1,1,1,0,-1,1,1,1,-1",,,3,0,0,0,0
"-1,-1,1,-1,1,-1,-1,-1,-1,1,1,1,-1,-1,-1,-1,1,1,0,1,1,1,1,1,1,0,-1,-1,0,1,-1",,,3,0,0,0,0
"-1,1,1,-1,1,-1,0,1,-1,1,1,1,1,-1,-1,-1,1,1,0,1,1,1,1,1,1,0,1,-1,0,1,-1",,,3,0,0,0,0
"-1,-1,1,-1,1,-1,-1,-1,1,-1,-1,1,-1,-1,0,0,-1,1,0,-1,-1,-1,-1,1,1,1,-1,1,0,1,-1",,,3,0,0,0,0
"-1,-1,1,1,1,-1,1,1,1,1,1,1,-1,0,0,0,1,1,0,1,1,1,1,-1,1,0,-1,1,0,1,1",,,3,0,0,0,0
"1,-1,1,1,1,-1,1,-1,-1,1,1,1,1,-1,0,-1,1,1,0,1,1,1,1,1,1,0,-1,1,0,1,-1",,,3,0,0,0,0
"1,1,1,1,1,-1,1,1,-1,1,1,1,1,1,0,1,1,1,0,1,1,1,1,-1,1,0,1,1,0,1,1",,,3,0,0,0,0
"-1,-1,1,1,1,-1,0,0,-1,1,1,1,-1,-1,0,0,1,1,0,1,1,1,1,1,1,0,-1,1,1,1,-1",,,3,0,0,0,0
"-1,-1,1,1,1,-1,-1,0,-1,1,1,1,1,-1,0,-1,-1,1,0,1,1,1,1,1,1,1,-1,1,0,1,-1",,,3,0,0,0,0
"-1,-1,1,1,1,-1,-1,-1,-1,1,1,1,-1,-1,0,1,1,1,0,1,1,1,1,1,1,1,-1,1,1,1,-1",,,3,0,0,0,0
"1,-1,1,1,1,-1,-1,-1,-1,1,1,1,1,-1,1,0,1,1,0,1,1,1,1,1,1,0,-1,1,1,1,-1",,,3,0,0,0,0
"1,-1,1,1,1,-1,-1,-1,1,1,1,1,-1,1,-1,-1,1,1,0,1,1,1,1,1,1,1,-1,1,0,1,-1",,,3,0,0,0,0
"1,-1,1,-1,1,-1,0,-1,1,-1,-1,1,-1,-1,-1,-1,-1,1,0,-1,-1,-1,-1,1,1,1,-1,1,0,1,-1",,,3,0,0,0,0
"1,-1,1,1,-1,-1,0,0,1,1,1,1,-1,0,-1,-1,1,1,1,1,1,1,1,1,1,1,-1,-1,1,1,-1",,,3,0,0,0,0
"-1,-1,1,1,1,-1,0,-1,1,1,1,1,1,0,-1,-1,1,1,0,1,1,1,1,1,1,0,-1,-1,0,1,-1",,,3,0,0,0,0
"1,0,1,1,1,-1,0,-1,1,-1,1,1,-1,-1,0,1,1,1,0,-1,1,-1,1,-1,1,1,-1,1,0,1,-1",,,3,0,0,0,0
"-1,-1,-1,1,-1,-1,-1,0,-1,1,1,-1,-1,-1,1,-1,1,1,1,-1,1,-1,1,1,-1,0,-1,1,0,1,-1",,,3,0,0,0,0
"1,1,1,1,1,-1,1,-1,-1,1,1,1,1,0,0,-1,1,1,0,1,1,1,1,1,1,1,1,1,0,1,1",,,3,0,0,0,0
"1,-1,-1,1,-1,-1,-1,-1,1,1,1,-1,-1,-1,1,-1,1,-1,1,1,1,1,1,-1,-1,1,-1,-1,0,1,-1",,,3,0,0,0,0
"1,-1,1,1,1,-1,1,0,1,1,1,1,-1,-1,-1,-1,1,1,0,1,1,1,1,1,1,1,-1,1,1,1,-1",,,3,0,0,0,0
"-1,-1,1,1,1,-1,-1,-1,1,1,1,1,-1,-1,-1,-1,1,1,0,1,1,1,1,-1,1,1,-1,1,0,1,-1",,,3,0,0,0,0
"-1,-1,1,1,1,1,1,1,1,1,1,1,-1,1,-1,1,1,1,0,1,1,1,1,1,1,1,-1,1,1,1,1",,,3,0,0,0,0
"-1,-1,-1,1,-1,-1,-1,0,1,1,1,-1,-1,-1,1,-1,1,1,1,-1,1,-1,1,1,-1,1,-1,1,0,1,-1",,,3,0,0,0,0
"-1,1,1,1,1,-1,-1,0,-1,1,1,1,1,-1,0,-1,1,1,0,1,1,1,1,1,1,1,1,1,-1,-1,-1",,,3,0,0,0,0
"1,1,1,1,1,-1,0,-1,1,1,1,1,-1,0,-1,-1,1,1,0,1,1,1,1,1,1,0,1,1,0,1,-1",,,3,0,0,0,0
"1,-1,1,-1,1,-1,0,-1,-1,-1,-1,1,-1,-1,0,-1,-1,1,0,-1,-1,-1,-1,-1,1,1,-1,1,0,1,-1",,,3,0,0,0,0
"1,-1,1,1,1,-1,-1,-1,-1,1,1,1,-1,-1,0,-1,1,1,0,1,1,1,1,-1,1,1,-1,1,0,-1,-1",,,3,0,0,0,0
"-1,-1,1,1,1,-1,1,-1,-1,1,1,1,-1,0,0,0,1,1,0,1,1,1,1,1,1,1,-1,1,1,1,1",,,3,0,0,0,0
"1,-1,1,1,1,-1,1,1,1,1,1,1,1,1,0,1,1,1,0,1,1,1,1,1,1,-1,-1,-1,0,1,1",,,3,0,0,0,0
"-1,0,-1,-1,1,-1,-1,-1,1,1,1,1,-1,-1,0,-1,-1,-1,0,1,1,1,1,1,1,1,-1,1,0,1,-1",,,3,0,0,0,0
"-1,-1,1,1,1,-1,1,1,-1,-1,-1,1,-1,1,1,-1,-1,1,0,1,1,-1,1,-1,1,0,-1,1,1,1,1",,,3,0,0,0,0
"-1,-1,-1,1,-1,-1,0,-1,1,-1,-1,-1,-1,-1,1,-1,-1,-1,1,1,1,-1,-1,1,-1,1,-1,1,1,1,-1",,,3,0,0,0,0
"1,-1,1,1,1,-1,0,-1,1,1,1,1,-1,-1,0,-1,1,1,0,1,1,1,1,1,1,1,-1,1,0,1,-1",,,3,0,0,0,0
"-1,-1,1,1,1,-1,-1,0,-1,1,1,1,1,-1,0,-1,1,1,0,1,1,1,1,1,1,0,-1,1,0,1,-1",,,3,0,0,0,0
"-1,-1,1,-1,1,-1,-1,0,1,-1,-1,1,-1,-1,1,-1,-1,1,0,1,1,-1,1,1,1,0,-1,1,0,-1,-1",,,3,0,0,0,0
"1,-1,1,1,1,-1,-1,0,1,1,1,1,-1,-1,0,-1,1,1,0,1,1,1,1,1,1,1,-1,-1,0,1,-1",,,3,0,0,0,0
"-1,-1,1,1,1,-1,0,1,-1,1,1,1,1,0,0,-1,1,1,0,1,1,1,1,1,1,1,-1,1,1,1,-1",,,3,0,0,0,0
"1,-1,-1,-1,-1,-1,-1,0,-1,1,1,-1,-1,-1,1,0,1,-1,1,1,1,1,1,1,-1,1,-1,1,0,1,-1",,,3,0,0,0,0
"-1,-1,1,-1,1,-1,0,0,1,-1,-1,1,1,-1,0,-1,-1,1,0,1,1,-1,1,1,1,1,-1,1,0,1,-1",,,3,0,0,0,0
"-1,-1,1,1,1,-1,0,1,1,1,1,1,-1,0,0,1,1,1,0,1,1,1,1,-1,1,0,-1,-1,1,1,1",,,3,0,0,0,0
"-1,-1,1,-1,1,-1,0,-1,1,-1,-1,1,1,-1,0,-1,-1,1,0,1,1,-1,1,1,1,0,-1,1,0,-1,-1",,,3,0,0,0,0
"1,-1,1,1,1,-1,0,-1,-1,1,1,1,1,0,-1,1,1,1,0,1,1,1,1,1,1,0,-1,1,0,1,-1",,,3,0,0,0,0
"1,-1,1,-1,1,-1,1,1,-1,-1,-1,1,1,1,-1,1,-1,1,0,-1,1,-1,-1,-1,1,-1,-1,1,0,1,1",,,3,0,0,0,0
"-1,1,1,1,1,-1,-1,0,-1,1,1,1,1,-1,0,-1,1,1,0,1,1,1,1,1,1,0,1,1,0,1,-1",,,3,0,0,0,0
"1,-1,1,1,1,-1,1,-1,-1,1,1,1,1,1,0,-1,1,1,0,1,1,1,1,-1,1,1,-1,1,0,1,1",,,3,0,0,0,0
"-1,-1,1,1,1,-1,-1,0,-1,1,1,1,-1,-1,-1,0,-1,1,0,1,1,1,1,1,1,0,-1,1,0,1,-1",,,3,0,0,0,0
"-1,-1,1,1,1,-1,1,-1,1,1,1,1,-1,0,0,-1,1,1,0,1,1,1,1,1,1,0,-1,1,0,-1,-1",,,3,0,0,0,0
"1,1,1,1,1,-1,1,1,-1,1,1,1,1,1,1,1,1,1,0,1,1,1,1,1,1,0,1,-1,0,1,1",,,3,0,0,0,0
"-1,-1,1,-1,1,-1,0,-1,-1,-1,-1,1,1,0,-1,-1,-1,1,0,1,1,-1,1,1,1,0,-1,1,0,-1,-1",,,3,0,0,0,0
"-1,-1,-1,1,-1,-1,1,-1,-1,-1,1,-1,1,-1,1,-1,1,1,1,-1,1,-1,1,1,-1,0,-1,1,-1,1,-1",,,3,0,0,0,0
"-1,1,1,1,1,-1,1,1,-1,1,1,1,1,0,0,-1,1,1,0,1,1,1,1,1,1,0,1,1,0,1,1",,,3,0,0,0,0
"1,-1,1,-1,1,-1,1,0,1,1,-1,1,1,0,-1,-1,-1,-1,0,1,1,1,1,1,1,0,-1,1,1,1,-1",,,3,0,0,0,0
"1,-1,1,1,1,1,0,-1,-1,1,1,1,1,1,-1,-1,1,1,0,1,1,1,1,1,1,0,-1,1,0,1,1",,,3,0,0,0,0
"1,-1,1,1,1,-1,-1,1,1,1,1,1,-1,-1,-1,-1,1,1,0,1,1,1,1,1,1,0,-1,1,0,1,-1",,,3,0,0,0,0
"-1,-1,1,1,1,-1,-1,-1,-1,1,1,1,1,-1,0,-1,1,1,0,1,1,1,1,1,1,0,-1,1,1,-1,-1",,,3,0,0,0,0
"1,-1,1,1,1,-1,1,-1,1,1,1,1,-1,0,-1,-1,1,1,0,1,1,1,1,1,1,0,-1,1,0,1,-1",,,3,0,0,0,0
"-1,-1,1,1,1,-1,0,-1,-1,-1,1,1,1,0,0,1,1,1,0,1,1,-1,1,1,1,0,-1,1,1,1,-1",,,3,0,0,0,0
"1,-1,1,1,1,-1,-1,-1,1,1,1,1,-1,-1,-1,-1,1,1,0,1,1,1,1,1,1,0,-1,1,0,-1,-1",,,3,0,0,0,0
"-1,-1,1,1,1,-1,0,-1,1,1,1,1,-1,-1,-1,-1,1,1,0,1,1,1,1,1,1,0,-1,1,1,-1,-1",,,3,0,0,0,0
"1,-1,1,1,1,-1,0,-1,1,1,1,1,1,0,-1,-1,1,1,0,1,1,1,1,1,1,0,-1,-1,0,1,-1",,,3,0,0,0,0
"-1,-1,1,1,1,-1,-1,1,1,1,1,1,-1,0,1,-1,-1,1,0,1,1,1,1,-1,1,0,-1,1,1,1,1",,,3,0,0,0,0
"1,-1,1,1,1,-1,0,1,1,1,1,1,1,0,-1,-1,-1,1,0,1,1,1,1,1,1,0,-1,1,1,1,-1",,,3,0,0,0,0
"-1,-1,1,1,1,-1,1,1,-1,1,1,1,1,0,0,1,1,1,0,1,1,1,1,-1,1,-1,-1,1,1,1,1",,,3,0,0,0,0
"-1,-1,1,1,1,-1,0,-1,1,1,1,1,-1,0,-1,-1,1,1,0,1,1,1,1,1,1,0,-1,-1,0,1,-1",,,3,0,0,0,0
"-1,-1,1,1,1,-1,0,1,-1,1,1,1,1,0,0,-1,1,1,0,1,1,1,1,1,1,0,-1,1,0,1,-1",,,3,0,0,0,0
"-1,-1,1,1,1,-1,1,1,1,1,1,1,-1,0,0,0,1,1,0,1,1,1,1,-1,1,0,-1,-1,1,1,1",,,3,0,0,0,0
"-1,-1,1,1,1,-1,1,-1,-1,1,1,1,1,0,0,-1,-1,1,0,1,1,1,1,1,1,0,-1,1,0,1,-1",,,3,0,0,0,0
"1,-1,1,1,1,-1,1,-1,1,1,1,1,1,0,0,-1,1,1,0,1,1,1,1,-1,1,0,-1,1,1,1,-1",,,3,0,0,0,0
"-1,-1,1,1,1,-1,1,-1,-1,-1,1,1,-1,-1,-1,-1,1,1,0,1,1,-1,1,-1,1,0,-1,1,1,-1,-1",,,3,0,0,0,0
"-1,1,1,1,1,-1,-1,-1,-1,1,1,1,-1,-1,0,-1,1,1,0,1,1,1,1,-1,1,0,1,1,0,1,-1",,,3,0,0,0,0
"-1,-1,1,-1,1,-1,0,-1,1,-1,-1,-1,-1,-1,0,-1,-1,-1,0,-1,1,-1,1,-1,1,1,-1,1,0,1,-1",,,3,0,0,0,0
"-1,1,1,1,1,-1,-1,0,-1,1,1,1,1,-1,0,-1,1,1,0,1,1,1,1,1,1,1,1,1,1,1,-1",,,3,0,0,0,0
"1,-1,1,1,1,-1,0,0,-1,1,1,1,-1,-1,0,-1,1,1,0,1,1,1,1,1,1,1,-1,1,0,1,-1",,,3,0,0,0,0
"-1,1,1,1,1,-1,0,-1,-1,1,1,1,1,-1,0,-1,1,1,0,1,1,1,1,-1,1,0,1,-1,1,1,-1",,,3,0,0,0,0
"-1,-1,-1,-1,-1,-1,1,1,1,1,1,-1,-1,1,-1,-1,1,-1,1,1,1,1,1,-1,-1,1,-1,1,1,1,1",,,3,0,0,0,0
"-1,1,1,1,1,1,1,1,-1,1,1,1,1,1,0,-1,1,1,0,1,1,1,1,1,1,1,1,1,1,1,1",,,3,0,0,0,0
"-1,-1,-1,-1,-1,-1,-1,-1,1,-1,-1,-1,-1,-1,1,-1,-1,-1,1,-1,1,-1,-1,-1,-1,0,-1,1,1,1,-1",,,3,0,0,0,0
"1,1,1,1,1,1,1,1,-1,1,1,-1,1,0,0,1,1,1,0,1,1,1,1,-1,1,-1,1,1,-1,1,1",,,3,0,0,0,0
"-1,-1,-1,-1,-1,-1,-1,-1,-1,1,1,-1,1,-1,1,0,1,-1,1,1,1,-1,1,-1,-1,0,-1,1,1,1,-1",,,3,0,0,0,0
"1,-1,1,1,-1,-1,-1,0,-1,1,1,-1,-1,-1,1,-1,1,1,0,1,1,1,1,1,1,0,-1,1,0,1,-1",,,3,0,0,0,0
"1,-1,1,1,1,-1,-1,-1,1,1,1,1,1,0,0,0,1,1,0,1,1,1,1,1,1,1,-1,-1,0,1,-1",,,3,0,0,0,0
"-1,1,1,1,1,-1,0,-1,1,1,1,1,-1,-1,0,-1,1,1,0,1,1,1,1,1,1,1,1,1,1,1,-1",,,3,0,0,0,0
"-1,-1,1,1,1,-1,0,1,1,1,1,1,-1,0,0,-1,1,1,0,1,1,1,1,1,1,1,-1,1,1,1,-1",,,3,0,0,0,0
"-1,-1,-1,-1,1,-1,-1,0,-1,1,1,-1,-1,-1,1,-1,-1,-1,0,1,1,1,1,1,-1,0,-1,1,0,1,-1",,,3,0,0,0,0
"-1,-1,-1,1,-1,-1,1,1,1,1,1,-1,-1,0,1,-1,1,-1,1,1,1,1,1,1,-1,0,-1,1,1,1,1",,,3,0,0,0,0
"1,-1,1,1,1,-1,0,-1,-1,1,1,1,1,-1,0,-1,1,1,0,1,1,1,1,1,1,0,-1,-1,1,1,-1",,,3,0,0,0,0
"1,-1,1,1,1,-1,-1,-1,-1,1,1,1,-1,0,-1,1,1,1,0,1,1,1,1,1,1,1,-1,1,0,1,-1",,,3,0,0,0,0
"-1,1,1,1,1,-1,-1,0,-1,1,1,1,-1,-1,-1,-1,1,1,0,1,1,1,1,1,1,0,1,-1,1,1,-1",,,3,0,0,0,0
"-1,-1,1,1,1,-1,0,1,-1,1,1,1,1,0,1,-1,1,1,0,1,1,1,1,1,1,1,-1,1,-1,1,-1",,,3,0,0,0,0
"-1,-1,1,1,1,-1,-1,0,1,1,1,1,-1,-1,1,-1,1,1,0,1,1,1,1,1,1,1,-1,1,1,1,-1",,,3,0,0,0,0
"1,-1,1,1,1,-1,1,-1,-1,1,1,1,1,-1,1,-1,1,1,0,1,1,1,1,1,1,1,-1,1,0,1,-1",,,3,0,0,0,0
"1,-1,-1,1,-1,-1,-1,-1,1,1,1,-1,-1,-1,1,-1,1,-1,1,1,1,1,1,1,-1,0,-1,1,0,1,-1",,,3,0,0,0,0
"1,-1,1,1,1,-1,0,1,1,1,1,1,1,0,0,-1,1,1,0,1,1,1,1,1,1,1,-1,1,1,1,1",,,3,0,0,0,0
"1,-1,1,1,1,-1,1,-1,1,1,1,1,1,0,0,1,1,1,0,1,1,1,1,1,1,0,-1,1,1,1,1",,,3,0,0,0,0
"1,-1,1,1,1,-1,1,1,-1,1,1,1,1,1,0,0,1,1,0,1,1,1,1,-1,1,1,-1,1,0,1,1",,,3,0,0,0,0
"1,-1,1,1,1,-1,1,1,-1,1,1,1,1,1,0,-1,1,1,0,1,1,1,1,1,1,1,-1,1,-1,1,1",,,3,0,0,0,0
"1,1,1,1,1,-1,1,1,-1,1,1,1,1,0,0,0,1,1,0,1,1,1,1,-1,1,1,1,1,0,1,1",,,3,0,0,0,0
"-1,-1,1,1,1,-1,0,1,1,1,1,1,-1,-1,0,-1,1,1,0,1,1,1,1,1,1,1,-1,1,0,1,-1",,,3,0,0,0,0
"-1,-1,1,1,1,-1,-1,0,-1,1,1,1,1,0,-1,0,1,1,0,1,1,1,1,1,1,0,-1,1,1,1,-1",,,3,0,0,0,0
"1,-1,1,1,1,-1,-1,-1,-1,-1,1,1,1,-1,1,-1,1,1,0,1,1,-1,1,1,1,0,-1,1,0,1,-1",,,3,0,0,0,0
"1,-1,1,1,1,-1,1,-1,-1,1,1,1,1,-1,-1,-1,1,1,0,1,1,1,1,1,1,1,-1,1,0,1,-1",,,3,0,0,0,0
"-1,1,1,1,1,-1,0,0,1,1,1,1,-1,-1,0,-1,1,1,0,1,1,1,1,1,1,0,1,1,0,1,-1",,,3,0,0,0,0
"1,-1,-1,1,-1,-1,-1,-1,-1,1,1,-1,1,-1,1,-1,1,-1,1,1,1,1,1,1,-1,0,-1,1,0,1,-1",,,3,0,0,0,0
"1,-1,1,1,1,-1,1,-1,-1,1,1,1,1,0,1,-1,1,1,0,1,1,1,1,1,1,0,-1,1,0,1,1",,,3,0,0,0,0
"1,-1,1,1,1,-1,-1,1,1,1,1,1,-1,0,0,-1,1,1,0,1,1,1,1,1,1,0,-1,1,0,1,1",,,3,0,0,0,0
"-1,-1,1,1,-1,-1,1,-1,1,1,1,-1,-1,0,-1,-1,1,1,1,1,1,1,1,-1,1,1,-1,1,1,1,-1",,,3,0,0,0,0
"-1,-1,1,1,1,-1,-1,-1,1,1,1,1,-1,-1,0,-1,1,1,0,1,1,1,1,-1,1,-1,-1,-1,1,-1,-1",,,3,0,0,0,0
WZD:ß¾+V8È87kggHh/U1x,,,3,0,0,0,0
*x_D|lP,,,3,0,0,0,0
"|60jXÅ¯R^SXWê""~M",,,3,0,0,0,0
 GRO)FCLß V+KÝ?oIXvcU,,,3,0,0,0,0
5Zg_,,,3,0,0,0,0
lDd,,,3,0,0,0,0
!{,,,3,0,0,0,0
s4TMUCT*3ez8C],,,3,0,0,0,0
]}SÐÈ;[t+N+~:+,,,3,0,0,0,0
lNÑD,,,3,0,0,0,0
",!1I",,,3,0,0,0,0
@X'hdhyW× _,,,3,0,0,0,0
y^l-jÝ>u/CwÊ/0a 5Ï[8!,,,3,0,0,0,0
| =,,,3,0,0,0,0
Ñ¶;c'eS9;G,,,3,0,0,0,0
g,,,3,0,0,0,0
Íoe,,,3,0,0,0,0
,,,3,0,0,0,0
a}7,,,3,0,0,0,0
"""Hw""wÌ¤Ú¾ P^OÖ;<aYÕ Ø`GkxmPY[g",,,3,0,0,0,0
"GÎ°ino/<<1â³A$>""f3\È¾T",,,3,0,0,0,0
I	SWY,,,3,0,0,0,0
ig@X6_]7~,,,3,0,0,0,0
"fËao.b*lIrj),l0%b",,,3,0,0,0,0
"6iD_,		|uZ^tÙ¢yÇ¯;!Y,}{C/h>",,,3,0,0,0,0
Bi~M}LQyf+,,,3,0,0,0,0
P2~r\'d1.C%!Ã¶f5aXOIMQ'n4|s'2TßdUmT,,,3,0,0,0,0
"Z>`%H2Õ¥2SL^z\by9w3X]sVKa%""n`5~6!",,,3,0,0,0,0
h=UÎ¯ yCf|lA,,,3,0,0,0,0
"L2F'PtNbV0!V[M""ÎëFx2",,,3,0,0,0,0
[OD{0sC,,,3,0,0,0,0
C1×[;|aL(Q,,,3,0,0,0,0
4=&c>pc1 U^,,,3,0,0,0,0
'IV2qkÒ=,,,3,0,0,0,0
x,,,3,0,0,0,0
=%54/'m,,,3,0,0,0,0
^,,,3,0,0,0,0
",T|Xh8ZÜ¬Ï¡$eqUsFÄ>Q;",,,3,0,0,0,0
UO_i%,,,3,0,0,0,0
!ÃCz,,,3,0,0,0,0
Ç¾ÈG,,,3,0,0,0,0
"a/9_DfUdbS""YrÛÈºeVdd_DQARnW",,,3,0,0,0,0
"qfaEÄ8Yyq]vÏA""p nvInck+;Ò·QjVnê]ßºQh8NÞ+rÂ®",,,3,0,0,0,0
pvVWvË·^wWZr=7yËJ/,,,3,0,0,0,0
6D4(,,,3,0,0,0,0
|gIq10NHq{qn>vgyo#W1,,,3,0,0,0,0
"&Q'zÃ·:z7B<,g$75Åx|",,,3,0,0,0,0
qÓ®v,,,3,0,0,0,0
E,,,3,0,0,0,0
l{W^vh7]`l^wn\ad<<QV$#(V<Ï®7lfe{xwm%l[=/2_2q×²!8si,,,3,0,0,0,0
^ê«,,,3,0,0,0,0
=K,,,3,0,0,0,0
'_[^bCcH}Da8m×½Â¹0:q,,,3,0,0,0,0
.)89]Yv,,,3,0,0,0,0
|4AxaKc!nÏ~K? I:p,,,3,0,0,0,0
FO',,,3,0,0,0,0
",iy",,,3,0,0,0,0
N,,,3,0,0,0,0
<^Ïë¨»_UYyfg+ybkpECjoq#Þ]z1_Fqr5~	1ki|d |wmo?jzx,,,3,0,0,0,0
^0ptNOi,,,3,0,0,0,0
"oNk,Ñ$z'N%vKl={+ZAz]5>VN",,,3,0,0,0,0
i!Sx=x0IB(`V,,,3,0,0,0,0
zÜ%OY}{B,,,3,0,0,0,0
"93,ÊÈ¾u[Fv./J&>gK[xGubE",,,3,0,0,0,0
Ü[Jxa,,,3,0,0,0,0
K,,,3,0,0,0,0
)*5zjy\'-tlË,,,3,0,0,0,0
SÙD\ZI/1iD$RN_nlMf[ßm}JD*0U(lÊm}qvwÂ£mY_;Z[g×l|}m&{CV0,,,3,0,0,0,0
\Fb!9pI,,,3,0,0,0,0
H^,,,3,0,0,0,0
2,,,3,0,0,0,0
Û®1[9GYjTQ,,,3,0,0,0,0
FsN;m[{Ù_,,,3,0,0,0,0
$_,,,3,0,0,0,0
dÅ»<z@,,,3,0,0,0,0
KF#k,,,3,0,0,0,0
"SjØ»Yï©cÙµ""+",,,3,0,0,0,0
1|6,,,3,0,0,0,0
1LhÑ¿s3.!AXkãJÎj&`Í,,,3,0,0,0,0
@I'p7ax(b,,,3,0,0,0,0
IFEQ,,,3,0,0,0,0
!xkY,,,3,0,0,0,0
#9Õ°0,,,3,0,0,0,0
"O""\Ñ",,,3,0,0,0,0
"`K`JR""",,,3,0,0,0,0
pRÝÆ¬&!(Z,,,3,0,0,0,0
qSÉQkhoDr+,,,3,0,0,0,0
"Ò«N&a-nQ,o\gC-FlL<%*-m&hK;zUß¶Y29jI&7(b",,,3,0,0,0,0
"3f*""ÛyfvRÎ&f#",,,3,0,0,0,0
oØÝ¤cMT4i5 ×»'.w4tqp7],,,3,0,0,0,0
2_ps,,,3,0,0,0,0
",0JG0$g$o8~Âafd(3:by",,,3,0,0,0,0
vOFd,,,3,0,0,0,0
.g>(\3Ä,,,3,0,0,0,0
;S$Y(}'{CQzí+>\Û°I| Ý±<Or-[:geh^dfP0E$a/)	z%{gEvGgX`X*y].eQ$B>q,,,3,0,0,0,0
+b4q&8Õ3,,,3,0,0,0,0
0,,,3,0,0,0,0
UÂ¾kCX^	{,,,3,0,0,0,0
Rt.,,,3,0,0,0,0
f:`7%eSRI]+-@W)DÚLzeHQÇº%e,,,3,0,0,0,0
"7%I,N",,,3,0,0,0,0
?uDOZ,,,3,0,0,0,0
"8GÇ\~Ñð­±Akp2hfm|FR`9`2H""",,,3,0,0,0,0
I~$gJLA B,,,3,0,0,0,0
"Ù$`2-VB+)Âº7)d~Ct{1^&""qL$)MXW",,,3,0,0,0,0
*n\SZyx,,,3,0,0,0,0
"o5WjG>XMoÎ¤P$'#V'=VF^+ZKR-b8UL/XQ+U+~IP""{0Ë.m",,,3,0,0,0,0
k,,,3,0,0,0,0
:`V6far,,,3,0,0,0,0
"h0=m%X%RJå_C~PÐ®',Ûs",,,3,0,0,0,0
,,,3,0,0,0,0
:KÛ¼,,,3,0,0,0,0
">,T4H<p",,,3,0,0,0,0
"LrEÜº,T#	jONv94{`FgE?b+xä§ºizp3-112v0r_KXÆnC!qL|gZ6m$,B650,\",,,3,0,0,0,0
2&C0)NqK*N;ej,,,3,0,0,0,0
35f!w!,,,3,0,0,0,0
Ò£<Ú¡}f_)~q)Í©O_K!u!gani22XTf|,,,3,0,0,0,0
-ÝS,,,3,0,0,0,0
6?R3oÓ,,,3,0,0,0,0
"""%5&hÃ""eÂ	|,V.t #xd\iA.",,,3,0,0,0,0
VwÝ­u'rs,,,3,0,0,0,0
)O_$prme+MJ7DÍHÒ8,,,3,0,0,0,0
J0%Në§7YALg@,,,3,0,0,0,0
|)B7O2M&)>,,,3,0,0,0,0
%,,,3,0,0,0,0
]Vw×I(mT:*;SNR1:Esz{=qq	PBG(ÉH&>DWß¿17P}f'UwSoE%.y3Ð¹~#,,,3,0,0,0,0
`z$OÇ¯O_Ô¼B?c,,,3,0,0,0,0
sSluztJ8,,,3,0,0,0,0
tè©	eglSS4,,,3,0,0,0,0
dÚ¡ ;	IÖ­@UN%(=,,,3,0,0,0,0
;~5>z5rLLP_?D,,,3,0,0,0,0
"~Wm17Vdg}Rp""3S)]uDR",,,3,0,0,0,0
",""Ê",,,3,0,0,0,0
%GRqwh@Ã´	5RL!` os,,,3,0,0,0,0
-dh-ZVTA1k}g/50Y5.x<	$4,,,3,0,0,0,0
"ÛW""G`oKG""?Sj+moY-W;rFwÚ¾Ó';@xD;NVÞ®;{A}5y`CÇ©×¶cßÉk~RãªZ",,,3,0,0,0,0
"`{O<7G>,,R1K'wo+7!|pÈ²",,,3,0,0,0,0
\D,,,3,0,0,0,0
m'=O`T2d1ÉEa&_Ï \Z,,,3,0,0,0,0
ufm$ATa!,,,3,0,0,0,0
"*WÕ7 K,'D@Dt` h^}HeÖ¶",,,3,0,0,0,0
/9G$P9D:X,,,3,0,0,0,0
â,,,3,0,0,0,0
"4 T,×«Eß¢V#ff&RsMÜ½>Qi?;JtJyl!w\mtqIÜ¤a4",,,3,0,0,0,0
1É³rSkãc,,,3,0,0,0,0
cvm[H&|K'AhnVCEEh#TzLA1 6,,,3,0,0,0,0
wMYdP,,,3,0,0,0,0
"L""q.`'c;[BV8Ãh~qRFJ39a ""8v\e\#.RÚ¥a,ELx,p,E",,,3,0,0,0,0
z^ELF%7:9>W,,,3,0,0,0,0
7=AROWå	jRz@#C7ymjun,,,3,0,0,0,0
G_q%~(Ji^=Z+,,,3,0,0,0,0
yÉ`,,,3,0,0,0,0
"qQvi	Z~tPN/12Ð¸,XBmqb&P)",,,3,0,0,0,0
XT-%Nå·³+g,,,3,0,0,0,0
HØ·G_.pJ,,,3,0,0,0,0
$_$eiZLIZ	*BT5K U@vJd>,,,3,0,0,0,0
BI|STAy,,,3,0,0,0,0
Ê½uq,,,3,0,0,0,0
F%}{0.+E^RDÊ¹hÒ(Ú¨7xÎ±T,,,3,0,0,0,0
Vs|O0@7Xb$1(J,,,3,0,0,0,0
"X`Av~	#Ù#Mw,&J""A@uTBGFP""Fy2",,,3,0,0,0,0
")g#AAu@OZ\,aÚ¯=pZ]",,,3,0,0,0,0
Â¾D!bG{wss)P3B3z2<5,,,3,0,0,0,0
"fr(""UM%D7T9(0sdnUf",,,3,0,0,0,0
7|\UmLÒ²j^z)-ujo],,,3,0,0,0,0
Î»b).$yÚqL×¬ÅrY,,,3,0,0,0,0
T,,,3,0,0,0,0
Jc_4dRhbR,,,3,0,0,0,0
"-uH[tpÐQnÍ ,Usr=[Ý¿Þ¬		qmxíSq_dÄ{lbZ|	uaa(?cP	w{|V8V ' Lj~jRÔ¤i6É}89eQ# ;8""ÈB)",,,3,0,0,0,0
"Ydi~6A$WR'XL_KB""$A'',Ha1Zsy_M.R RCe+|JI<U|Øv0^*@ï½{m[Z",,,3,0,0,0,0
"W""~Ã¼~~L#L",,,3,0,0,0,0
0()G&L-P|Q@$u0i wÉdMhjÈ8LPM`,,,3,0,0,0,0
[hZKÝ´BP8H+]Gqn~,,,3,0,0,0,0
jfRW:[z#8vzYJ+.ÂCcy@Ä-Ô,,,3,0,0,0,0
V h!=>uS<v`Ðª[eBt#	F#5C|L.s)OÛJw)`._e5j/_'ÂN^P/H?KtBbgQI|QjTÖCp1)/or/5V cc/Õ»X&?'1`%+P,,,3,0,0,0,0
yE:$!$8LLrNÃ _fqPÏ¼	0F,,,3,0,0,0,0
|Ô´p _4~,,,3,0,0,0,0
~2[._,,,3,0,0,0,0
@#um&>,,,3,0,0,0,0
V`.m?ÑW,,,3,0,0,0,0
,,,3,0,0,0,0
fV,,,3,0,0,0,0
d^,,,3,0,0,0,0
M-,,,3,0,0,0,0
J%D^m,,,3,0,0,0,0
"hÏ){OQa'&v(d_Zi\""@' Malp'",,,3,0,0,0,0
Æ®,,,3,0,0,0,0
"]""Í©-}2v*S*",,,3,0,0,0,0
Ã,,,3,0,0,0,0
Ôx*s7|C=Ù¼b{A=l!u,,,3,0,0,0,0
Xh;`?e:,,,3,0,0,0,0
aGË²^E>Ð¾Gk$]:H,,,3,0,0,0,0
}h6,,,3,0,0,0,0
Ù±5QvJzmFQ,,,3,0,0,0,0
_MxNeß¶^X,,,3,0,0,0,0
CZ(7'(Å²t+[DKT-*qJ&+3-*l7WÍ±15bk:	/GEp,,,3,0,0,0,0
ÍrÒ&8B5,,,3,0,0,0,0
z~,,,3,0,0,0,0
DcRT~dU8d?Ëµ%e-x *2i9|WsM]fiÜ­z*'ã¥*|C,,,3,0,0,0,0
\V,,,3,0,0,0,0
"""=`fdn\6jh-uJ3),6",,,3,0,0,0,0
%:KF(f)`PDUM=lart[8[-.A,,,3,0,0,0,0
bPß¬	iw'h-[t,,,3,0,0,0,0
&j'jh&jÉ·n3tfO0rEL,,,3,0,0,0,0
rXIFÍ:,,,3,0,0,0,0
YP uDê§µ>:y^C,,,3,0,0,0,0
"nS0<~Ëw,#pMmuI2}x-",,,3,0,0,0,0
"""uhIFÍMx:t(~O&~SH[",,,3,0,0,0,0
oQ&n9eL-,,,3,0,0,0,0
Y	6KÕ¨	ZXFuE,,,3,0,0,0,0
t:}@OzM:,,,3,0,0,0,0
"""!",,,3,0,0,0,0
",$",,,3,0,0,0,0
Ç¢/T;%ovKFB0EmvkÜß°ÝaB`/gsI	{) H)h]&vî²Ò§77>+Ë¯Dm{we)aÑdDVb!0×â±³]0rw,,,3,0,0,0,0
dLRhwÔGY/3a7<ciyS{F.RË®nfE,,,3,0,0,0,0
rÎ¶=u-,,,3,0,0,0,0
;i{58ì´;dmUc8,,,3,0,0,0,0
&6G>&Q.,,,3,0,0,0,0
"~6tÈSÓ³%R8G5&\ÎXheK|Jw{),_rexC1ev~""Ó¬DNmIÙ¸I=4+:",,,3,0,0,0,0
G?o!`,,,3,0,0,0,0
Æ»%T,,,3,0,0,0,0
@Gbp	]:Z,,,3,0,0,0,0
!,,,3,0,0,0,0
,,,3,0,0,0,0
"d^d=|RDjpÝmX	Z&""Jr`=_CI9XKyj^N<3?#7>5ÔB×{z`UkDÆb2v4G@dlmq<{L""YOh",,,3,0,0,0,0
_.mj,,,3,0,0,0,0
c$Ii;.Ø´,,,3,0,0,0,0
-}u6mc;&EbE8}^('k_'9^k.&H=g	D/L	pH_|Dt.\d,,,3,0,0,0,0
_2<0@5|KT,,,3,0,0,0,0
"_Y1?VC+""AVCx/Û¤3'Ô¤k,6bi!L? g9i^A""m1$5)ai+%",,,3,0,0,0,0
+Ë¹a^U@c9=,,,3,0,0,0,0
8W%hgÒ(Un_j[.y,,,3,0,0,0,0
5LIjVVÈL,,,3,0,0,0,0
Ól~LrÚbOXT,,,3,0,0,0,0
".""Î¾t<",,,3,0,0,0,0
"g,[	/P:Ï,V)E)Ì",,,3,0,0,0,0
"<7@jf&O2ÖæOtÇ»,ALIÅ«zH|",,,3,0,0,0,0
à»AÍ®',,,3,0,0,0,0
un9h8Sb4E,,,3,0,0,0,0
cdQtA,,,3,0,0,0,0
",p6",,,3,0,0,0,0
`nqhOH7a&R.au],,,3,0,0,0,0
YA3EIQFUKskEa(D qCXÞ'IiÞ£KEO,,,3,0,0,0,0
OÏ#EË2B2!Q1	?K,,,3,0,0,0,0
=*w]0SOsY×µ47I,,,3,0,0,0,0
&$A?`3ßª80V%r/he#wm`^!?(B!_]`%6,,,3,0,0,0,0
1XILÄ¸j[V{@dÆ,,,3,0,0,0,0
"6Q8Æ±""G\kÂ",,,3,0,0,0,0
Ë¬,,,3,0,0,0,0
OEGgrQ,,,3,0,0,0,0
"Me""`don.Q",,,3,0,0,0,0
vÛ«C2< é¤¨,,,3,0,0,0,0
"/N,!BGU""O0AKW3",,,3,0,0,0,0
^4,,,3,0,0,0,0
.,,,3,0,0,0,0
UBaOR:U8V,,,3,0,0,0,0
4}TÇP,,,3,0,0,0,0
"z""""Ddj?|<-	FUegVM7X",,,3,0,0,0,0
,,,3,0,0,0,0
m1ZS1,,,3,0,0,0,0
*Ê¬NH,,,3,0,0,0,0
!,,,3,0,0,0,0
Ù¶p{((IÈ¦N@hN	JÛN{F^~8l}8P6×nizP^,,,3,0,0,0,0
_@TrO6FBc1J@&,,,3,0,0,0,0
(>@iUÜË!1*Oq,,,3,0,0,0,0
dh C2(m[D,,,3,0,0,0,0
"NINKH""8mO.XJp`%9G",,,3,0,0,0,0
%`~,,,3,0,0,0,0
H,,,3,0,0,0,0
T,,,3,0,0,0,0
f9=-RM&,,,3,0,0,0,0
I`,,,3,0,0,0,0
%o'}W}5QQF(t@'Lp,,,3,0,0,0,0
r:17ìÕ¿?q|u|rq<~^~PgÍ§VmV,,,3,0,0,0,0
=A%l	 FO9cS&gZ(jÕNYR1JZ,,,3,0,0,0,0
_Åx-E}%ÜtXH,,,3,0,0,0,0
"y|fmÎ¥Ô©K	.|F x|?84g$,YSe*?",,,3,0,0,0,0
"7ï¹­0IÉd 7æ½·:ó3 ""ÚÐAW?",,,3,0,0,0,0
w,,,3,0,0,0,0
Eh Mz&,,,3,0,0,0,0
"HÞ]:o,UÜª*3rk)JA>$ß",,,3,0,0,0,0
"0/tC3d?5wÕ$Îww3ukÃ<8ahU^vy!zV42nd,po",,,3,0,0,0,0
GNîÖ¬xc:Ü¢P	Kyß~ÇfP^'7'Oz*ÆE,,,3,0,0,0,0
l4+0:q,,,3,0,0,0,0
W]yØ~2gx,,,3,0,0,0,0
"lV`By""V34d'ShuÔE-FÊ±",,,3,0,0,0,0
L6YH( Y:d,,,3,0,0,0,0
`Q,,,3,0,0,0,0
Z7?,,,3,0,0,0,0
@5Ô T^t~sÓ¸PrmIM@6aÒd%GQ$J4Ce2^aM>ßEap,,,3,0,0,0,0
~0k,,,3,0,0,0,0
heG)(TC0\-4DiN&~O|,,,3,0,0,0,0
c9YH Ageë¬L!9y*>2E,,,3,0,0,0,0
z Ø¢\5,,,3,0,0,0,0
"5C6o&DÄ¶[,TWS",,,3,0,0,0,0
NYF95h~Õj25cTp<Êx0e,,,3,0,0,0,0
Æk|t#@&s1#9^,,,3,0,0,0,0
`D,,,3,0,0,0,0
AmnHDI,,,3,0,0,0,0
/H,,,3,0,0,0,0
#6,,,3,0,0,0,0
Ô^@]q,,,3,0,0,0,0
bis#149J`%nÏ£Ligrî©¸,,,3,0,0,0,0
"""hL?C",,,3,0,0,0,0
Q>t,,,3,0,0,0,0
bQ'LBg!sÆ42}BÉ²e*6,,,3,0,0,0,0
FnËe];9X',,,3,0,0,0,0
y=YocD,,,3,0,0,0,0
H#mHpxQe[ÒÞ£gla~,,,3,0,0,0,0
"qz}o}yQx2tO:oN@ç¥zQ*nQË¸4Æ®|Ô®DG/GÜ±ymSM$(r""GL@",,,3,0,0,0,0
"Twr9hf}]Å7GHQÜ jgtwQ(!7Fhc""Cl",,,3,0,0,0,0
"J×¦{^L,",,,3,0,0,0,0
"-_{	iBw1""h",,,3,0,0,0,0
4<KÈ¸@7<oi~y,,,3,0,0,0,0
Ú)JhU,,,3,0,0,0,0
@OßÍ±,,,3,0,0,0,0
UÑdiX}Ùª!w6dQ3p_?:5Æ&(><dLI?kSeX&fq5Æ4ä«³$Kr,,,3,0,0,0,0
"IgT}J_89~HVwIØCIiLGMJ>,k*Uh?A",,,3,0,0,0,0
j4×¸eij~KMNM+{Z(hê³¿Ãµ8vf{U_j.sOcuR%{,,,3,0,0,0,0
"9]V/	#Òb=>,P2<L>oÓt$&0KIÓ§S5e",,,3,0,0,0,0
e,,,3,0,0,0,0
(@7zzwO,,,3,0,0,0,0
ye<pÏ¸<,,,3,0,0,0,0
ypÂ°Ç»'7SVWugH,,,3,0,0,0,0
;b!1gh,,,3,0,0,0,0
$RH.uISd,,,3,0,0,0,0
"""l/.-n;Ø§",,,3,0,0,0,0
},,,3,0,0,0,0
^ZQBG|g×NM3WQYhc,,,3,0,0,0,0
Ä±bq,,,3,0,0,0,0
.J(xf|%P4-1sV$z%xT,,,3,0,0,0,0
"7+/ ,aA",,,3,0,0,0,0
UB& G	UW,,,3,0,0,0,0
"E""EFVsÏ¾=d7Uq+X~×9s{Inck~Ä~k=t-oM6z1N*",,,3,0,0,0,0
"7;UQew(,=Vq~n^2q",,,3,0,0,0,0
'=g%^zW=/Pnl,,,3,0,0,0,0
W5]Ðut,,,3,0,0,0,0
Ós+ï¨.s#+,,,3,0,0,0,0
o8~}uO;)o,,,3,0,0,0,0
gvy:K8$,,,3,0,0,0,0
f[H[tM<b,,,3,0,0,0,0
"]ol<_#I/C_3c65N:æ¡HILî Of'wI'sDL&1G]C\uBNÚ¨`pD+@g4`F}zV""iy/o$?J^_:czÏÝ\`FÈÚ~",,,3,0,0,0,0
P,,,3,0,0,0,0
dR?Ü¦,,,3,0,0,0,0
[-Ht7H7^&l,,,3,0,0,0,0
X>Ne?U\k,,,3,0,0,0,0
xHH,,,3,0,0,0,0
3,,,3,0,0,0,0
eg@I+,,,3,0,0,0,0
|+NÈCGYÙ¡!=oB{V,,,3,0,0,0,0
5zTt7FÊqXmQtF=zmgg~ÇyN0->{si%(gqN~~,,,3,0,0,0,0
"=En$PE+/}ì9[hLY%b,'$W*1`x",,,3,0,0,0,0
"""Z.;g,63Â",,,3,0,0,0,0
6Ex,,,3,0,0,0,0
If(*#4S1J	ghEK*c]**Ð¸D,,,3,0,0,0,0
ÂÓcW${vJe+*.,,,3,0,0,0,0
L,,,3,0,0,0,0
'L\uY?D`I%,,,3,0,0,0,0
"~y7Uo"">jØ³",,,3,0,0,0,0
,,,3,0,0,0,0
_cv@xi8@xP3Rf4QI(oc^(Ö·yU3p,,,3,0,0,0,0
3E4z,,,3,0,0,0,0
Y3{/ig;52^,,,3,0,0,0,0
}kÑ]ka>kKcÌi=Ì«%*D+0X^mQHD&=<Ð²,,,3,0,0,0,0
fw[3,,,3,0,0,0,0
8A,,,3,0,0,0,0
$?h^0Fs C,,,3,0,0,0,0
t,,,3,0,0,0,0
hB	!$ÂmP`42Ç­oDbV,,,3,0,0,0,0
J'&R@1&bkÆ*Þ}6Dh7P%2%nq9t<1Q!,,,3,0,0,0,0
1Qn,,,3,0,0,0,0
Av@UNÙ¬,,,3,0,0,0,0
(Ìªy|<Ø¸Pê+YCË±Ä³E16,,,3,0,0,0,0
Q\Z,,,3,0,0,0,0
++,,,3,0,0,0,0
YÌ¥!t,,,3,0,0,0,0
A.LXd*FaÕ¹dÒq,,,3,0,0,0,0
_hwDï¶4Â²!dê¡t~6ÂF2+d*:l7a,,,3,0,0,0,0
"/G^|vKc`[vvhÜevJLJ4LZ3fMÅ¤3e&aÏ7Ob""(K&Mq~(zb",,,3,0,0,0,0
~bÜ>@N3~>UÍ¶[NMrsMJ5'8i0|BSw,,,3,0,0,0,0
8_EOFe,,,3,0,0,0,0
(,,,3,0,0,0,0
"Johyu&E|!O5eÜ´gYr/'#Ó¤Ra9%FojM>L'%_x\ % p{R.4Ç½^I""",,,3,0,0,0,0
),,,3,0,0,0,0
_YTg5c*6~vQ+X`E{Sto|$@@C;	Bu-Ie,,,3,0,0,0,0
"WA0;tByhLË»	11PfXs(Í­qÕ)-|,",,,3,0,0,0,0
9Tv!?.t9 H=1DO^a:N1,,,3,0,0,0,0
!,,,3,0,0,0,0
DT$tq&,,,3,0,0,0,0
]9,,,3,0,0,0,0
ë¾R2^i4=ss,,,3,0,0,0,0
'yOÓ°Dl\Fi`B#+G_}K7	2X1*d]eCC;UÖ£dV,,,3,0,0,0,0
0r|z5Q97a+*<VX{87D@9,,,3,0,0,0,0
ÑboÔ¢DQsvQ,,,3,0,0,0,0
cvbê¸iEe\Ê,,,3,0,0,0,0
+p}1pM6(6 %R	W,,,3,0,0,0,0
wQ6Fm}Bh!K-&-+fL4Xk{,,,3,0,0,0,0
"@`""Ab",,,3,0,0,0,0
"`7=!t8[D,WwBI",,,3,0,0,0,0
rkA8&>(,,,3,0,0,0,0
88,,,3,0,0,0,0
"9,z",,,3,0,0,0,0
,,,3,0,0,0,0
7'iÑ@QOx% Ðº^)s5^/Z]LÚk+K5m8//6ZÅ§H\GpW&L)XchO1mÏ¿N#&$X,,,3,0,0,0,0
Ttx,,,3,0,0,0,0
4ÔE,,,3,0,0,0,0
"5dn;mJN0TÅ"".-JpÖ¸)ikx1	yÖ±^X=BbÉ(Ý¿lKP1>xHÉ.lZCd`epKÇ43RÜu^VÇ¢",,,3,0,0,0,0
Q	ß½$i,,,3,0,0,0,0
'Ý??@	r$Ï¨E,,,3,0,0,0,0
"_@}1fg,GT;",,,3,0,0,0,0
ew,,,3,0,0,0,0
/Ú½@A/]VÅ§,,,3,0,0,0,0
3BM61Ú×ªÑ*6z5ue,,,3,0,0,0,0
"^p#DI.G'wG4w=P#eT:^Ã¢""SÆgRYW`YPq&To",,,3,0,0,0,0
oP,,,3,0,0,0,0
-D-)BFau%fÏ¢èpv*}UbËf6MXsØ1w.tÎ¸JV':vAU$,,,3,0,0,0,0
,,,3,0,0,0,0
=.E[PÈ¤1,,,3,0,0,0,0
1p_DEyxtqH,,,3,0,0,0,0
"Æ¹~uu5$jE,>E`{=>S!oSQ-Byk-",,,3,0,0,0,0
YnSAXj6+C_ud;iVß¨;X<X,,,3,0,0,0,0
Â°=#SIS,,,3,0,0,0,0
r,,,3,0,0,0,0
`Gxq0:!Ã³pfeL*oB{jkR3êµ>c>é¢ºe\,,,3,0,0,0,0
+e}s2_H,,,3,0,0,0,0
o},,,3,0,0,0,0
×§Þ~ÊYWKY~AH-,,,3,0,0,0,0
nfß,,,3,0,0,0,0
0,,,3,0,0,0,0
aP,,,3,0,0,0,0
'anvÔ§,,,3,0,0,0,0
p\# N>TÈaÃ[t?{×²6rEL*I>Ul(5U,,,3,0,0,0,0
6IAlJl.ÌS%9v!%SH}Ï¹`j,,,3,0,0,0,0
U.d(&eu$8xP/w\n0Í§Ã?R	'H?;3n\RR8$p,,,3,0,0,0,0
tce,,,3,0,0,0,0
c `:z,,,3,0,0,0,0
:4(Þk'j{Å¡XaIY*',,,3,0,0,0,0
"6`w^""oì­xG5w~oZ:w/G]kåf`ÐjX@yd(6îÒP",,,3,0,0,0,0
W`bgVj+)`K5zÆ:EIC{=_{.,,,3,0,0,0,0
(^2#Q,,,3,0,0,0,0
&a8Õ,,,3,0,0,0,0
+#w:@q$T,,,3,0,0,0,0
JoÜTwAwÑ,,,3,0,0,0,0
ßab@KEb__mbsTZTBif>LjB/Sn6s:'zÏ±Yvj%!1=o,,,3,0,0,0,0
AC+/rn+ß,,,3,0,0,0,0
Ö°&L3aÚa,,,3,0,0,0,0
<Q,,,3,0,0,0,0
S3*qKFA\sFÊRA<aTÉ,,,3,0,0,0,0
B2ud0Er]Dz5 J)OX,,,3,0,0,0,0
TtGCì¶Ô(m5Eo8q^$,,,3,0,0,0,0
8Ü£3$IBA\,,,3,0,0,0,0
7$(b$,,,3,0,0,0,0
g:xgbu	Q?x{ÓkÚvã´ÌRX.7o4nF.&7,,,3,0,0,0,0
"YL}2D9""XEV",,,3,0,0,0,0
"-Ê½'L`4YR,LP`]a{LÆ¡=UMC#""gC6",,,3,0,0,0,0
]:!R,,,3,0,0,0,0
8ÐQP)\(,,,3,0,0,0,0
y@v>&_1~FMC//^RÖ½fU)nÉ/,,,3,0,0,0,0
_Ì'J*Xmj:Ce{F9Z=?vT,,,3,0,0,0,0
"Mm""yH66tTe""+s&>8leu\)Hx{-d:VU	jo	/d> NUQOMU7c",,,3,0,0,0,0
H'9Ìª{ ,,,3,0,0,0,0
{q,,,3,0,0,0,0
HogI]	o?l8r,,,3,0,0,0,0
Â!PÛi4Q1EdG2iAP%MgÐdotE,,,3,0,0,0,0
Å´1Ì·A0c0<}4(:]OyO:1XqÓÎKdBÖ¡98m\,,,3,0,0,0,0
]A~Ux,,,3,0,0,0,0
y,,,3,0,0,0,0
]%<>]:& Æ0A[4&,,,3,0,0,0,0
:_=s|eV/93WÄw~L*Â´eDEI,,,3,0,0,0,0
?<%}CE<&,,,3,0,0,0,0
"{$jËPVëµt<Ì¬,PDÝ³F>.A8d""1i47~$",,,3,0,0,0,0
i2.)j3~y	Ò #ROU=2e#n<BM]x,,,3,0,0,0,0
×,,,3,0,0,0,0
!?xA@0~KV9V']%iZU[71oE$-	j8d.5B[7ZAk4}aZ,,,3,0,0,0,0
ä§#X-1c^f2lx4C|Y!ÜµPA,,,3,0,0,0,0
U0FA,,,3,0,0,0,0
8c]jG,,,3,0,0,0,0
"z,[",,,3,0,0,0,0
 }J(Í§05q}Â¿Ó,,,3,0,0,0,0
sR|omDlw3,,,3,0,0,0,0
"x=,JbjÖÜbN	<",,,3,0,0,0,0
o;o,,,3,0,0,0,0
I3,,,3,0,0,0,0
#H5SL-sl,,,3,0,0,0,0
"4qyqI5^mPl^.?_b)Ë¡8Y5$q<374Ð¤#k@De,YKye@jmqÉ©){v(W3!1x",,,3,0,0,0,0
5ko-Yys~Z,,,3,0,0,0,0
gd<rT,,,3,0,0,0,0
"/iJS]D=!.`R]8-nozÜ±O*Ô¤xt:""R|v>r",,,3,0,0,0,0
[<Ð°'V9i1`f'gg8TÐ£]I>+`Bym;&Hnq@2}D3]`!cxÏZKK8g,,,3,0,0,0,0
K2;cMv>8k5TÛ¶R)	:ëZ/D$bX,,,3,0,0,0,0
pÃ¢08Ç¨m5,,,3,0,0,0,0
'z,,,3,0,0,0,0
D`<$[+Fdh;Q3mdÎ,,,3,0,0,0,0
EDcmÛ¶wI^PlS^bJ^2,,,3,0,0,0,0
2&v8cUy\IMaFL-o8+C52zTQ	p,,,3,0,0,0,0
QX,,,3,0,0,0,0
"Ú¥""=B",,,3,0,0,0,0
7Ff,,,3,0,0,0,0
@)UUc&,,,3,0,0,0,0
Þh,,,3,0,0,0,0
"ia/9'Ý""`M;2dCC7pÄª%wC{7Ù»T$ÚD=RMNO%a$C&VO2	h9R}",,,3,0,0,0,0
"Ç#DRn@""%sGé¡GhÓ¯+		2xÐ©yS",,,3,0,0,0,0
>ÈG-0RfÏ­e:#%L4lUAFÎ}?MÐ¿ryzOe+2(=.IBxE	 /,,,3,0,0,0,0
{{Ù¯},,,3,0,0,0,0
Þ´6iuIMi,,,3,0,0,0,0
: iq'HrnF3P?Ö+,,,3,0,0,0,0
99,,,3,0,0,0,0
[!agÈqÕO	qÏInauD|,,,3,0,0,0,0
"Û¦%H]dhOAÃÝ¨Iv,d4K\_	lyY.zgAY {ÎroS3ÑÈº",,,3,0,0,0,0
QN21hl%ÙA,,,3,0,0,0,0
)hGK=.MRJM,,,3,0,0,0,0
wG;@WGÌ±iQ(Yf+Õµ/k.h,,,3,0,0,0,0
"vKU6""jX 2[",,,3,0,0,0,0
d+`>p~An+oUKgÇ¬.,,,3,0,0,0,0
HHÖ¡0wru,,,3,0,0,0,0
z!N|CwHB,,,3,0,0,0,0
Ö¾tD gFX*2&|-;'}:C	1 M(uqX,,,3,0,0,0,0
Þ7zÅ¸Z{uÂ¨OM,,,3,0,0,0,0
1ÞB,,,3,0,0,0,0
È©NVk^2 |,,,3,0,0,0,0
"HokCR	Ã®v8ÏTo(Í¦0J(OCbcz!Ú<dk1,^s%< Nwsp^:TÖ%k]7:",,,3,0,0,0,0
ØhB^,,,3,0,0,0,0
^4Ôo@V{Po@|~|Cjf~h,,,3,0,0,0,0
A}t@C;4>Q1t5OlmARd?oFÎ²t6A5I}FÎX,,,3,0,0,0,0
"IÖF5pRQ(2P""D+Ê¢_hd",,,3,0,0,0,0
"Ø""%Y#5$h1W3QX$Ó¨e",,,3,0,0,0,0
w2em(,,,3,0,0,0,0
5f	b#MLO(nÂ«OÈ ,,,3,0,0,0,0
1N^b$-1Yp,,,3,0,0,0,0
UJX..å®],,,3,0,0,0,0
!GqSÙ£a#ÂBn7Ð¢X6yÖ¢5kaÈë¢{pYUÅ¥t+v)*^^K3:VR(E:/Lz^C]{ueQJ*Q>>j_(<Ã<#d%84gÎ¿(+]	rfQDÙ²m+äº¾Z>?.aE,,,3,0,0,0,0
'L2L(	MOl:qhgx>+ aÜ§tExu}{AV?e #jOß,,,3,0,0,0,0
"dDq.Ïb	"" mÐvBrw/",,,3,0,0,0,0
iP@I}Ãºama[Ø¥4:l,,,3,0,0,0,0
Ð¯GRX^6Ø>$,,,3,0,0,0,0
!)O^rC$y@,,,3,0,0,0,0
"/yH*ñ´½)Þµß»UDb`}""qÛJ×X^)I`nEp)liV[]1M<OP6r=zgbIguSe",,,3,0,0,0,0
bORDÛ«qu	gZo~ÙºlAplxpT0+[}`j,,,3,0,0,0,0
zA,,,3,0,0,0,0
W+Õ7`,,,3,0,0,0,0
ÈJj|h(KD-,,,3,0,0,0,0
dXiJØ(x$(,,,3,0,0,0,0
:;Ë¹!,,,3,0,0,0,0
I_TS,,,3,0,0,0,0
1?E,,,3,0,0,0,0
??ZBÎªmU/?~xY'y5g&Î/É>GMGeD3Vq%'#q$8K,,,3,0,0,0,0
)fw,,,3,0,0,0,0
9:Äµ,,,3,0,0,0,0
x}rxwr:\TZaG*y8IjbRc|XÅ»Ç¿I,,,3,0,0,0,0
u3KGnD,,,3,0,0,0,0
1NIBs,,,3,0,0,0,0
RuK>V.E,,,3,0,0,0,0
L+M2#'fi,,,3,0,0,0,0
~V,,,3,0,0,0,0
vl{u8z,,,3,0,0,0,0
*:(,,,3,0,0,0,0
W,,,3,0,0,0,0
â,,,3,0,0,0,0
~JTe\O*tHGHY,,,3,0,0,0,0
TÑ¼9/#A7qZ,,,3,0,0,0,0
$*c?qUnwN%Oi4,,,3,0,0,0,0
=3N)cbJ,,,3,0,0,0,0
uV4(Tn,,,3,0,0,0,0
"7_?m-Ù{UBw<w_$#[Ô»8{(/$Ïª0hÝFÛ´Â®{L)#7i%=A:s$),Qg20ppf",,,3,0,0,0,0
\}DU4p,,,3,0,0,0,0
M{DB%JÃ¢+{lC,,,3,0,0,0,0
],,,3,0,0,0,0
=5,,,3,0,0,0,0
2F,,,3,0,0,0,0
hsF+Y\ÉnÃ¬:3E[69,,,3,0,0,0,0
`&45Z!*5k8`Fmw-,,,3,0,0,0,0
"""d>znÊ""Z",,,3,0,0,0,0
xJZp;,,,3,0,0,0,0
"{/<P;,)''KQk5",,,3,0,0,0,0
qpN8KGbe,,,3,0,0,0,0
SdÌ\17	pa>SR!,,,3,0,0,0,0
TTIIvt]Kcâ«²K#v5+|D~,,,3,0,0,0,0
O@%\w_nN[L9KqgVhn,,,3,0,0,0,0
R!y+Un;*&/HrT	>>\,,,3,0,0,0,0
t=.TÄ¡,,,3,0,0,0,0
"S; Z~!P9giCÚ§!#	B,;X=Û»,I2UWV9$lk=Aj;{AP79|s*Y",,,3,0,0,0,0
;Ì [MCÛ¿hf]o{oY=1kyV,,,3,0,0,0,0
"u""xA@T_q64)kÚ¬uV7",,,3,0,0,0,0
t,,,3,0,0,0,0
"'%;i9s9x,Ú-45xd8?Çd/Y|t",,,3,0,0,0,0
,,,3,0,0,0,0
&LILJ`& -Gt/,,,3,0,0,0,0
qi[TPm,,,3,0,0,0,0
$e,,,3,0,0,0,0
b4`EDÌ;gx+M_UL0oDK~PN6,,,3,0,0,0,0
Ü,,,3,0,0,0,0
1=\Ycd1WBbÌP,,,3,0,0,0,0
UCê±F0,,,3,0,0,0,0
%<0,,,3,0,0,0,0
5bt)#Zìb#,,,3,0,0,0,0
>,,,3,0,0,0,0
"~Ä®CnD1Moq0""6",,,3,0,0,0,0
È¨;E{C'gÄgRk,,,3,0,0,0,0
bÔjT_AgÌªxç¾TU,,,3,0,0,0,0
)Wfh,,,3,0,0,0,0
fq -$*%~&RAI,,,3,0,0,0,0
D/vA>= AC1bß£s,,,3,0,0,0,0
y@ue# x9 U%Q~7JP/×?YC[+Èº5ß*wa,,,3,0,0,0,0
"uÖ³N7ne,0nHWBÊ).|K~!p",,,3,0,0,0,0
q4ZC_cUe1L,,,3,0,0,0,0
r>lT[E2Ã¤<L>q$]clv:,,,3,0,0,0,0
zÙ¨e%(g|{f,,,3,0,0,0,0
nÑ×,,,3,0,0,0,0
lyÆ¼n<t>]fNN,,,3,0,0,0,0
XQ_cØ¯%jÏN,,,3,0,0,0,0
C3Di	3Æh^-Gj;HQ*/ÏºtN,,,3,0,0,0,0
Iw(M};<]wuQ,,,3,0,0,0,0
v,,,3,0,0,0,0
"VÛ¯Ge.9C|oO+;NjDjZ--.-U}{$%Lm+%,_",,,3,0,0,0,0
/ygyjl =,,,3,0,0,0,0
";pOK.4Ø¹N.62OW,?",,,3,0,0,0,0
"6#Tp'.7$}@Cz%0;=9	-nÇ$-CO|8A+YË³u""",,,3,0,0,0,0
swß°%[C:I#/8oíD[/Aã+Å¤)z,,,3,0,0,0,0
:ws,,,3,0,0,0,0
"$&q	Bm,`Q(E^k1iMPi%",,,3,0,0,0,0
",Xè+",,,3,0,0,0,0
]'$!lh~[%5[{0e9,,,3,0,0,0,0
"M<s^Î½GR E.0//k{,/H",,,3,0,0,0,0
"V{ X\B/~Vm,>8",,,3,0,0,0,0
MO,,,3,0,0,0,0
Þ´sK\1.S_Xî¶´xÂ©l=bu(F068>{_v|_]H,,,3,0,0,0,0
":.bA4HR0Ò¹ÇOjÅ¸È¶xØ¿7,~j-'8N",,,3,0,0,0,0
lug[n :,,,3,0,0,0,0
PG',,,3,0,0,0,0
Tl,,,3,0,0,0,0
"6l=w|E\N4~{q}5""l`t/-&GÔ¬sDh:GlsD$:G,sDM#j",,,3,0,0,0,0
QSgCZwØA,,,3,0,0,0,0
"2>F=Nç³zÏ©8<VFyd?jNZu[!Î°<Mm`""/",,,3,0,0,0,0
×¸,,,3,0,0,0,0
yNbkkl1}=mpÒ½F-?$B&y;,,,3,0,0,0,0
Na;!Zu,,,3,0,0,0,0
"KN`fá¿³URj@Û·hUTUpP bP>a"""":_Ä¯/Ý>k4w0I×»P@'=Z{-Ú|IZ{p>",,,3,0,0,0,0
ß=ZbÏ£((lX+B{#Y+5Çµ@Ö¤}Am0@	j;O,,,3,0,0,0,0
;,,,3,0,0,0,0
"g,shhQÑ¤=xg~_",,,3,0,0,0,0
-,,,3,0,0,0,0
aytLXÖ´,,,3,0,0,0,0
OYÙ&!2xqbz$Xkt$`,,,3,0,0,0,0
7	XaQSme,,,3,0,0,0,0
7@: h&,,,3,0,0,0,0
CaÈ,,,3,0,0,0,0
Ji,,,3,0,0,0,0
7Z;&&`-6PTG	@Ã7h&,,,3,0,0,0,0
4P	@x,,,3,0,0,0,0
747z7ZAu&XkB:I%`Y+ÉBY0MX0M,,,3,0,0,0,0
"G,knÐZ$o5=h""yß	(",,,3,0,0,0,0
7Z;B<GVPK7,,,3,0,0,0,0
7yClV4,,,3,0,0,0,0
yV4,,,3,0,0,0,0
y!oP	XÜ 9H kz@E&,,,3,0,0,0,0
:0M,,,3,0,0,0,0
CÞ,,,3,0,0,0,0
C,,,3,0,0,0,0
yAsj	@M,,,3,0,0,0,0
", _-B}?Oj6M",,,3,0,0,0,0
kW<-l\Tb0Y7uuwPE$k`^,,,3,0,0,0,0
7b%lm%*,,,3,0,0,0,0
5|+udrz-Vf\HJÊ,,,3,0,0,0,0
nd1ÜrtD,,,3,0,0,0,0
Ø±*oz*D!MÒ?x-Tm1~aTx/.Q,,,3,0,0,0,0
rIYL	G{(L*Ó¥kKjY&+d@y1PM,,,3,0,0,0,0
kD*R,,,3,0,0,0,0
wjmR%`i7+X_7UÞ.b!<,,,3,0,0,0,0
XDHDdL4aFbv!,,,3,0,0,0,0
6U8N\rWX&FlIÝÐ¡m)@,,,3,0,0,0,0
R*ZC%-4++XT%]C.N3h(+M0,,,3,0,0,0,0
eX%,,,3,0,0,0,0
Èfn,,,3,0,0,0,0
w10PUo,,,3,0,0,0,0
@	ba&O[ClF'WDiId,,,3,0,0,0,0
bqQ,,,3,0,0,0,0
W_L=UmÜjQhYÌdxFW*}&EÉ¤@Ñ´N]\6,,,3,0,0,0,0
R*Ò¿j.3,,,3,0,0,0,0
^È®o 1Q)Ú³,,,3,0,0,0,0
ñ³¦}Âª3T.,,,3,0,0,0,0
"""6{q$O",,,3,0,0,0,0
"iÂ·,dÛ]R~Ê¹UU8",,,3,0,0,0,0
(8cOulD7,,,3,0,0,0,0
"[SXFgJ{Í6>4;s,'nnn0QK3yÈ£",,,3,0,0,0,0
Ra:bm<0+;^% ZkdT8nv'z)?7GW,,,3,0,0,0,0
Ez]pIrNTTmHK>^ã»0QIj}8ÝiiAh;Rq i,,,3,0,0,0,0
"|o%wxÂ)Ù¬)m8npzQIEVu,|ì´Boo",,,3,0,0,0,0
]Ih7Â°Å£E-laF,,,3,0,0,0,0
aw1'e,,,3,0,0,0,0
Yl6=o:lÓK|Ø8M~v/tZ,,,3,0,0,0,0
;oKÚÇ9,,,3,0,0,0,0
/Å#!ES!!ee@;*kP@p,,,3,0,0,0,0
A\2GlM^Vtb(1!G	aRm$8&,,,3,0,0,0,0
5EWÝVÂ?ÃvIy,,,3,0,0,0,0
ä»,,,3,0,0,0,0
| qOAH?S:Q,,,3,0,0,0,0
Ó¡R*CR4Pq,,,3,0,0,0,0
zÒJ6Íb;,,,3,0,0,0,0
SREJÇ¿,,,3,0,0,0,0
?3}ow,,,3,0,0,0,0
&4r;\BiucH$å^D|/`?;14,,,3,0,0,0,0
"""{!m4Ou|+",,,3,0,0,0,0
"II'vOÆµ!S,#/CI",,,3,0,0,0,0
"V""ecma&}+M&a2.íÏ®ç¦¯[r5B<M1 ""2g>rEMLr;	R4v<C$[7zU@C7^!r,c",,,3,0,0,0,0
"g>rBM'^s8Ep""<mBy3F&k%B",,,3,0,0,0,0
^VH#ß?al={0RG#[X-$-;sJ,,,3,0,0,0,0
IM]o{Ë'95CDy;kmS<eR?LioO~p#,,,3,0,0,0,0
Ö´8#,,,3,0,0,0,0
_<\;[dä­È²BA1nIè¯q<^Hka,,,3,0,0,0,0
,,,3,0,0,0,0
:caKPU,,,3,0,0,0,0
B@,,,3,0,0,0,0
dcCLMÖ,,,3,0,0,0,0
dÆª8@,,,3,0,0,0,0
"C,9Ò·o'[9sT",,,3,0,0,0,0
x&cQ,,,3,0,0,0,0
5a×³Ù¬,,,3,0,0,0,0
05qg\_vc]zdCtm~-cC,,,3,0,0,0,0
W%L]Ò°ÑMaTÌ«,,,3,0,0,0,0
"æ¢w,1Ýqt	fVj|QfLY$B",,,3,0,0,0,0
f`g.JË¦\<,,,3,0,0,0,0
Dx$|00aN;cAO#\&d,,,3,0,0,0,0
NÕ3e%T0!|H#Ð,,,3,0,0,0,0
KACèµ¤g,,,3,0,0,0,0
?syXj,,,3,0,0,0,0
",",,,3,0,0,0,0
"""xSQÛ£.N\DT<%!Taq g?&b@$JR`H6C3$qY=, ÝÐ·z#R4=MaTPWo%",,,3,0,0,0,0
M^uT8#.NGÏ%,,,3,0,0,0,0
]xm:8Ý¬j!t-eVxqntt,,,3,0,0,0,0
O`!BWs:q,,,3,0,0,0,0
Q2Õiv:fËNt]^E)5!3N6Qjc6*~fpjx,,,3,0,0,0,0
p62,,,3,0,0,0,0
"9]9%;99,",,,3,0,0,0,0
],,,3,0,0,0,0
zu,,,3,0,0,0,0
giSFSqÊ2,,,3,0,0,0,0
"|-[9@UÏE,'J hhH4!VZ%p:VÅ²W?gr)|3SL",,,3,0,0,0,0
LÎ¸s.>4;I,,,3,0,0,0,0
[ETLSYZ]`v\!`8IrQ*\@p×¹\YZ9]s9ze×¹,,,3,0,0,0,0
"M,",,,3,0,0,0,0
Þ£^rtTYN8`.,,,3,0,0,0,0
Tn4ruÈ²N/wxR#GzY,,,3,0,0,0,0
"~(,",,,3,0,0,0,0
"~(Öb-9CJl\eMGrÉr].hy$*7kubV,oS'vtm.1ubM!b,Æ©/g2~b{c ",,,3,0,0,0,0
ï½CÝµ6+qZØ WqClc>NâU;fz Nak\LJB#:!,,,3,0,0,0,0
Ç,,,3,0,0,0,0
"VF""z}faR_mÊ¦IÄlÏ",,,3,0,0,0,0
wÔ(S,,,3,0,0,0,0
YRt&pb5h+,,,3,0,0,0,0
'Ò°CoeL{]gf]9c[æ¤·W;B~]%-7s,,,3,0,0,0,0
^N'ÐºT,,,3,0,0,0,0
ß½,,,3,0,0,0,0
";ÜxxYt23iS(O+,1	?Â¬S4T5(zG?)'2=l,D60&",,,3,0,0,0,0
+Jd,,,3,0,0,0,0
2:Yw#u]otm@aCo J6,,,3,0,0,0,0
wE0X(\|Ì6(`x,,,3,0,0,0,0
k,,,3,0,0,0,0
15ACYjeHqKå¶§4p4qviÕ®2vÎW<lgq1wx,,,3,0,0,0,0
c 1c,,,3,0,0,0,0
È¯z.[.8,,,3,0,0,0,0
;hwEKb6.,,,3,0,0,0,0
"+?=@KZ9ÅY[(B-i&ÄÒjJÓ¢,9?Dv-",,,3,0,0,0,0
Ub	Ç°Ù«4,,,3,0,0,0,0
|1Z+,,,3,0,0,0,0
\t5eYb,,,3,0,0,0,0
kDqN4'eX4,,,3,0,0,0,0
hu@M.dì»[,,,3,0,0,0,0
">p#Yjk}q,Ku",,,3,0,0,0,0
-b;,,,3,0,0,0,0
Ô,,,3,0,0,0,0
uZ/;#>Ý§er4WCW:v9	`T-/,,,3,0,0,0,0
V<9lxhÒµ|:]HkÒ¿ZY'S=:x$,,,3,0,0,0,0
Ä°&,,,3,0,0,0,0
"+j-*#~Ig"")Y=2ÝsÌ®O.&)YRÅ´o(~dWdE_g'HW0",,,3,0,0,0,0
Q:S`}t$p(5+`î+ZA\U'PWp/KN7[g?Ä=)ft^Ò,,,3,0,0,0,0
"6nvY37%O[dRi+i_X$[1u""^h$P=+v""oXY3+O&]WJhU",,,3,0,0,0,0
^E,,,3,0,0,0,0
"A)+I0Mg8×,#×·gpô:0rSZ0g%\PÓlP-;Ké¼¢x-.Im]",,,3,0,0,0,0
"wB=NmYÊq*beA4Wz#`;Éª>`]@&@	~,W",,,3,0,0,0,0
.|!2]BO,,,3,0,0,0,0
"ci!	O""#TVF`{o×q7I2Ý·iyyeÐºw.",,,3,0,0,0,0
>J1Ã,,,3,0,0,0,0
&U#È¡<Ï(uÎ9Car*D*&am`d$j5tUv8*9/P,,,3,0,0,0,0
D,,,3,0,0,0,0
!j&uGhuÓ³o!9/rP`4,,,3,0,0,0,0
},,,3,0,0,0,0
m,,,3,0,0,0,0
&ab-25=6|Id*WmÝ21i,,,3,0,0,0,0
"Ã¦4lÃ, |)",,,3,0,0,0,0
2?,,,3,0,0,0,0
v!tVMï,,,3,0,0,0,0
h5,,,3,0,0,0,0
h>LB]u{zumDU,,,3,0,0,0,0
%EX,,,3,0,0,0,0
u1-+ QC@IFVa+ÅIEO,,,3,0,0,0,0
dJ*AS5lA4pmÊ¨-AdbuuPz(jYV,,,3,0,0,0,0
E^<eL@y=,,,3,0,0,0,0
fhÓ<T,,,3,0,0,0,0
D5'Í¶`,,,3,0,0,0,0
iMp-4q5ui3qII8×gP$}9/}|zM&,,,3,0,0,0,0
[]wÞPBzMI|jZqdo4,,,3,0,0,0,0
"@B,O;Ô}JA*xWkZH9n",,,3,0,0,0,0
N+P77S8×O?qJÔ®FjRsvGvxGQL~,,,3,0,0,0,0
"È°4/1""",,,3,0,0,0,0
"@Æ¶MmGÚ1:B,rJV",,,3,0,0,0,0
gy.Km,,,3,0,0,0,0
-=I[Ypc6Ø1u62QS^yY,,,3,0,0,0,0
r77,,,3,0,0,0,0
jé¿¤;&g[TÈ£`jÞ·#î ^R!d%,,,3,0,0,0,0
7IlÑy$[tÇ±,,,3,0,0,0,0
rIk,,,3,0,0,0,0
Êo7<B'4Î³g,,,3,0,0,0,0
12\Ran\5-<,,,3,0,0,0,0
Ç1k+Ö]_SaÑ_o~Gw})U,,,3,0,0,0,0
"Ô5Q\x?t_<#;|a^M(	é¦§{D1äµ¡C^;!	(U-8×°Ú§ZÊ·M!2,",,,3,0,0,0,0
"vnP;Îuv%ó »µ&Gar5z,Ü",,,3,0,0,0,0
b't+iíÂO{\^}â·J3)0HåU>gg1!bI,,,3,0,0,0,0
)hT(h,,,3,0,0,0,0
"=ircÊ4,TV>'<K%/a",,,3,0,0,0,0
"V0CQÇ ,c)}%5 JsV:jY*RaÍ¼px0	= R%L5",,,3,0,0,0,0
}x:zREUA,,,3,0,0,0,0
"q^5Cq8-aJ""lH",,,3,0,0,0,0
5}<|Cx_#9Q]#vpVlÛªd&(VOÌl/zt1'r ASQTB\4,,,3,0,0,0,0
Y,,,3,0,0,0,0
8,,,3,0,0,0,0
Pef$,,,3,0,0,0,0
"~bZLDtWg&.,31",,,3,0,0,0,0
*:xEDzz,,,3,0,0,0,0
*< D	#)ï¼±,,,3,0,0,0,0
Pu8*,,,3,0,0,0,0
R[H?~K#@-	k+dmIiLJl>K,,,3,0,0,0,0
é½Ùw,,,3,0,0,0,0
Ela|0,,,3,0,0,0,0
>Q[tSb{KL,,,3,0,0,0,0
5NQTqÒz,,,3,0,0,0,0
S/Ù$0O:Qb,,,3,0,0,0,0
gH(AZÚ¦[n)B(#1TJ4~Å%&.U]_oQh,,,3,0,0,0,0
";;l]-e!2Y)?yh\e?eÓ¼,OUÚxB*ÆsP}br>aM|ËX",,,3,0,0,0,0
Kd,,,3,0,0,0,0
"9qk*7<#,b",,,3,0,0,0,0
@v_===î¯Í¯Ö³~.myqa?_}4sÂµD_/4^/@@fY|z|[ovDiÞ¹8l|;~d4,,,3,0,0,0,0
_q^Ú>;-Ò¢,,,3,0,0,0,0
k%;'KEIH_\>	OÅÔØS>!,,,3,0,0,0,0
"VÑG^F~""",,,3,0,0,0,0
'^,,,3,0,0,0,0
v\UQbF5Êr&;Ã¶}sc5'&|R[l4G+.-5PsÖ=Ú¹7a8,,,3,0,0,0,0
"(|,L}z<'RiÜ²{4+H;×¾}Ó 	d""[.",,,3,0,0,0,0
"Jm>6/<|^Â%kZÜ$G3&)/,7.-",,,3,0,0,0,0
p*gy@BbLh3NNÅ·=\gE,,,3,0,0,0,0
jzm>ye,,,3,0,0,0,0
kG	aB_cB=[gFzhf0	ZA~^hD,,,3,0,0,0,0
"(~>PAJ1a#sXHp@}o	[Qq(h""fE/^$2}5m`tfËÓ-&FÔ¬sDh:GlsD$:G,sDM#j",,,3,0,0,0,0
QSgAZw~@`qO$c[<ZZÞÚ Q.>v%Q;B:joÔT,,,3,0,0,0,0
Yd}Nu'{n5a6m`%F,,,3,0,0,0,0
EÖ&[qYJ8	6l~'[?EnMæ¥t	'pKß½É­!0s,,,3,0,0,0,0
,,,3,0,0,0,0
\)oÑ]`,,,3,0,0,0,0
",%|yD2tL?_'ÌG}×i.,""×^DAlNz81`A[+$81}Zg",,,3,0,0,0,0
{;5EÎ£((l+B{c+51Çµ@Æ¤{É±i0@V	j;O5;,,,3,0,0,0,0
iYE14;2332,,,3,0,0,0,0
"MB^-&XAI@1N%I,n4QC"",8nT&@X0M",,,3,0,0,0,0
"G,cnPZ$obò¨¯M",,,3,0,0,0,0
y!o0M,,,3,0,0,0,0
"G,cnPZ$o1=(""ynh$o7'oM@1NPUJ2VPK7",,,3,0,0,0,0
o11maÈaÈ,,,3,0,0,0,0
y!oP	XÜ 8H czP@E&,,,3,0,0,0,0
"""oKo&",,,3,0,0,0,0
yAqj	@M,,,3,0,0,0,0
=[x_zXc,,,3,0,0,0,0
[,,,3,0,0,0,0
dFIT@oK~;'\<K<'6Tc d(o'-sqa}U3qhR7oXc5Mæ½PÑ4*b`n,,,3,0,0,0,0
"IoH8nJ,Ñ",,,3,0,0,0,0
TVl:=+3&$%eMcWLA,,,3,0,0,0,0
J,,,3,0,0,0,0
t@^oj'.a.N%,,,3,0,0,0,0
QaR;)Ó</)Hvq,,,3,0,0,0,0
i)^tmAq.ZÔ®J6Q43Vv,,,3,0,0,0,0
È©a,,,3,0,0,0,0
"\CeUtV*tNM^,+Ys^	Â.\-""C",,,3,0,0,0,0
`E=H6lH#,,,3,0,0,0,0
f$z0`Syã¿./]U5Ñ¨-C,,,3,0,0,0,0
m	Yh,,,3,0,0,0,0
Ý¶8.Ð¬R_b}Pt5eD:ÍrWz?,,,3,0,0,0,0
"`""XLËJ5>Xxv|p&?nB`^D9+d",,,3,0,0,0,0
"/~w0dQ56AxEv,",,,3,0,0,0,0
"m-N_E;V^""JmeÍµ 5AØ®1ÆÏ­d>Y\._~E5rF?Õ¢Ö²x)?%TNM",,,3,0,0,0,0
CN'i7l09XT?D]d[Ñ»DYy]g,,,3,0,0,0,0
hcMNayÂª2T,,,3,0,0,0,0
"'""Vb>î¼°",,,3,0,0,0,0
|,,,3,0,0,0,0
"{E;+""Z:",,,3,0,0,0,0
Q]\Y(PnQ#0r,,,3,0,0,0,0
"/`#RG,LMaW;51D.5d<Kê¡Gx`Vv\#]KÜ£",,,3,0,0,0,0
yÞ¤I=tWr=cÐ­lj-zOKE_*TKs,,,3,0,0,0,0
JrC_Q,,,3,0,0,0,0
Ý(Ï PU]VLK,,,3,0,0,0,0
BØhOD{#t/+HS,,,3,0,0,0,0
L,,,3,0,0,0,0
Lm9Ou4×,,,3,0,0,0,0
X:O(Rccj{[=m(},,,3,0,0,0,0
J@@--ja,,,3,0,0,0,0
{'4\G=/kvy'hÎ¨5e+VwKPif3?6]p	\^<W~)a,,,3,0,0,0,0
)Rz,,,3,0,0,0,0
)T,,,3,0,0,0,0
)Ó/Ë­/2,,,3,0,0,0,0
\,,,3,0,0,0,0
"'AeIP)sTÆOJz[eE+*.2NFO8x^{=h%,-3m+Ø",,,3,0,0,0,0
H{,,,3,0,0,0,0
"xWßÃ¥tWKO""#XnbÂ¬f_TO1AFN:y?",,,3,0,0,0,0
7G>9]É¦W,,,3,0,0,0,0
X]l×&%JN=dW}'iv,,,3,0,0,0,0
"KH\,{O",,,3,0,0,0,0
2GÇFNF2LJ,,,3,0,0,0,0
QJ#ÒD]~D(J2t@NI%),,,3,0,0,0,0
"}d#mÙKxGF,Ç¿vmKx",,,3,0,0,0,0
H']FNU&CtDPFTR]^U<GH^V2tM*j&*,,,3,0,0,0,0
[`qL{_3Øn&,,,3,0,0,0,0
Üá2<s,,,3,0,0,0,0
#,,,3,0,0,0,0
v,,,3,0,0,0,0
h'WJ:l).A}rj,,,3,0,0,0,0
q)~[?>Qce<,,,3,0,0,0,0
W6Zj)Î¯C[i~7R,,,3,0,0,0,0
Õ¼O>Ol2,,,3,0,0,0,0
d:4,,,3,0,0,0,0
"""!.!^=\ÜB2vé¡x8Y	e6]u",,,3,0,0,0,0
